{"type":"FeatureCollection","features":[{"type":"Feature","properties":{"CO_CEP":211,"NM_CEP":"Vachon"},"geometry":{"type":"MultiPolygon","coordinates":[[[[-73.377,45.5277],[-73.3942,45.5096],[-73.381,45.4991],[-73.3786,45.4989],[-73.3771,45.4973],[-73.372,45.5078],[-73.3386,45.4821],[-73.3462,45.467],[-73.363,45.4451],[-73.3677,45.4483],[-73.3694,45.447],[-73.3683,45.4462],[-73.3756,45.4423],[-73.3728,45.438],[-73.379,45.4377],[-73.3775,45.4366],[-73.3791,45.4355],[-73.3775,45.4344],[-73.3799,45.4326],[-73.4528,45.4811],[-73.4358,45.4913],[-73.4617,45.5058],[-73.4426,45.5075],[-73.4429,45.5089],[-73.4377,45.5142],[-73.431,45.5278],[-73.4392,45.5329],[-73.4382,45.5365],[-73.4241,45.5487],[-73.4196,45.5453],[-73.4113,45.5511],[-73.4107,45.553],[-73.377,45.5277]]]]}},{"type":"Feature","properties":{"CO_CEP":797,"NM_CEP":"Bellechasse"},"geometry":{"type":"MultiPolygon","coordinates":[[[[-70.7525,46.8851],[-70.7591,46.881],[-70.7542,46.8776],[-70.7557,46.8766],[-70.7542,46.8755],[-70.7597,46.874],[-70.756,46.8682],[-70.7651,46.8618],[-70.7664,46.8627],[-70.7675,46.8618],[-70.7623,46.8581],[-70.7633,46.8574],[-70.7679,46.8606],[-70.7693,46.8596],[-70.7666,46.8578],[-70.7712,46.8553],[-70.7455,46.8377],[-70.747,46.8368],[-70.7248,46.8217],[-70.7256,46.8212],[-70.7037,46.8064],[-70.6961,46.8128],[-70.6907,46.8198],[-70.6849,46.8343],[-70.6783,46.8354],[-70.63,46.8021],[-70.5792,46.8368],[-70.517,46.7946],[-70.518,46.7939],[-70.496,46.7789],[-70.4978,46.7777],[-70.4751,46.7625],[-70.4829,46.7575],[-70.4937,46.7551],[-70.4941,46.7564],[-70.5032,46.7513],[-70.4952,46.7458],[-70.4967,46.7444],[-70.49,46.7398],[-70.4938,46.7371],[-70.4911,46.7324],[-70.4854,46.7322],[-70.4804,46.7301],[-70.4801,46.7253],[-70.4814,46.7233],[-70.48,46.7204],[-70.4776,46.7189],[-70.4449,46.7415],[-70.3244,46.658],[-70.2972,46.6764],[-70.2539,46.6446],[-70.1627,46.5815],[-70.189,46.5633],[-70.0468,46.4627],[-70.0572,46.4149],[-70.0642,46.4141],[-70.0669,46.4121],[-70.0764,46.4095],[-70.0813,46.4107],[-70.087,46.4092],[-70.0891,46.4109],[-70.092,46.4094],[-70.0969,46.4095],[-70.0945,46.4083],[-70.0968,46.407],[-70.0952,46.4064],[-70.1009,46.4052],[-70.0978,46.4043],[-70.1004,46.4031],[-70.0988,46.4011],[-70.1009,46.4012],[-70.1016,46.3971],[-70.1046,46.3937],[-70.1075,46.3926],[-70.1068,46.3905],[-70.1087,46.3914],[-70.1099,46.3903],[-70.1078,46.389],[-70.1078,46.3877],[-70.1099,46.3889],[-70.1102,46.3874],[-70.1123,46.3881],[-70.1107,46.3861],[-70.1142,46.3852],[-70.115,46.388],[-70.1166,46.3882],[-70.1162,46.3859],[-70.127,46.3804],[-70.1281,46.3789],[-70.127,46.3708],[-70.1337,46.3689],[-70.1364,46.3699],[-70.1386,46.3663],[-70.1414,46.3648],[-70.1403,46.3637],[-70.1411,46.3625],[-70.1449,46.3621],[-70.1481,46.359],[-70.1564,46.3614],[-70.1586,46.3593],[-70.1617,46.3611],[-70.1666,46.3574],[-70.1729,46.3592],[-70.1772,46.3556],[-70.1805,46.3546],[-70.1817,46.3522],[-70.1879,46.35],[-70.1912,46.3502],[-70.1922,46.3492],[-70.1912,46.3479],[-70.1957,46.3433],[-70.1957,46.3408],[-70.2089,46.3295],[-70.206,46.3248],[-70.2073,46.3196],[-70.203,46.3144],[-70.2061,46.3099],[-70.2065,46.3063],[-70.2053,46.3028],[-70.2067,46.3012],[-70.2056,46.3002],[-70.2103,46.2982],[-70.2124,46.2986],[-70.2152,46.2948],[-70.2169,46.2954],[-70.2169,46.2942],[-70.2316,46.291],[-70.2325,46.2847],[-70.2355,46.2815],[-70.2399,46.2792],[-70.2394,46.2757],[-70.2407,46.2749],[-70.2407,46.273],[-70.2433,46.2731],[-70.243,46.2718],[-70.2486,46.2671],[-70.2501,46.2614],[-70.2525,46.26],[-70.253,46.2552],[-70.2547,46.2542],[-70.2515,46.2519],[-70.2509,46.2491],[-70.2554,46.2461],[-70.2541,46.2457],[-70.2594,46.2385],[-70.258,46.2379],[-70.2604,46.2302],[-70.2635,46.229],[-70.2673,46.225],[-70.2658,46.2238],[-70.2663,46.2226],[-70.2864,46.2366],[-70.3398,46.2179],[-70.3478,46.2286],[-70.3722,46.2124],[-70.41,46.2403],[-70.4091,46.241],[-70.422,46.2503],[-70.4207,46.2513],[-70.4262,46.2524],[-70.4364,46.2513],[-70.4391,46.2496],[-70.4438,46.2513],[-70.4491,46.2506],[-70.4409,46.256],[-70.4674,46.2753],[-70.4914,46.2595],[-70.4938,46.26],[-70.4992,46.2573],[-70.5078,46.2569],[-70.5114,46.2547],[-70.5156,46.256],[-70.5124,46.2556],[-70.5108,46.2569],[-70.5167,46.261],[-70.5173,46.2636],[-70.5133,46.2628],[-70.5135,46.264],[-70.5111,46.2652],[-70.513,46.2683],[-70.5124,46.2699],[-70.5097,46.2726],[-70.5055,46.2726],[-70.5165,46.2802],[-70.5138,46.282],[-70.5405,46.3012],[-70.512,46.3205],[-70.5348,46.3369],[-70.5375,46.3352],[-70.622,46.3938],[-70.6425,46.4091],[-70.6414,46.4098],[-70.6625,46.4246],[-70.6888,46.4073],[-70.7235,46.4347],[-70.7078,46.4454],[-70.7098,46.447],[-70.6958,46.4563],[-70.7434,46.4937],[-70.7545,46.4859],[-70.7651,46.4941],[-70.7683,46.4919],[-70.8142,46.5284],[-70.8362,46.5137],[-70.8633,46.5397],[-70.875,46.5349],[-70.9052,46.5629],[-70.9094,46.5613],[-70.9232,46.5778],[-70.9374,46.5774],[-70.9484,46.5819],[-70.9504,46.583],[-70.9509,46.5865],[-70.9609,46.5938],[-70.9819,46.5854],[-70.9842,46.5875],[-70.9961,46.5851],[-70.9959,46.5859],[-71.0192,46.5868],[-71.0189,46.5892],[-71.0422,46.5903],[-71.0393,46.6085],[-71.0608,46.6127],[-71.0599,46.6148],[-71.0544,46.6137],[-71.0533,46.6164],[-71.0472,46.6208],[-71.0505,46.6214],[-71.0531,46.6239],[-71.0591,46.6233],[-71.0692,46.6255],[-71.0741,46.6288],[-71.0763,46.6284],[-71.0802,46.6303],[-71.0827,46.632],[-71.0838,46.636],[-71.0881,46.6391],[-71.0878,46.6407],[-71.0844,46.6429],[-71.093,46.6485],[-71.119,46.6304],[-71.1516,46.6529],[-71.1279,46.6692],[-71.1278,46.682],[-71.1367,46.6818],[-71.1342,46.688],[-71.1356,46.6934],[-71.1382,46.6944],[-71.1377,46.6957],[-71.133,46.6959],[-71.1328,46.7079],[-71.1394,46.7032],[-71.1408,46.7079],[-71.1243,46.7195],[-71.1323,46.7236],[-71.1388,46.7332],[-71.1435,46.7364],[-71.1492,46.7382],[-71.1527,46.7428],[-71.1565,46.7405],[-71.1609,46.7434],[-71.1696,46.74],[-71.1785,46.7431],[-71.1838,46.7427],[-71.1901,46.7443],[-71.1811,46.7533],[-71.1844,46.7556],[-71.1667,46.7782],[-71.1285,46.8018],[-71.0921,46.8145],[-71.0638,46.8128],[-71.0463,46.816],[-71.0679,46.8312],[-71.0478,46.8339],[-71.0375,46.833],[-71.0323,46.8346],[-71.0138,46.8332],[-71.0093,46.8314],[-70.9909,46.8345],[-70.949,46.8565],[-70.9466,46.8609],[-70.9337,46.8713],[-70.9245,46.8749],[-70.9095,46.8766],[-70.894,46.8855],[-70.8834,46.8901],[-70.878,46.8897],[-70.8733,46.8924],[-70.8685,46.8923],[-70.8648,46.8889],[-70.8593,46.8887],[-70.8583,46.8855],[-70.8446,46.8846],[-70.8366,46.8873],[-70.8267,46.8975],[-70.8201,46.8992],[-70.8117,46.9058],[-70.8087,46.9102],[-70.8019,46.9119],[-70.7974,46.9149],[-70.7931,46.9137],[-70.7867,46.907],[-70.7822,46.9063],[-70.7525,46.8851]]],[[[-70.7802,46.9054],[-70.7817,46.9063],[-70.7786,46.9059],[-70.7802,46.9054]]]]}},{"type":"Feature","properties":{"CO_CEP":817,"NM_CEP":"René-Lévesque"},"geometry":{"type":"MultiPolygon","coordinates":[[[[-67.9169,51.4502],[-67.8596,51.4503],[-67.8598,51.4465],[-67.8714,51.4417],[-67.8756,51.4341],[-67.8759,51.4298],[-67.8735,51.4199],[-67.8717,51.4173],[-67.8639,51.414],[-67.8541,51.4036],[-67.8554,51.3972],[-67.8525,51.3897],[-67.8669,51.3801],[-67.8741,51.3705],[-67.8744,51.3665],[-67.8711,51.3592],[-67.8738,51.3505],[-67.8792,51.3471],[-67.8878,51.3446],[-67.8915,51.3419],[-67.8916,51.3398],[-67.8854,51.3342],[-67.8943,51.331],[-67.8964,51.3274],[-67.901,51.3251],[-67.9025,51.3223],[-67.9139,51.3197],[-67.9142,51.3175],[-67.911,51.3101],[-67.9177,51.3043],[-67.9193,51.2999],[-67.9161,51.2975],[-67.9064,51.2966],[-67.9045,51.2949],[-67.8913,51.2912],[-67.8909,51.2892],[-67.889,51.2878],[-67.8924,51.2865],[-67.8925,51.2853],[-67.8868,51.2839],[-67.884,51.2819],[-67.8814,51.2822],[-67.8806,51.2838],[-67.8823,51.284],[-67.8807,51.2858],[-67.8781,51.2858],[-67.8739,51.2884],[-67.8717,51.2886],[-67.8692,51.2869],[-67.8651,51.2773],[-67.8528,51.2684],[-67.8529,51.2649],[-67.8482,51.2605],[-67.8483,51.2576],[-67.846,51.2549],[-67.8422,51.2534],[-67.8436,51.2514],[-67.8403,51.2506],[-67.841,51.2482],[-67.8368,51.2453],[-67.8319,51.2389],[-67.8328,51.2363],[-67.8318,51.2351],[-67.8329,51.235],[-67.8305,51.2331],[-67.8321,51.231],[-67.8302,51.2247],[-67.8324,51.2227],[-67.8316,51.2184],[-67.8337,51.2138],[-67.8367,51.2101],[-67.8465,51.2075],[-67.8543,51.2032],[-67.8551,51.2018],[-67.8529,51.2016],[-67.8523,51.2027],[-67.8496,51.2003],[-67.8516,51.1995],[-67.8529,51.1956],[-67.8571,51.1955],[-67.8579,51.1929],[-67.8565,51.1913],[-67.8565,51.1928],[-67.8539,51.1937],[-67.8498,51.194],[-67.8466,51.1925],[-67.8475,51.1901],[-67.8432,51.1807],[-67.8351,51.1707],[-67.8248,51.155],[-67.816,51.1476],[-67.8093,51.1438],[-67.8003,51.1355],[-67.7931,51.1303],[-67.7879,51.1286],[-67.787,51.1246],[-67.7739,51.124],[-67.7657,51.1193],[-67.7603,51.1184],[-67.7566,51.1148],[-67.7573,51.1122],[-67.7456,51.108],[-67.7417,51.1051],[-67.739,51.0999],[-67.7345,51.0967],[-67.7224,51.0957],[-67.7233,51.0981],[-67.7196,51.1001],[-67.7157,51.096],[-67.7128,51.0952],[-67.7128,51.0899],[-67.7097,51.0872],[-67.7091,51.0822],[-67.7061,51.0787],[-67.7066,51.0766],[-67.7025,51.0731],[-67.7013,51.0659],[-67.6984,51.0627],[-67.6991,51.0607],[-67.6963,51.057],[-67.6939,51.0481],[-67.6795,51.0421],[-67.6794,51.0396],[-67.6764,51.039],[-67.6769,51.0366],[-67.6708,51.0332],[-67.6715,51.0297],[-67.6679,51.0308],[-67.6663,51.03],[-67.6665,51.0245],[-67.6637,51.0252],[-67.6607,51.0235],[-67.6623,51.0207],[-67.6527,51.0152],[-67.6512,51.0157],[-67.6524,51.014],[-67.6498,51.0102],[-67.6461,51.0111],[-67.6447,51.0084],[-67.6465,51.004],[-67.653,50.9985],[-67.6541,50.9966],[-67.6535,50.995],[-67.6554,50.9927],[-67.6615,50.9889],[-67.6665,50.9892],[-67.6655,50.9859],[-67.6668,50.9863],[-67.6683,50.9836],[-67.6734,50.9811],[-67.6846,50.9708],[-67.685,50.969],[-67.6927,50.9669],[-67.6933,50.96],[-67.6912,50.9521],[-67.6917,50.9505],[-67.6937,50.9502],[-67.693,50.9435],[-67.6972,50.9353],[-67.6934,50.9332],[-67.6943,50.9331],[-67.6934,50.932],[-67.6947,50.9242],[-67.693,50.9208],[-67.6953,50.9177],[-67.6939,50.9139],[-67.6972,50.9114],[-67.6932,50.9096],[-67.6953,50.9097],[-67.6971,50.9073],[-67.7006,50.9085],[-67.7013,50.9108],[-67.7025,50.9072],[-67.7001,50.906],[-67.7033,50.9044],[-67.7074,50.9052],[-67.7117,50.9098],[-67.7066,50.9144],[-67.7131,50.9167],[-67.7169,50.9217],[-67.7218,50.9214],[-67.722,50.9285],[-67.7274,50.9282],[-67.7329,50.9262],[-67.7344,50.9251],[-67.7335,50.9238],[-67.7357,50.9243],[-67.7356,50.9225],[-67.737,50.9229],[-67.7384,50.9188],[-67.7333,50.9149],[-67.733,50.9119],[-67.7318,50.911],[-67.732,50.9075],[-67.7276,50.9032],[-67.7229,50.9013],[-67.7124,50.9009],[-67.7091,50.8996],[-67.7062,50.8966],[-67.7064,50.894],[-67.712,50.8883],[-67.7182,50.8848],[-67.7269,50.8738],[-67.7311,50.859],[-67.7309,50.8543],[-67.7338,50.8512],[-67.7344,50.848],[-67.7412,50.8431],[-67.7449,50.8382],[-67.7466,50.8302],[-67.7467,50.8136],[-67.7442,50.8093],[-67.7454,50.801],[-67.7389,50.7968],[-67.7395,50.7886],[-67.7378,50.7852],[-67.7336,50.7841],[-67.7359,50.7821],[-67.7333,50.7767],[-67.7296,50.7727],[-67.7294,50.765],[-67.7273,50.7636],[-67.7242,50.7664],[-67.7253,50.763],[-67.7191,50.7624],[-67.7209,50.7624],[-67.7203,50.7589],[-67.7236,50.7519],[-67.7234,50.7499],[-67.7214,50.7507],[-67.7228,50.7498],[-67.7226,50.7454],[-67.7214,50.7448],[-67.7226,50.7447],[-67.7227,50.7426],[-67.7213,50.7431],[-67.7206,50.7419],[-67.7222,50.7423],[-67.7255,50.7389],[-67.7246,50.7382],[-67.7263,50.7385],[-67.7306,50.7356],[-67.7339,50.7358],[-67.7354,50.7334],[-67.7465,50.7323],[-67.7512,50.7267],[-67.7609,50.7223],[-67.7616,50.7203],[-67.764,50.7192],[-67.7642,50.7164],[-67.7684,50.7139],[-67.7698,50.7115],[-67.7693,50.7097],[-67.7737,50.7066],[-67.7687,50.7076],[-67.7653,50.7068],[-67.7624,50.7107],[-67.7615,50.7083],[-67.7601,50.7078],[-67.7621,50.7065],[-67.761,50.7033],[-67.7639,50.7004],[-67.7606,50.701],[-67.7588,50.6992],[-67.7576,50.7039],[-67.7523,50.7035],[-67.7535,50.7019],[-67.7559,50.7021],[-67.7563,50.7005],[-67.7592,50.6984],[-67.7646,50.6982],[-67.7629,50.6948],[-67.7656,50.6921],[-67.7674,50.6872],[-67.7687,50.6764],[-67.7678,50.6735],[-67.7595,50.6699],[-67.7611,50.6693],[-67.758,50.6656],[-67.7568,50.6591],[-67.7534,50.654],[-67.7543,50.6501],[-67.7527,50.6446],[-67.7545,50.6408],[-67.7527,50.6397],[-67.7573,50.6393],[-67.7569,50.6351],[-67.754,50.634],[-67.7537,50.6349],[-67.7493,50.6311],[-67.7497,50.6302],[-67.7484,50.6301],[-67.7488,50.6293],[-67.7467,50.6291],[-67.7485,50.6276],[-67.7482,50.6235],[-67.747,50.6222],[-67.7513,50.6188],[-67.7501,50.6178],[-67.7511,50.6173],[-67.7497,50.6169],[-67.7523,50.6141],[-67.7518,50.6122],[-67.7539,50.6084],[-67.7478,50.6106],[-67.7481,50.6129],[-67.7454,50.6158],[-67.7427,50.6164],[-67.7404,50.6152],[-67.7413,50.6179],[-67.739,50.6168],[-67.7393,50.6144],[-67.7381,50.6147],[-67.7392,50.6142],[-67.7409,50.6142],[-67.7426,50.6155],[-67.746,50.6125],[-67.7425,50.611],[-67.7433,50.6096],[-67.7503,50.6076],[-67.7448,50.6079],[-67.7412,50.6067],[-67.7509,50.6064],[-67.755,50.6009],[-67.748,50.6017],[-67.7442,50.5987],[-67.7418,50.5939],[-67.7405,50.5946],[-67.7402,50.5927],[-67.7416,50.5928],[-67.7446,50.5986],[-67.749,50.601],[-67.7566,50.5984],[-67.756,50.5976],[-67.7581,50.5962],[-67.7573,50.5949],[-67.7577,50.5937],[-67.7558,50.5925],[-67.7572,50.5916],[-67.7588,50.5917],[-67.7583,50.5905],[-67.7593,50.5915],[-67.7568,50.5929],[-67.7595,50.5943],[-67.76,50.5974],[-67.7653,50.5944],[-67.7696,50.5937],[-67.7704,50.5929],[-67.7684,50.5922],[-67.7685,50.5901],[-67.7769,50.5859],[-67.7846,50.5793],[-67.8068,50.5693],[-67.8066,50.5666],[-67.8121,50.5621],[-67.8128,50.5575],[-67.8189,50.5568],[-67.8233,50.5592],[-67.8271,50.5545],[-67.8268,50.5508],[-67.8211,50.5463],[-67.8206,50.5421],[-67.8098,50.5423],[-67.8203,50.5412],[-67.82,50.5386],[-67.8211,50.5378],[-67.8178,50.5363],[-67.8175,50.5332],[-67.8153,50.5336],[-67.8111,50.5312],[-67.8115,50.5281],[-67.8099,50.5274],[-67.8104,50.5261],[-67.812,50.5278],[-67.8122,50.5305],[-67.8143,50.5319],[-67.8175,50.5319],[-67.819,50.527],[-67.8247,50.519],[-67.8248,50.5158],[-67.8269,50.5117],[-67.83,50.5103],[-67.8323,50.5022],[-67.8308,50.5019],[-67.8307,50.5003],[-67.8326,50.4985],[-67.8343,50.4913],[-67.8378,50.489],[-67.8374,50.4879],[-67.8354,50.4881],[-67.8355,50.4867],[-67.8372,50.4873],[-67.8377,50.4863],[-67.8359,50.485],[-67.836,50.4835],[-67.8348,50.4865],[-67.8325,50.4857],[-67.832,50.4834],[-67.8346,50.4809],[-67.8337,50.4796],[-67.8349,50.4789],[-67.8341,50.478],[-67.8354,50.4769],[-67.8352,50.4743],[-67.8369,50.4744],[-67.8394,50.4719],[-67.8347,50.4729],[-67.8342,50.4749],[-67.8322,50.476],[-67.8327,50.4778],[-67.831,50.4773],[-67.8197,50.4823],[-67.8177,50.4844],[-67.8151,50.4843],[-67.8158,50.4858],[-67.8146,50.4868],[-67.8154,50.4858],[-67.8134,50.4824],[-67.8143,50.4829],[-67.8143,50.4814],[-67.818,50.4803],[-67.8252,50.4795],[-67.8362,50.4693],[-67.8376,50.4705],[-67.839,50.4682],[-67.8387,50.464],[-67.8422,50.4615],[-67.8432,50.4558],[-67.8406,50.4511],[-67.8408,50.4491],[-67.8389,50.4494],[-67.84,50.4509],[-67.8376,50.4507],[-67.8386,50.4516],[-67.8355,50.4535],[-67.8382,50.4514],[-67.8361,50.4507],[-67.8343,50.4491],[-67.8364,50.4506],[-67.8385,50.4503],[-67.8374,50.4494],[-67.8416,50.4459],[-67.8361,50.4445],[-67.8397,50.445],[-67.8344,50.4423],[-67.8341,50.4388],[-67.8358,50.4387],[-67.8389,50.4417],[-67.8414,50.4409],[-67.8429,50.4442],[-67.8432,50.44],[-67.8457,50.4428],[-67.8494,50.4402],[-67.8561,50.4304],[-67.8563,50.4285],[-67.8544,50.428],[-67.8578,50.4273],[-67.8603,50.4221],[-67.8561,50.4229],[-67.8611,50.4213],[-67.8629,50.4178],[-67.8615,50.418],[-67.8603,50.4174],[-67.8642,50.417],[-67.8685,50.4126],[-67.8688,50.411],[-67.8677,50.4114],[-67.8641,50.4103],[-67.8694,50.4102],[-67.8801,50.3995],[-67.8818,50.3951],[-67.8749,50.3977],[-67.8777,50.3942],[-67.8818,50.3927],[-67.8847,50.3937],[-67.8844,50.3908],[-67.889,50.3877],[-67.8928,50.3771],[-67.8887,50.3713],[-67.8837,50.3706],[-67.8875,50.3696],[-67.8827,50.3644],[-67.8799,50.3644],[-67.8788,50.3633],[-67.8776,50.3656],[-67.878,50.3642],[-67.8758,50.3618],[-67.8758,50.3595],[-67.8738,50.3588],[-67.8745,50.3603],[-67.873,50.3609],[-67.8707,50.3582],[-67.8708,50.3431],[-67.8674,50.3368],[-67.8651,50.3394],[-67.8679,50.3414],[-67.8675,50.3429],[-67.8654,50.3428],[-67.8639,50.338],[-67.8652,50.334],[-67.8703,50.3321],[-67.8669,50.3287],[-67.8675,50.3268],[-67.8656,50.3262],[-67.8665,50.3233],[-67.7063,50.3232],[-67.6486,50.1681],[-67.6037,50.0412],[-67.7161,49.9754],[-67.7161,49.941],[-67.7346,49.8777],[-67.6656,49.8984],[-67.6497,49.8965],[-67.6464,49.8938],[-67.6243,49.8912],[-67.6249,49.8876],[-67.5932,49.8839],[-67.5879,49.882],[-67.5871,49.8725],[-67.5687,49.8555],[-67.5596,49.8544],[-67.5555,49.8506],[-67.549,49.8543],[-67.5292,49.85],[-67.5308,49.8415],[-67.5188,49.8334],[-67.5086,49.8072],[-67.5126,49.8006],[-67.5211,49.7938],[-67.5329,49.7918],[-67.5417,49.7951],[-67.5508,49.7906],[-67.5518,49.7891],[-67.5493,49.7779],[-67.5469,49.7749],[-67.5504,49.7642],[-67.558,49.7621],[-67.5663,49.7474],[-67.5643,49.7457],[-67.5646,49.7399],[-67.5679,49.7357],[-67.5757,49.7368],[-67.5752,49.7356],[-67.5827,49.726],[-67.5781,49.7213],[-67.5811,49.7139],[-67.6018,49.7086],[-67.6029,49.701],[-67.6065,49.6977],[-67.6035,49.6948],[-67.603,49.6896],[-67.6045,49.685],[-67.6036,49.6774],[-67.599,49.6734],[-67.5984,49.6714],[-67.5926,49.6732],[-67.5919,49.646],[-67.5892,49.6445],[-67.5881,49.6354],[-67.5908,49.6262],[-67.5874,49.6213],[-67.5839,49.6204],[-67.5829,49.6186],[-67.5858,49.6087],[-67.589,49.6072],[-67.5922,49.5998],[-67.5903,49.5927],[-67.5866,49.5899],[-67.5861,49.5862],[-67.4993,49.5873],[-67.2339,49.5866],[-67.234,49.5746],[-67.237,49.5654],[-67.2356,49.5579],[-67.2355,49.5435],[-67.233,49.5385],[-67.2334,49.5292],[-67.2306,49.5161],[-67.2326,49.4926],[-67.2314,49.4808],[-67.2315,49.4777],[-67.2351,49.4744],[-67.2356,49.4675],[-67.2387,49.4642],[-67.2387,49.4613],[-67.2423,49.4563],[-67.2541,49.4514],[-67.2584,49.4483],[-67.2595,49.4452],[-67.2644,49.4431],[-67.2646,49.4402],[-67.2715,49.4369],[-67.2738,49.4325],[-67.2778,49.4292],[-67.2788,49.4226],[-67.2904,49.4237],[-67.2964,49.4231],[-67.302,49.4185],[-67.3071,49.4032],[-67.3054,49.3926],[-67.3071,49.3889],[-67.3176,49.3843],[-67.3185,49.3813],[-67.324,49.3749],[-67.3293,49.3732],[-67.3383,49.3597],[-67.3389,49.356],[-67.342,49.3529],[-67.3483,49.3496],[-67.3562,49.3424],[-67.3569,49.3367],[-67.3629,49.335],[-67.3652,49.3277],[-67.3753,49.3214],[-67.3789,49.3176],[-67.3887,49.3194],[-67.3972,49.3178],[-67.4028,49.3181],[-67.4077,49.3197],[-67.4077,49.3241],[-67.4129,49.3255],[-67.4227,49.3202],[-67.4439,49.3203],[-67.4579,49.3228],[-67.4672,49.3215],[-67.4773,49.322],[-67.498,49.3247],[-67.5096,49.3249],[-67.5144,49.3228],[-67.5358,49.3231],[-67.5461,49.3246],[-67.5558,49.3226],[-67.5723,49.322],[-67.579,49.3224],[-67.5835,49.325],[-67.5891,49.3256],[-67.5945,49.322],[-67.6007,49.3118],[-67.6052,49.3097],[-67.6182,49.3154],[-67.6283,49.317],[-67.6314,49.3201],[-67.6361,49.3198],[-67.6374,49.3167],[-67.633,49.3145],[-67.6183,49.3129],[-67.6133,49.3112],[-67.6139,49.3097],[-67.6197,49.3099],[-67.6371,49.3138],[-67.6478,49.3135],[-67.6564,49.3057],[-67.6667,49.3008],[-67.6743,49.301],[-67.6881,49.3058],[-67.6961,49.3061],[-67.709,49.3103],[-67.7143,49.3098],[-67.7176,49.3065],[-67.7258,49.3041],[-67.7412,49.3031],[-67.7464,49.304],[-67.7579,49.3029],[-67.7723,49.3072],[-67.7711,49.3011],[-67.7719,49.2982],[-67.7997,49.2738],[-67.8049,49.2709],[-67.8159,49.2711],[-67.8215,49.2696],[-67.8426,49.2762],[-67.8546,49.2813],[-67.8943,49.291],[-67.9169,49.2916],[-67.9331,49.2871],[-67.9366,49.2837],[-67.9412,49.2837],[-67.9469,49.2867],[-67.9521,49.2856],[-67.9546,49.2826],[-67.9543,49.2789],[-67.9708,49.2813],[-67.9876,49.2809],[-68.0,49.2822],[-68.0276,49.2798],[-68.0422,49.2865],[-68.0499,49.2948],[-68.0496,49.2885],[-68.0463,49.2853],[-68.0471,49.2809],[-68.0528,49.2828],[-68.051,49.2752],[-68.0518,49.2723],[-68.058,49.2688],[-68.0626,49.2683],[-68.0768,49.2543],[-68.0838,49.2528],[-68.0901,49.255],[-68.0981,49.2616],[-68.1225,49.2695],[-68.1283,49.2709],[-68.1329,49.2679],[-68.1296,49.2628],[-68.1323,49.2596],[-68.1329,49.2535],[-68.1363,49.2483],[-68.1324,49.2451],[-68.134,49.2333],[-68.1326,49.2301],[-68.1426,49.2266],[-68.1419,49.2218],[-68.139,49.2158],[-68.144,49.2043],[-68.1495,49.2013],[-68.154,49.2006],[-68.1658,49.1997],[-68.1794,49.2007],[-68.1859,49.1992],[-68.1895,49.1588],[-68.1817,49.1525],[-68.178,49.1413],[-68.1773,49.1321],[-68.1801,49.1154],[-68.1895,49.0995],[-68.215,49.0977],[-68.2303,49.0897],[-68.2529,49.0908],[-68.2829,49.0902],[-68.3034,49.094],[-68.3138,49.0923],[-68.3265,49.0883],[-68.3439,49.0807],[-68.364,49.0664],[-68.3671,49.0622],[-68.3994,49.0454],[-68.4272,49.0416],[-68.4536,49.0416],[-68.4598,49.0422],[-68.4648,49.0443],[-68.4667,49.0482],[-68.4619,49.0501],[-68.4564,49.0486],[-68.4547,49.052],[-68.4493,49.0538],[-68.44,49.0598],[-68.438,49.0642],[-68.4223,49.0713],[-68.4135,49.0767],[-68.4088,49.0777],[-68.4056,49.081],[-68.4047,49.0847],[-68.3947,49.0915],[-68.3901,49.1053],[-68.3902,49.1092],[-68.381,49.1162],[-68.3803,49.1214],[-68.3781,49.1249],[-68.3724,49.1295],[-68.3715,49.137],[-68.3767,49.1367],[-68.3814,49.1353],[-68.385,49.132],[-68.3839,49.129],[-68.3858,49.1259],[-68.386,49.1227],[-68.3947,49.1157],[-68.3969,49.112],[-68.3975,49.1059],[-68.4009,49.1023],[-68.4184,49.0865],[-68.4325,49.0788],[-68.4873,49.0689],[-68.4994,49.0703],[-68.5132,49.0701],[-68.5253,49.0735],[-68.529,49.0697],[-68.5338,49.0696],[-68.5382,49.0661],[-68.5433,49.0654],[-68.5461,49.0621],[-68.5461,49.059],[-68.5511,49.0574],[-68.5557,49.059],[-68.5586,49.062],[-68.5787,49.0595],[-68.5791,49.0564],[-68.5829,49.0604],[-68.5868,49.052],[-68.5869,49.0488],[-68.5925,49.0466],[-68.5975,49.048],[-68.597,49.0447],[-68.6021,49.0438],[-68.6038,49.0403],[-68.6024,49.0372],[-68.6052,49.0341],[-68.6101,49.032],[-68.613,49.0285],[-68.618,49.0269],[-68.6193,49.024],[-68.6273,49.016],[-68.6172,49.0117],[-68.6145,49.0079],[-68.6244,49.0112],[-68.6233,49.0079],[-68.6277,49.0049],[-68.6357,49.0048],[-68.6359,49.0013],[-68.6334,48.9932],[-68.6396,48.9723],[-68.6363,48.9607],[-68.6337,48.9433],[-68.6343,48.9403],[-68.6379,48.9358],[-68.6419,48.9321],[-68.6429,48.9353],[-68.64,48.9386],[-68.645,48.9405],[-68.6583,48.9347],[-68.663,48.9307],[-68.6783,48.9314],[-68.6848,48.9331],[-68.6865,48.9405],[-68.6902,48.9439],[-68.7015,48.9448],[-68.7073,48.9443],[-68.7103,48.9421],[-68.6965,48.9397],[-68.6865,48.925],[-68.6801,48.9184],[-68.6761,48.9155],[-68.6609,48.9121],[-68.6509,48.9111],[-68.6317,48.9127],[-68.6272,48.9205],[-68.6225,48.9248],[-68.6197,48.9216],[-68.6195,48.9184],[-68.6357,48.9011],[-68.6413,48.8987],[-68.6503,48.8981],[-68.6919,48.9026],[-68.709,48.9008],[-68.7185,48.8982],[-68.7766,48.8886],[-68.7837,48.888],[-68.7778,48.8905],[-68.7829,48.8922],[-68.7929,48.886],[-68.7932,48.8822],[-68.7904,48.8791],[-68.8088,48.8684],[-68.8185,48.8667],[-68.8196,48.8603],[-68.826,48.857],[-68.8289,48.8601],[-68.8301,48.8563],[-68.835,48.8549],[-68.8399,48.8481],[-68.8447,48.8455],[-68.8484,48.8411],[-68.8579,48.8387],[-68.8685,48.8401],[-68.8704,48.8316],[-68.8804,48.8279],[-68.8733,48.8255],[-68.8743,48.8216],[-68.8789,48.8198],[-68.8806,48.8233],[-68.8936,48.8267],[-68.9033,48.8222],[-68.919,48.8199],[-68.9235,48.8199],[-68.9286,48.8229],[-68.9399,48.8231],[-68.9278,48.8202],[-68.9248,48.817],[-68.9297,48.8149],[-68.9464,48.8148],[-68.952,48.8129],[-68.9326,48.8075],[-68.9422,48.8043],[-68.9456,48.8002],[-68.9485,48.7871],[-68.954,48.7861],[-68.9605,48.7786],[-68.9734,48.7725],[-68.9782,48.7706],[-68.9865,48.7847],[-68.9955,48.7813],[-68.9945,48.7767],[-68.9993,48.7647],[-69.0096,48.7609],[-69.0113,48.7639],[-69.0097,48.7668],[-69.0038,48.7699],[-68.9998,48.7755],[-69.0106,48.7735],[-69.0265,48.7663],[-69.032,48.77],[-69.0463,48.7656],[-69.0423,48.7718],[-69.0504,48.7726],[-69.0592,48.7693],[-69.061,48.7644],[-69.0655,48.7614],[-69.0626,48.7531],[-69.0627,48.7501],[-69.0521,48.7507],[-69.0466,48.7496],[-69.0436,48.7463],[-69.0444,48.7429],[-69.047,48.7396],[-69.0571,48.7401],[-69.0641,48.7342],[-69.0665,48.726],[-69.0717,48.7253],[-69.074,48.7216],[-69.0774,48.7102],[-69.0809,48.7041],[-69.0844,48.6586],[-69.0846,48.6392],[-69.087,48.6362],[-69.0881,48.6386],[-69.0924,48.6376],[-69.0922,48.6339],[-69.0991,48.6203],[-69.0981,48.6166],[-69.1113,48.6018],[-69.1176,48.5917],[-69.1236,48.586],[-69.1297,48.5759],[-69.1362,48.5692],[-69.1405,48.5653],[-69.1479,48.5627],[-69.1526,48.5646],[-69.1615,48.5656],[-69.1714,48.5697],[-69.1715,48.5711],[-69.1985,48.5728],[-69.1963,48.5766],[-69.1976,48.5802],[-69.2109,48.5811],[-69.2162,48.5808],[-69.2232,48.5773],[-69.2341,48.5693],[-69.2327,48.5662],[-69.2398,48.5581],[-69.2415,48.5486],[-69.2449,48.5445],[-69.2579,48.5306],[-69.263,48.5272],[-69.2693,48.5252],[-69.2816,48.5122],[-69.2774,48.4933],[-69.2786,48.4875],[-69.2821,48.4811],[-69.2818,48.4731],[-69.29,48.4573],[-69.3027,48.443],[-69.3149,48.4353],[-69.3223,48.4127],[-69.3279,48.4114],[-69.3368,48.405],[-69.3386,48.401],[-69.3523,48.3921],[-69.3545,48.385],[-69.3568,48.3819],[-69.3569,48.3784],[-69.3662,48.3752],[-69.3696,48.3719],[-69.3804,48.3686],[-69.3849,48.3689],[-69.3892,48.3665],[-69.3975,48.3563],[-69.3983,48.3529],[-69.4006,48.3527],[-69.4039,48.3475],[-69.399,48.3456],[-69.3934,48.3459],[-69.3914,48.3429],[-69.3927,48.3384],[-69.3921,48.3351],[-69.3953,48.331],[-69.4036,48.325],[-69.4084,48.323],[-69.4139,48.3232],[-69.411,48.3198],[-69.4156,48.3184],[-69.4174,48.3136],[-69.4228,48.3109],[-69.42,48.3078],[-69.4274,48.2976],[-69.4437,48.2879],[-69.4476,48.2844],[-69.4528,48.2871],[-69.4572,48.2851],[-69.4613,48.2816],[-69.4569,48.2795],[-69.466,48.2698],[-69.4714,48.2692],[-69.4799,48.2743],[-69.4995,48.2644],[-69.5036,48.2605],[-69.5097,48.25],[-69.5124,48.2426],[-69.5229,48.2375],[-69.5323,48.2345],[-69.5376,48.231],[-69.5482,48.2304],[-69.5529,48.2284],[-69.5561,48.2316],[-69.5505,48.2357],[-69.5513,48.2386],[-69.5612,48.2315],[-69.5637,48.224],[-69.568,48.2172],[-69.5776,48.2198],[-69.5795,48.2229],[-69.579,48.2302],[-69.5822,48.2278],[-69.5842,48.2232],[-69.5823,48.2164],[-69.5829,48.2118],[-69.5879,48.2105],[-69.6097,48.1866],[-69.6391,48.1637],[-69.6454,48.1602],[-69.6499,48.1633],[-69.6642,48.1534],[-69.6687,48.1445],[-69.6817,48.1367],[-69.697,48.1354],[-69.7088,48.1421],[-69.7153,48.1408],[-69.7169,48.1344],[-69.7191,48.1377],[-69.7335,48.1403],[-69.7355,48.1447],[-69.7459,48.1446],[-69.7508,48.1463],[-69.7614,48.1451],[-69.7672,48.1458],[-69.7818,48.153],[-69.7842,48.1565],[-69.7896,48.1572],[-69.8001,48.1496],[-69.8056,48.1478],[-69.826,48.1544],[-69.8344,48.1608],[-69.844,48.1647],[-69.8481,48.1687],[-69.857,48.1829],[-69.8612,48.195],[-69.8757,48.2092],[-69.8771,48.2127],[-69.8717,48.2214],[-69.8769,48.2228],[-69.8826,48.2291],[-69.8896,48.2323],[-69.9017,48.2348],[-69.9088,48.2382],[-69.9142,48.239],[-69.9394,48.2371],[-69.9506,48.2384],[-69.9586,48.2437],[-69.9624,48.25],[-69.961,48.2548],[-69.9516,48.2579],[-69.9472,48.2613],[-69.9416,48.2634],[-69.9393,48.2703],[-69.9416,48.2669],[-69.9482,48.2648],[-69.9641,48.263],[-69.9825,48.2557],[-69.9926,48.2583],[-69.9942,48.2616],[-70.0,48.2612],[-70.0052,48.2628],[-70.014,48.2617],[-70.0189,48.2648],[-70.0405,48.2669],[-70.0462,48.2691],[-70.0487,48.2658],[-70.0537,48.2657],[-70.0587,48.2639],[-70.0703,48.2645],[-70.0499,48.2972],[-70.0462,48.3002],[-70.008,48.357],[-70.0105,48.9794],[-70.0104,49.7965],[-70.0216,49.7966],[-70.0248,50.0001],[-70.0263,51.564],[-68.85,51.5639],[-68.2573,51.5625],[-67.9993,51.5625],[-67.9482,51.5643],[-67.9169,51.564],[-67.9169,51.4502]]]]}},{"type":"Feature","properties":{"CO_CEP":131,"NM_CEP":"Daniel-Johnson"},"geometry":{"type":"MultiPolygon","coordinates":[[[[-72.7042,45.7588],[-72.6803,45.7758],[-72.6462,45.7558],[-72.6019,45.7926],[-72.5753,45.7777],[-72.5781,45.7753],[-72.5631,45.7659],[-72.5779,45.7525],[-72.3378,45.6111],[-72.1837,45.5302],[-72.1483,45.5087],[-72.1426,45.5141],[-72.137,45.5102],[-72.1303,45.5082],[-72.1288,45.4991],[-72.1307,45.4965],[-72.1323,45.4984],[-72.1337,45.4983],[-72.1361,45.4942],[-72.1378,45.4937],[-72.1397,45.4881],[-72.1391,45.4862],[-72.1404,45.485],[-72.1392,45.4783],[-72.1333,45.4736],[-72.1361,45.4708],[-72.1389,45.4715],[-72.1401,45.4733],[-72.1487,45.4728],[-72.1473,45.472],[-72.1476,45.4699],[-72.1451,45.4715],[-72.1451,45.4693],[-72.1482,45.4669],[-72.1481,45.4639],[-72.1507,45.4627],[-72.149,45.4603],[-72.1508,45.4568],[-72.1535,45.4551],[-72.159,45.455],[-72.1582,45.4554],[-72.1611,45.4562],[-72.1631,45.4552],[-72.1576,45.4538],[-72.1578,45.4499],[-72.156,45.4473],[-72.1575,45.4429],[-72.148,45.442],[-72.1477,45.4283],[-72.1823,45.4305],[-72.1789,45.4454],[-72.2376,45.4498],[-72.2396,45.4149],[-72.2434,45.4022],[-72.2475,45.3746],[-72.336,45.3771],[-72.4624,45.3751],[-72.4659,45.3469],[-72.4648,45.3315],[-72.4625,45.3206],[-72.4622,45.3074],[-72.588,45.3072],[-72.5876,45.3185],[-72.6063,45.3192],[-72.6124,45.3207],[-72.6249,45.3262],[-72.6254,45.3306],[-72.6212,45.3333],[-72.643,45.3423],[-72.6529,45.3443],[-72.6589,45.3512],[-72.6663,45.3519],[-72.6634,45.4474],[-72.7004,45.4485],[-72.6992,45.4574],[-72.7982,45.458],[-72.8199,45.4567],[-72.8171,45.4726],[-72.8372,45.4755],[-72.8386,45.474],[-72.8415,45.4743],[-72.8596,45.4773],[-72.871,45.4753],[-72.8795,45.4691],[-72.884,45.4699],[-72.8966,45.4791],[-72.9032,45.4721],[-72.9056,45.464],[-72.9217,45.4664],[-72.9257,45.4525],[-72.9656,45.4574],[-72.9622,45.4601],[-72.9618,45.4643],[-72.9632,45.4692],[-72.9581,45.475],[-72.9624,45.4772],[-72.9627,45.4788],[-72.9603,45.4808],[-72.9594,45.4834],[-72.963,45.4874],[-72.9612,45.4884],[-72.957,45.5039],[-72.9517,45.5104],[-72.956,45.5119],[-72.9539,45.5132],[-72.9539,45.5169],[-72.9507,45.5188],[-72.9493,45.5238],[-72.941,45.5229],[-72.9453,45.5297],[-72.9505,45.5306],[-72.9552,45.5366],[-72.9596,45.5386],[-72.9599,45.5435],[-72.9649,45.5505],[-72.9737,45.5534],[-72.9776,45.5567],[-72.9797,45.5639],[-72.9832,45.5677],[-72.9835,45.5712],[-72.9691,45.5596],[-72.958,45.5712],[-72.9555,45.5693],[-72.9526,45.569],[-72.9361,45.5568],[-72.9025,45.5784],[-72.9003,45.5767],[-72.868,45.5986],[-72.8601,45.5928],[-72.8241,45.6545],[-72.827,45.6566],[-72.8254,45.6577],[-72.8332,45.6631],[-72.8115,45.6769],[-72.8173,45.6811],[-72.7717,45.712],[-72.8037,45.7338],[-72.7717,45.7562],[-72.7952,45.7727],[-72.7592,45.7974],[-72.7042,45.7588]]]]}},{"type":"Feature","properties":{"CO_CEP":833,"NM_CEP":"Anjou-Louis-Riel"},"geometry":{"type":"MultiPolygon","coordinates":[[[[-73.5355,45.6199],[-73.5379,45.6139],[-73.5441,45.6151],[-73.5463,45.6127],[-73.5446,45.6122],[-73.5453,45.6107],[-73.5411,45.6095],[-73.5416,45.6069],[-73.5375,45.6052],[-73.5365,45.6026],[-73.5422,45.6042],[-73.5429,45.6032],[-73.5398,45.6018],[-73.5407,45.6007],[-73.5447,45.6019],[-73.5439,45.5981],[-73.5454,45.5956],[-73.537,45.5932],[-73.549,45.5735],[-73.5685,45.5814],[-73.5648,45.583],[-73.5662,45.5843],[-73.564,45.585],[-73.5642,45.5872],[-73.5664,45.5884],[-73.5685,45.5918],[-73.5697,45.5966],[-73.6032,45.6112],[-73.6017,45.612],[-73.6026,45.6129],[-73.5955,45.6159],[-73.5683,45.6342],[-73.5355,45.6199]]]]}},{"type":"Feature","properties":{"CO_CEP":569,"NM_CEP":"Vimont-Auteuil"},"geometry":{"type":"MultiPolygon","coordinates":[[[[-73.6901,45.6623],[-73.6851,45.6519],[-73.6834,45.652],[-73.681,45.6497],[-73.7154,45.6226],[-73.7029,45.6114],[-73.6979,45.605],[-73.7126,45.5944],[-73.728,45.5889],[-73.7628,45.624],[-73.7674,45.6265],[-73.7764,45.6279],[-73.7777,45.6334],[-73.771,45.6444],[-73.7536,45.6584],[-73.7457,45.6664],[-73.7404,45.6676],[-73.7366,45.6704],[-73.7351,45.6737],[-73.7262,45.6792],[-73.7073,45.6793],[-73.6978,45.6804],[-73.6914,45.6825],[-73.6901,45.6623]]]]}},{"type":"Feature","properties":{"CO_CEP":319,"NM_CEP":"Rosemont"},"geometry":{"type":"MultiPolygon","coordinates":[[[[-73.574,45.5819],[-73.5685,45.5814],[-73.5584,45.5781],[-73.549,45.5735],[-73.5546,45.5648],[-73.5544,45.5557],[-73.5616,45.5437],[-73.5615,45.5401],[-73.5797,45.5414],[-73.5749,45.5481],[-73.5964,45.5546],[-73.5773,45.5777],[-73.5781,45.5781],[-73.574,45.5819]]]]}},{"type":"Feature","properties":{"CO_CEP":359,"NM_CEP":"Sainte-Rose"},"geometry":{"type":"MultiPolygon","coordinates":[[[[-73.728,45.5889],[-73.7366,45.5851],[-73.7645,45.5679],[-73.8091,45.5546],[-73.8353,45.5787],[-73.8302,45.5804],[-73.8307,45.5912],[-73.824,45.5972],[-73.8258,45.6052],[-73.8212,45.6074],[-73.8224,45.6037],[-73.8177,45.6015],[-73.8122,45.6016],[-73.8107,45.6049],[-73.8062,45.6078],[-73.7963,45.6095],[-73.794,45.6132],[-73.7892,45.6149],[-73.7857,45.6193],[-73.7843,45.6264],[-73.7866,45.6298],[-73.7777,45.6334],[-73.7764,45.6279],[-73.7674,45.6265],[-73.7628,45.624],[-73.728,45.5889]]]]}},{"type":"Feature","properties":{"CO_CEP":157,"NM_CEP":"Brome-Missisquoi"},"geometry":{"type":"MultiPolygon","coordinates":[[[[-72.6589,45.3512],[-72.6529,45.3443],[-72.643,45.3423],[-72.6212,45.3333],[-72.6254,45.3306],[-72.6249,45.3262],[-72.6063,45.3192],[-72.5876,45.3185],[-72.588,45.3072],[-72.4002,45.3081],[-72.4034,45.1557],[-72.4798,45.1575],[-72.4813,45.0899],[-72.4864,45.0087],[-72.5554,45.008],[-72.5847,45.0116],[-72.6347,45.0147],[-72.7029,45.0156],[-72.847,45.0167],[-72.9669,45.0141],[-73.0654,45.016],[-73.1399,45.0144],[-73.1119,45.073],[-73.1045,45.0821],[-73.1152,45.0818],[-73.1158,45.0971],[-73.1076,45.0971],[-73.107,45.1045],[-73.0983,45.1002],[-73.0972,45.1016],[-73.1012,45.1401],[-73.0859,45.1401],[-73.0859,45.1917],[-73.0909,45.1963],[-73.0583,45.2146],[-73.074,45.2288],[-73.0702,45.231],[-73.0681,45.2296],[-73.0668,45.2455],[-73.0655,45.2446],[-73.0635,45.2678],[-73.0589,45.2651],[-73.0582,45.2733],[-73.0505,45.2681],[-73.0499,45.2777],[-73.047,45.2777],[-73.0456,45.2813],[-73.0462,45.2934],[-73.0157,45.272],[-73.014,45.289],[-73.0161,45.2893],[-73.0478,45.3113],[-73.0489,45.3253],[-73.0337,45.3256],[-73.0103,45.3302],[-73.0097,45.3375],[-72.9944,45.338],[-72.9893,45.3345],[-72.9899,45.3418],[-72.9281,45.2987],[-72.9274,45.3007],[-72.9244,45.3008],[-72.9211,45.2985],[-72.9064,45.2878],[-72.909,45.2879],[-72.9128,45.2903],[-72.9137,45.2896],[-72.9128,45.2867],[-72.883,45.2655],[-72.8761,45.2844],[-72.8616,45.286],[-72.8537,45.2847],[-72.8526,45.2871],[-72.8532,45.2993],[-72.7849,45.2997],[-72.7845,45.3137],[-72.7737,45.3137],[-72.7738,45.3285],[-72.7663,45.3283],[-72.7638,45.3416],[-72.6677,45.3379],[-72.6663,45.3519],[-72.6589,45.3512]]]]}},{"type":"Feature","properties":{"CO_CEP":207,"NM_CEP":"Chambly"},"geometry":{"type":"MultiPolygon","coordinates":[[[[-73.1681,45.4905],[-73.1715,45.4861],[-73.1693,45.484],[-73.1686,45.4804],[-73.1707,45.4744],[-73.1762,45.4719],[-73.1859,45.4758],[-73.1884,45.4747],[-73.1854,45.4737],[-73.1883,45.4716],[-73.1942,45.472],[-73.1973,45.4674],[-73.197,45.4641],[-73.1999,45.4614],[-73.1977,45.4613],[-73.1988,45.461],[-73.1989,45.4577],[-73.203,45.4532],[-73.2012,45.4531],[-73.1994,45.4482],[-73.2024,45.4435],[-73.2064,45.4434],[-73.203,45.4391],[-73.2013,45.4344],[-73.203,45.4335],[-73.2015,45.4316],[-73.2034,45.4222],[-73.2113,45.4213],[-73.1966,45.4116],[-73.1927,45.4041],[-73.1971,45.4029],[-73.1993,45.3797],[-73.2102,45.3714],[-73.2173,45.3765],[-73.2215,45.3736],[-73.2192,45.3652],[-73.2201,45.362],[-73.2498,45.3834],[-73.251,45.3826],[-73.252,45.3849],[-73.2551,45.3823],[-73.2747,45.3826],[-73.3081,45.4059],[-73.3124,45.4006],[-73.3232,45.392],[-73.3242,45.3869],[-73.3267,45.383],[-73.3387,45.3855],[-73.3474,45.3903],[-73.3487,45.3861],[-73.3869,45.413],[-73.382,45.4171],[-73.3833,45.4202],[-73.3821,45.4243],[-73.3856,45.4269],[-73.3775,45.4344],[-73.3791,45.4355],[-73.3775,45.4366],[-73.379,45.4377],[-73.3728,45.438],[-73.3756,45.4423],[-73.3683,45.4462],[-73.3694,45.447],[-73.3677,45.4483],[-73.363,45.4451],[-73.3462,45.467],[-73.3386,45.4821],[-73.3353,45.4796],[-73.3264,45.5043],[-73.3321,45.5086],[-73.3164,45.5156],[-73.3,45.5357],[-73.2948,45.5402],[-73.289,45.5748],[-73.1681,45.4905]]]]}},{"type":"Feature","properties":{"CO_CEP":807,"NM_CEP":"Matane-Matapédia-Mitis"},"geometry":{"type":"MultiPolygon","coordinates":[[[[-66.8324,48.9851],[-66.7335,49.0175],[-66.7062,49.0],[-66.7053,48.9985],[-66.7067,48.9945],[-66.6993,48.9886],[-66.7023,48.9856],[-66.7013,48.98],[-66.7045,48.9782],[-66.7011,48.9764],[-66.6968,48.9712],[-66.7003,48.9693],[-66.6965,48.9648],[-66.6985,48.9625],[-66.6989,48.9584],[-66.7007,48.9565],[-66.6968,48.9552],[-66.6945,48.9523],[-66.6984,48.949],[-66.695,48.9435],[-66.6988,48.9383],[-66.6939,48.9342],[-66.7003,48.9275],[-66.6992,48.9253],[-66.6957,48.9235],[-66.6961,48.92],[-66.7091,48.9166],[-66.7146,48.9094],[-66.7044,48.9029],[-66.5373,48.9578],[-66.3744,48.8495],[-66.0068,48.6084],[-65.9485,48.5671],[-66.795,48.3529],[-66.9742,48.3032],[-66.8432,48.1521],[-66.8405,48.1531],[-66.8368,48.1475],[-66.8397,48.1469],[-66.8757,48.1829],[-66.9004,48.2004],[-66.9345,48.1811],[-66.8796,48.137],[-67.039,48.0982],[-67.0984,48.0852],[-67.0963,48.0817],[-67.0985,48.0779],[-67.2002,48.0527],[-67.2775,48.0315],[-67.3746,48.1949],[-67.6667,48.1185],[-67.6661,48.1145],[-67.6601,48.1109],[-67.6581,48.1023],[-67.6553,48.1012],[-67.6563,48.0995],[-67.6526,48.0961],[-67.6495,48.0904],[-67.652,48.0863],[-67.6493,48.0843],[-67.6494,48.0811],[-67.6368,48.0782],[-67.6319,48.0783],[-67.6287,48.0738],[-67.6246,48.0714],[-67.6253,48.0701],[-67.6241,48.069],[-67.6197,48.067],[-67.6153,48.0675],[-67.6148,48.0658],[-67.6129,48.0663],[-67.6101,48.0624],[-67.6069,48.0619],[-67.597,48.0564],[-67.5938,48.0538],[-67.5941,48.0524],[-67.587,48.0491],[-67.5882,48.0467],[-67.5848,48.045],[-67.5869,48.0421],[-67.5858,48.038],[-67.5875,48.0346],[-67.5945,48.0295],[-67.5957,48.0267],[-67.5898,48.0234],[-67.5904,48.0175],[-67.5928,48.0128],[-67.5872,48.0108],[-67.5927,48.0072],[-67.5897,48.0028],[-67.5971,48.0014],[-67.5979,48.0001],[-67.9504,48.0001],[-67.9504,48.0966],[-68.1415,48.2244],[-68.2577,48.2938],[-68.1831,48.3491],[-68.2288,48.3754],[-68.2341,48.3818],[-68.2458,48.387],[-68.2473,48.3897],[-68.2501,48.3905],[-68.25,48.3935],[-68.2594,48.3989],[-68.2642,48.4048],[-68.271,48.408],[-68.2714,48.4097],[-68.2784,48.4146],[-68.2814,48.4142],[-68.2878,48.4175],[-68.2927,48.4163],[-68.2994,48.4173],[-68.2737,48.4368],[-68.3269,48.4684],[-68.3252,48.4693],[-68.4005,48.5138],[-68.402,48.5131],[-68.427,48.5287],[-68.4,48.5457],[-68.3835,48.5517],[-68.3824,48.5486],[-68.3756,48.5467],[-68.367,48.5463],[-68.3547,48.548],[-68.3503,48.5524],[-68.3447,48.5553],[-68.3362,48.5573],[-68.3252,48.562],[-68.3014,48.5798],[-68.2898,48.5867],[-68.2684,48.5943],[-68.1821,48.6346],[-68.1633,48.6409],[-68.1525,48.6417],[-68.1476,48.6409],[-68.1495,48.637],[-68.1476,48.6336],[-68.1431,48.6317],[-68.137,48.6308],[-68.1259,48.6323],[-68.0839,48.6466],[-68.0704,48.6599],[-68.0724,48.6636],[-68.0707,48.667],[-68.0595,48.6737],[-68.0343,48.6791],[-68.0381,48.6762],[-68.0365,48.6729],[-68.0253,48.6739],[-68.0197,48.672],[-68.0234,48.669],[-68.0206,48.6658],[-68.0048,48.671],[-67.9821,48.6809],[-67.962,48.6844],[-67.9033,48.717],[-67.8835,48.7302],[-67.8721,48.7357],[-67.848,48.7434],[-67.8348,48.7499],[-67.8275,48.7521],[-67.8117,48.7554],[-67.7968,48.7555],[-67.7814,48.7631],[-67.7782,48.7662],[-67.7522,48.7726],[-67.7451,48.7764],[-67.7234,48.7834],[-67.7009,48.7874],[-67.6813,48.7963],[-67.6649,48.8007],[-67.6381,48.8115],[-67.5964,48.8208],[-67.5819,48.8302],[-67.578,48.8337],[-67.5759,48.8375],[-67.5526,48.8493],[-67.5323,48.8533],[-67.4943,48.8542],[-67.4795,48.8562],[-67.4692,48.86],[-67.4558,48.8627],[-67.4521,48.8665],[-67.4471,48.8684],[-67.4343,48.8705],[-67.3973,48.8827],[-67.3927,48.8855],[-67.3808,48.8893],[-67.3695,48.8987],[-67.3344,48.9032],[-67.3248,48.9027],[-67.2915,48.9073],[-67.2843,48.9091],[-67.2761,48.9177],[-67.2712,48.9196],[-67.2346,48.925],[-67.2121,48.9332],[-67.1594,48.9433],[-67.1267,48.9565],[-67.1211,48.9562],[-67.1059,48.9604],[-67.1006,48.9603],[-67.0741,48.9682],[-67.0645,48.9747],[-67.0447,48.9796],[-67.0368,48.9838],[-67.0128,48.9929],[-66.9816,49.0027],[-66.9764,49.0037],[-66.9699,49.0032],[-66.9627,49.0062],[-66.9465,49.0185],[-66.928,49.0219],[-66.9212,49.0291],[-66.9087,49.0342],[-66.8324,48.9851]]]]}},{"type":"Feature","properties":{"CO_CEP":201,"NM_CEP":"La Pinière"},"geometry":{"type":"MultiPolygon","coordinates":[[[[-73.3799,45.4326],[-73.3856,45.4269],[-73.3821,45.4243],[-73.3833,45.4202],[-73.382,45.4171],[-73.3869,45.413],[-73.3887,45.4144],[-73.4384,45.4166],[-73.4381,45.4216],[-73.455,45.4224],[-73.4558,45.421],[-73.4641,45.4217],[-73.4646,45.4233],[-73.4695,45.4228],[-73.4695,45.4248],[-73.4723,45.4268],[-73.4748,45.4269],[-73.4784,45.4303],[-73.4819,45.4299],[-73.484,45.432],[-73.4869,45.4311],[-73.4924,45.4317],[-73.4958,45.4394],[-73.4966,45.4644],[-73.498,45.4675],[-73.466,45.4647],[-73.4678,45.4687],[-73.4677,45.4719],[-73.4735,45.476],[-73.4594,45.4855],[-73.3799,45.4326]]],[[[-73.5018,45.4384],[-73.5028,45.4391],[-73.5038,45.459],[-73.5062,45.4684],[-73.5048,45.4682],[-73.5036,45.465],[-73.5018,45.4384]]]]}},{"type":"Feature","properties":{"CO_CEP":281,"NM_CEP":"Saint-Henri-Sainte-Anne"},"geometry":{"type":"MultiPolygon","coordinates":[[[[-73.5505,45.4903],[-73.5393,45.4883],[-73.5369,45.4855],[-73.5389,45.4784],[-73.5563,45.4698],[-73.5697,45.4747],[-73.5722,45.4743],[-73.5713,45.4725],[-73.5722,45.4665],[-73.5761,45.4664],[-73.576,45.4677],[-73.5775,45.4678],[-73.5807,45.4666],[-73.5807,45.4586],[-73.582,45.4552],[-73.5995,45.4375],[-73.6118,45.4395],[-73.6102,45.4436],[-73.6048,45.4487],[-73.607,45.4545],[-73.6134,45.4575],[-73.6213,45.454],[-73.6291,45.4484],[-73.6352,45.4508],[-73.6204,45.4617],[-73.6211,45.4623],[-73.6187,45.4621],[-73.6022,45.4694],[-73.5965,45.4732],[-73.5952,45.4764],[-73.5806,45.4856],[-73.5816,45.4867],[-73.573,45.4929],[-73.5672,45.4901],[-73.5613,45.4983],[-73.5557,45.4959],[-73.5505,45.4903]]]]}},{"type":"Feature","properties":{"CO_CEP":271,"NM_CEP":"Saint-Laurent"},"geometry":{"type":"MultiPolygon","coordinates":[[[[-73.6927,45.5309],[-73.6847,45.5305],[-73.6869,45.5288],[-73.6928,45.5287],[-73.6985,45.5271],[-73.6806,45.5158],[-73.6625,45.5077],[-73.6643,45.5047],[-73.6804,45.4919],[-73.6858,45.4895],[-73.6772,45.4837],[-73.6828,45.4632],[-73.6933,45.4703],[-73.6949,45.4646],[-73.7225,45.4828],[-73.7508,45.4606],[-73.7628,45.4682],[-73.7684,45.475],[-73.7662,45.4768],[-73.7742,45.4818],[-73.7681,45.4848],[-73.7661,45.4866],[-73.767,45.4892],[-73.7644,45.4904],[-73.7736,45.4982],[-73.7717,45.4991],[-73.7739,45.5005],[-73.7709,45.5015],[-73.7725,45.5025],[-73.7693,45.504],[-73.7672,45.5027],[-73.7639,45.5034],[-73.761,45.5015],[-73.7517,45.5043],[-73.7613,45.5104],[-73.751,45.5128],[-73.7501,45.516],[-73.7457,45.5181],[-73.7421,45.5228],[-73.7337,45.5295],[-73.7294,45.5303],[-73.7243,45.5352],[-73.7132,45.5382],[-73.7113,45.5397],[-73.6927,45.5309]]]]}},{"type":"Feature","properties":{"CO_CEP":239,"NM_CEP":"Saint-Hyacinthe"},"geometry":{"type":"MultiPolygon","coordinates":[[[[-72.7592,45.7974],[-72.7952,45.7727],[-72.7717,45.7562],[-72.8037,45.7338],[-72.7717,45.712],[-72.8173,45.6811],[-72.8115,45.6769],[-72.8332,45.6631],[-72.8254,45.6577],[-72.827,45.6566],[-72.8241,45.6545],[-72.8601,45.5928],[-72.868,45.5986],[-72.9003,45.5767],[-72.9025,45.5784],[-72.9361,45.5568],[-72.9526,45.569],[-72.9555,45.5693],[-72.958,45.5712],[-72.9691,45.5596],[-72.9835,45.5712],[-72.9832,45.5677],[-72.9797,45.5639],[-72.9776,45.5567],[-72.9737,45.5534],[-72.9649,45.5505],[-72.9599,45.5435],[-72.9596,45.5386],[-72.9552,45.5366],[-72.9505,45.5306],[-72.9453,45.5297],[-72.941,45.5229],[-72.9493,45.5238],[-72.9507,45.5188],[-72.9539,45.5169],[-72.9539,45.5132],[-72.956,45.5119],[-72.9517,45.5104],[-72.957,45.5039],[-72.9612,45.4884],[-72.963,45.4874],[-72.9594,45.4834],[-72.9603,45.4808],[-72.9627,45.4788],[-72.9624,45.4772],[-72.9581,45.475],[-73.0035,45.4794],[-73.0079,45.4743],[-73.0344,45.4917],[-73.0403,45.4775],[-73.0728,45.476],[-73.0626,45.4939],[-73.079,45.5058],[-73.0621,45.5394],[-73.1008,45.5681],[-73.102,45.5561],[-73.104,45.5543],[-73.1201,45.5657],[-73.1205,45.5621],[-73.1388,45.5744],[-73.1353,45.5898],[-73.1317,45.5873],[-73.1305,45.5875],[-73.1303,45.5893],[-73.1269,45.5886],[-73.1301,45.5938],[-73.1339,45.5964],[-73.1382,45.6039],[-73.1401,45.6116],[-73.1332,45.6251],[-73.1318,45.632],[-73.1093,45.6154],[-73.1085,45.6178],[-73.0995,45.6112],[-73.0988,45.6144],[-73.101,45.6618],[-73.1169,45.6737],[-73.1169,45.6811],[-73.1149,45.6929],[-73.105,45.7136],[-73.0923,45.7247],[-73.0893,45.7294],[-73.0739,45.7178],[-73.0535,45.7596],[-73.0016,45.7215],[-72.9533,45.7532],[-72.937,45.7943],[-72.9422,45.7983],[-72.9321,45.8147],[-72.9347,45.8203],[-72.9206,45.8303],[-72.8782,45.8012],[-72.8638,45.8372],[-72.8501,45.8468],[-72.8457,45.8469],[-72.8371,45.8529],[-72.7592,45.7974]]]]}},{"type":"Feature","properties":{"CO_CEP":757,"NM_CEP":"Jean-Lesage"},"geometry":{"type":"MultiPolygon","coordinates":[[[[-71.2324,46.8674],[-71.2219,46.8717],[-71.2128,46.862],[-71.209,46.8655],[-71.201,46.8612],[-71.1971,46.8608],[-71.2008,46.8556],[-71.1989,46.8503],[-71.2025,46.849],[-71.2051,46.8457],[-71.2037,46.8416],[-71.2059,46.8381],[-71.2002,46.8392],[-71.1948,46.8386],[-71.1914,46.8356],[-71.1933,46.8323],[-71.2152,46.8226],[-71.2132,46.8225],[-71.2256,46.8192],[-71.237,46.8238],[-71.2389,46.8231],[-71.2394,46.8199],[-71.2541,46.8264],[-71.2626,46.8354],[-71.2378,46.8461],[-71.2397,46.848],[-71.2329,46.8509],[-71.2483,46.8679],[-71.2515,46.8695],[-71.2412,46.874],[-71.2324,46.8674]]]]}},{"type":"Feature","properties":{"CO_CEP":727,"NM_CEP":"Portneuf"},"geometry":{"type":"MultiPolygon","coordinates":[[[[-72.0784,47.4095],[-72.0568,47.4093],[-72.0472,47.4031],[-72.0431,47.405],[-72.0342,47.4009],[-72.0315,47.4031],[-72.026,47.4033],[-72.0199,47.4081],[-72.0158,47.4084],[-72.0109,47.405],[-72.0071,47.3997],[-72.0007,47.3944],[-71.9915,47.3899],[-71.9868,47.3902],[-71.9787,47.3881],[-71.9728,47.3885],[-71.968,47.3869],[-71.9636,47.3833],[-71.9604,47.3822],[-71.9602,47.3779],[-71.9578,47.3754],[-71.9531,47.3744],[-71.9353,47.3626],[-71.9194,47.3544],[-71.9073,47.3509],[-71.8905,47.3429],[-71.8665,47.3355],[-71.8623,47.3361],[-71.8631,47.3373],[-71.8616,47.3381],[-71.8425,47.3309],[-71.8369,47.3315],[-71.8322,47.3294],[-71.8276,47.3291],[-71.8283,47.3264],[-71.8271,47.3236],[-71.8242,47.3245],[-71.7153,47.25],[-71.6703,47.216],[-71.6317,47.1925],[-71.7401,47.1483],[-71.8139,47.114],[-71.6332,46.9873],[-71.6807,46.9548],[-71.6731,46.9511],[-71.6573,46.9482],[-71.6589,46.9588],[-71.6553,46.9603],[-71.6461,46.9611],[-71.6388,46.9655],[-71.6324,46.9592],[-71.6288,46.9602],[-71.6117,46.9483],[-71.6133,46.9472],[-71.5976,46.9361],[-71.6114,46.9262],[-71.6091,46.92],[-71.6101,46.9193],[-71.6095,46.9175],[-71.6206,46.9097],[-71.6149,46.9067],[-71.6072,46.9123],[-71.6067,46.9087],[-71.6082,46.9072],[-71.5903,46.8953],[-71.5928,46.8936],[-71.5474,46.8629],[-71.5437,46.863],[-71.533,46.8547],[-71.5491,46.8513],[-71.5315,46.8383],[-71.5419,46.8366],[-71.4949,46.8033],[-71.5129,46.8],[-71.502,46.7925],[-71.6067,46.7762],[-71.5229,46.7153],[-71.5362,46.714],[-71.5482,46.7103],[-71.5564,46.706],[-71.5614,46.7056],[-71.567,46.7007],[-71.5768,46.6974],[-71.5904,46.6953],[-71.6079,46.6981],[-71.6153,46.697],[-71.6214,46.6943],[-71.6268,46.6941],[-71.6427,46.6881],[-71.6451,46.6848],[-71.6504,46.6851],[-71.6565,46.6827],[-71.6596,46.6794],[-71.6686,46.6752],[-71.6796,46.6739],[-71.6956,46.6681],[-71.7118,46.6703],[-71.7339,46.6688],[-71.7409,46.67],[-71.7456,46.6685],[-71.7488,46.6709],[-71.7638,46.6672],[-71.7694,46.667],[-71.7881,46.6695],[-71.8263,46.6868],[-71.8433,46.6916],[-71.866,46.6895],[-71.8802,46.6905],[-71.8992,46.6818],[-71.9035,46.6779],[-71.9092,46.669],[-71.9132,46.6665],[-71.9155,46.6593],[-71.9248,46.6528],[-71.9282,46.6459],[-71.9406,46.645],[-71.9517,46.6392],[-71.9596,46.6374],[-71.9834,46.6245],[-71.9881,46.6237],[-72.0135,46.6082],[-72.0275,46.5952],[-72.0388,46.5875],[-72.0496,46.5865],[-72.054,46.5841],[-72.0597,46.5841],[-72.0592,46.5812],[-72.0654,46.5811],[-72.0762,46.5836],[-72.1027,46.5848],[-72.2422,46.686],[-72.3936,46.7921],[-72.3719,46.8072],[-72.3673,46.8087],[-72.3451,46.8224],[-72.3342,46.8145],[-72.3065,46.8339],[-72.2985,46.8285],[-72.2933,46.8364],[-72.2724,46.8451],[-72.2483,46.8282],[-72.2333,46.8385],[-72.2284,46.8352],[-72.2045,46.8496],[-72.1675,46.8746],[-72.4359,47.0575],[-72.3789,47.0965],[-72.3949,47.1178],[-72.4138,47.1195],[-72.42,47.116],[-72.46,47.1431],[-72.5147,47.144],[-72.5408,47.1907],[-72.5386,47.2189],[-72.5104,47.2681],[-72.5034,47.3119],[-72.4707,47.3316],[-72.4856,47.3678],[-72.4593,47.3858],[-72.4595,47.3698],[-72.412,47.3453],[-72.4106,47.291],[-72.3554,47.2897],[-72.341,47.2781],[-72.3176,47.3014],[-72.2842,47.2902],[-72.2392,47.2895],[-72.2357,47.2951],[-72.2358,47.2982],[-72.2335,47.3],[-72.2291,47.3002],[-72.2244,47.3073],[-72.2153,47.3142],[-72.2137,47.3185],[-72.2079,47.3253],[-72.2058,47.3293],[-72.2061,47.3362],[-72.2048,47.3415],[-72.2012,47.3461],[-72.2047,47.3535],[-72.2017,47.3601],[-72.1846,47.3659],[-72.1822,47.3708],[-72.1747,47.3788],[-72.1668,47.3846],[-72.1614,47.3865],[-72.1596,47.3859],[-72.1597,47.3835],[-72.1552,47.3815],[-72.1521,47.3822],[-72.1478,47.3808],[-72.1465,47.3791],[-72.1458,47.3726],[-72.1376,47.3669],[-72.1353,47.3705],[-72.135,47.3743],[-72.1301,47.3738],[-72.127,47.3792],[-72.1126,47.3783],[-72.1073,47.3821],[-72.1007,47.384],[-72.0991,47.3894],[-72.0996,47.3937],[-72.0928,47.3943],[-72.0859,47.401],[-72.0824,47.4016],[-72.0793,47.4053],[-72.0784,47.4095]]]]}},{"type":"Feature","properties":{"CO_CEP":781,"NM_CEP":"Beauce-Nord"},"geometry":{"type":"MultiPolygon","coordinates":[[[[-71.119,46.6304],[-71.093,46.6485],[-71.0844,46.6429],[-71.0878,46.6407],[-71.0881,46.6391],[-71.0838,46.636],[-71.0827,46.632],[-71.0802,46.6303],[-71.0763,46.6284],[-71.0741,46.6288],[-71.0692,46.6255],[-71.0591,46.6233],[-71.0531,46.6239],[-71.0505,46.6214],[-71.0472,46.6208],[-71.0533,46.6164],[-71.0544,46.6137],[-71.0599,46.6148],[-71.0608,46.6127],[-71.0393,46.6085],[-71.0422,46.5903],[-71.0189,46.5892],[-71.0192,46.5868],[-70.9959,46.5859],[-70.9961,46.5851],[-70.9842,46.5875],[-70.9819,46.5854],[-70.9609,46.5938],[-70.9509,46.5865],[-70.9504,46.583],[-70.9484,46.5819],[-70.9374,46.5774],[-70.9232,46.5778],[-70.9094,46.5613],[-70.9052,46.5629],[-70.875,46.5349],[-70.8633,46.5397],[-70.8362,46.5137],[-70.8142,46.5284],[-70.7683,46.4919],[-70.7651,46.4941],[-70.7545,46.4859],[-70.7434,46.4937],[-70.6958,46.4563],[-70.7098,46.447],[-70.7078,46.4454],[-70.7235,46.4347],[-70.6888,46.4073],[-70.6625,46.4246],[-70.6414,46.4098],[-70.6425,46.4091],[-70.622,46.3938],[-70.5579,46.35],[-70.6656,46.2787],[-70.6578,46.2727],[-70.7154,46.2344],[-70.706,46.2272],[-70.7005,46.2266],[-70.7144,46.2169],[-70.7082,46.2158],[-70.7035,46.2123],[-70.7254,46.1973],[-70.7241,46.1958],[-70.726,46.1957],[-70.7482,46.1806],[-70.7447,46.1726],[-70.7396,46.1666],[-70.7404,46.1627],[-70.7547,46.1528],[-70.7562,46.1463],[-70.7494,46.1358],[-70.775,46.1187],[-70.7937,46.136],[-70.8234,46.1161],[-70.8317,46.1235],[-70.8456,46.1145],[-70.8445,46.1133],[-70.8453,46.1129],[-70.8329,46.1023],[-70.8599,46.0847],[-70.8461,46.0718],[-70.8601,46.0627],[-70.8938,46.0929],[-70.9092,46.083],[-70.9409,46.1115],[-70.9552,46.1026],[-70.9841,46.1282],[-70.988,46.1288],[-71.0065,46.1436],[-70.9933,46.1525],[-71.0134,46.168],[-70.979,46.1901],[-71.0827,46.2877],[-71.0983,46.2772],[-71.0998,46.2782],[-71.0986,46.2789],[-71.1091,46.2899],[-71.1195,46.2991],[-71.1052,46.3087],[-71.1001,46.3089],[-71.1457,46.3412],[-71.1248,46.3517],[-71.1217,46.3496],[-71.1032,46.359],[-71.1106,46.3639],[-71.1134,46.3717],[-71.1151,46.3732],[-71.1306,46.3811],[-71.1476,46.3973],[-71.159,46.4179],[-71.2279,46.4814],[-71.2085,46.4947],[-71.1916,46.5017],[-71.211,46.5152],[-71.1949,46.5265],[-71.2159,46.541],[-71.2321,46.5298],[-71.2428,46.5468],[-71.2686,46.5288],[-71.3321,46.573],[-71.2668,46.6177],[-71.2543,46.6299],[-71.2364,46.6177],[-71.2323,46.6246],[-71.2401,46.6264],[-71.237,46.6301],[-71.2377,46.6337],[-71.2366,46.6371],[-71.2381,46.6421],[-71.2235,46.6517],[-71.2164,46.6337],[-71.2176,46.6192],[-71.2148,46.6076],[-71.1516,46.6529],[-71.119,46.6304]]]]}},{"type":"Feature","properties":{"CO_CEP":823,"NM_CEP":"Jonquière"},"geometry":{"type":"MultiPolygon","coordinates":[[[[-71.4591,48.5039],[-71.4383,48.4946],[-71.4338,48.4911],[-71.3979,48.4791],[-71.3812,48.4804],[-71.3427,48.4781],[-71.3178,48.4719],[-71.2912,48.4605],[-71.2862,48.4617],[-71.2804,48.4613],[-71.2592,48.4529],[-71.237,48.4523],[-71.2173,48.4499],[-71.2122,48.447],[-71.2161,48.4477],[-71.2186,48.4451],[-71.2131,48.4441],[-71.202,48.4455],[-71.1925,48.4512],[-71.1814,48.4525],[-71.1241,48.4378],[-71.1297,48.4312],[-71.1252,48.4294],[-71.1395,48.4161],[-71.1359,48.4132],[-71.1276,48.4107],[-71.1565,48.3835],[-71.17,48.3872],[-71.1845,48.3737],[-71.1829,48.373],[-71.2083,48.3468],[-71.2208,48.3524],[-71.2554,48.3167],[-71.2739,48.3028],[-71.2942,48.3058],[-71.3227,48.3077],[-71.358,48.3137],[-71.3869,48.3205],[-71.4348,48.3281],[-71.4709,48.3358],[-71.4844,48.34],[-71.5156,48.343],[-71.5397,48.3497],[-71.5528,48.3567],[-71.5566,48.3603],[-71.5609,48.3618],[-71.5635,48.3639],[-71.5506,48.3939],[-71.5242,48.39],[-71.5181,48.4039],[-71.4885,48.3995],[-71.4755,48.4352],[-71.3828,48.4195],[-71.3772,48.433],[-71.4869,48.4524],[-71.4665,48.5033],[-71.4591,48.5039]]]]}},{"type":"Feature","properties":{"CO_CEP":167,"NM_CEP":"Saint-Jean"},"geometry":{"type":"MultiPolygon","coordinates":[[[[-73.3487,45.3861],[-73.3474,45.3903],[-73.3387,45.3855],[-73.3267,45.383],[-73.3242,45.3869],[-73.3232,45.392],[-73.3124,45.4006],[-73.3081,45.4059],[-73.2747,45.3826],[-73.2551,45.3823],[-73.252,45.3849],[-73.248,45.3787],[-73.2474,45.3705],[-73.2499,45.3626],[-73.2532,45.3561],[-73.2618,45.3447],[-73.2625,45.3408],[-73.2584,45.3234],[-73.2509,45.3165],[-73.2468,45.3077],[-73.2479,45.2926],[-73.2446,45.2763],[-73.2468,45.2409],[-73.2462,45.2339],[-73.2734,45.2337],[-73.2735,45.2594],[-73.2963,45.2592],[-73.2962,45.2382],[-73.3408,45.2681],[-73.3406,45.2717],[-73.344,45.2726],[-73.3439,45.2698],[-73.3476,45.2708],[-73.3473,45.2695],[-73.344,45.2686],[-73.3554,45.2574],[-73.3575,45.2588],[-73.3616,45.2556],[-73.3568,45.2524],[-73.3675,45.2445],[-73.3857,45.2572],[-73.3831,45.2596],[-73.4119,45.2543],[-73.4009,45.2661],[-73.3895,45.2681],[-73.3795,45.2807],[-73.3792,45.2858],[-73.381,45.2886],[-73.3828,45.2884],[-73.3815,45.2903],[-73.3824,45.2951],[-73.3797,45.2956],[-73.3798,45.3002],[-73.3754,45.3011],[-73.3759,45.3026],[-73.3735,45.3031],[-73.3741,45.3047],[-73.371,45.3052],[-73.3715,45.3068],[-73.3695,45.3097],[-73.3697,45.3118],[-73.4112,45.3302],[-73.4045,45.3389],[-73.408,45.341],[-73.4059,45.342],[-73.4058,45.3464],[-73.4028,45.3481],[-73.3933,45.3499],[-73.3877,45.3577],[-73.3936,45.3603],[-73.3926,45.3636],[-73.3954,45.373],[-73.3978,45.3733],[-73.3882,45.3839],[-73.3858,45.3951],[-73.3861,45.3999],[-73.3822,45.3991],[-73.3801,45.4013],[-73.393,45.4105],[-73.3853,45.4102],[-73.386,45.4124],[-73.3487,45.3861]]]]}},{"type":"Feature","properties":{"CO_CEP":237,"NM_CEP":"Borduas"},"geometry":{"type":"MultiPolygon","coordinates":[[[[-73.0982,45.7986],[-73.1017,45.7932],[-73.1029,45.7868],[-73.093,45.7796],[-73.0947,45.7764],[-73.0938,45.7757],[-73.0947,45.7733],[-73.0594,45.7475],[-73.0739,45.7178],[-73.0893,45.7294],[-73.0923,45.7247],[-73.105,45.7136],[-73.1149,45.6929],[-73.1169,45.6811],[-73.1169,45.6737],[-73.101,45.6618],[-73.0988,45.6144],[-73.0995,45.6112],[-73.1085,45.6178],[-73.1093,45.6154],[-73.1318,45.632],[-73.1332,45.6251],[-73.1401,45.6116],[-73.1382,45.6039],[-73.1339,45.5964],[-73.1301,45.5938],[-73.1269,45.5886],[-73.1303,45.5893],[-73.1305,45.5875],[-73.1317,45.5873],[-73.1353,45.5898],[-73.1388,45.5744],[-73.1205,45.5621],[-73.1201,45.5657],[-73.104,45.5543],[-73.102,45.5561],[-73.1008,45.5681],[-73.0621,45.5394],[-73.079,45.5058],[-73.0626,45.4939],[-73.0788,45.4655],[-73.0938,45.4768],[-73.0999,45.4658],[-73.1016,45.467],[-73.1063,45.4626],[-73.1194,45.4606],[-73.1125,45.4555],[-73.1169,45.4548],[-73.297,45.5808],[-73.2878,45.5882],[-73.2761,45.5937],[-73.2924,45.6052],[-73.2872,45.6105],[-73.2816,45.6222],[-73.2774,45.6263],[-73.2756,45.625],[-73.2714,45.6336],[-73.2611,45.6387],[-73.2763,45.6499],[-73.2651,45.6566],[-73.2582,45.6676],[-73.2584,45.6747],[-73.2871,45.6959],[-73.2835,45.6981],[-73.2806,45.6959],[-73.2773,45.6981],[-73.2386,45.7309],[-73.2402,45.732],[-73.2311,45.7374],[-73.2197,45.7488],[-73.2637,45.7811],[-73.2621,45.7835],[-73.26,45.7819],[-73.2578,45.7834],[-73.2686,45.7912],[-73.2558,45.7957],[-73.2495,45.8019],[-73.2469,45.8],[-73.2409,45.8044],[-73.2427,45.8057],[-73.2423,45.8082],[-73.2307,45.8159],[-73.2288,45.8165],[-73.2265,45.8148],[-73.2177,45.8254],[-73.212,45.836],[-73.2065,45.8421],[-73.1936,45.8509],[-73.1883,45.8592],[-73.1847,45.8614],[-73.0982,45.7986]]]]}},{"type":"Feature","properties":{"CO_CEP":247,"NM_CEP":"Verdun"},"geometry":{"type":"MultiPolygon","coordinates":[[[[-73.5499,45.4488],[-73.5552,45.4461],[-73.5608,45.446],[-73.562,45.449],[-73.5548,45.4673],[-73.5494,45.4689],[-73.5428,45.4741],[-73.5385,45.4752],[-73.5334,45.4697],[-73.5401,45.4589],[-73.5499,45.4488]]],[[[-73.544,45.4749],[-73.5485,45.473],[-73.5407,45.4771],[-73.544,45.4749]]],[[[-73.5697,45.4747],[-73.5552,45.4702],[-73.5585,45.4688],[-73.5602,45.459],[-73.5658,45.4508],[-73.5838,45.435],[-73.5995,45.4375],[-73.582,45.4552],[-73.5807,45.4586],[-73.5807,45.4666],[-73.5775,45.4678],[-73.576,45.4677],[-73.5761,45.4664],[-73.5722,45.4665],[-73.5713,45.4725],[-73.5722,45.4743],[-73.5697,45.4747]]]]}},{"type":"Feature","properties":{"CO_CEP":277,"NM_CEP":"D'Arcy-McGee"},"geometry":{"type":"MultiPolygon","coordinates":[[[[-73.6248,45.4886],[-73.6224,45.4913],[-73.618,45.4894],[-73.6184,45.4882],[-73.6153,45.4868],[-73.6172,45.4848],[-73.6152,45.4839],[-73.6194,45.4833],[-73.6245,45.4793],[-73.6395,45.4768],[-73.6459,45.4733],[-73.6583,45.4615],[-73.6572,45.4601],[-73.6613,45.4572],[-73.658,45.4559],[-73.6596,45.4546],[-73.6673,45.4576],[-73.6718,45.4527],[-73.6775,45.4527],[-73.6872,45.4554],[-73.6813,45.4622],[-73.6828,45.4632],[-73.6772,45.4837],[-73.6746,45.482],[-73.6698,45.4837],[-73.656,45.479],[-73.6558,45.4869],[-73.6402,45.5044],[-73.6243,45.4972],[-73.63,45.4909],[-73.6248,45.4886]]]]}},{"type":"Feature","properties":{"CO_CEP":799,"NM_CEP":"Côte-du-Sud"},"geometry":{"type":"MultiPolygon","coordinates":[[[[-69.5718,47.7368],[-69.5492,47.729],[-69.5346,47.7266],[-69.5273,47.7273],[-69.5272,47.7241],[-69.5456,47.7086],[-69.5463,47.7067],[-69.5396,47.7051],[-69.5408,47.7012],[-69.539,47.6974],[-69.5218,47.6863],[-69.5232,47.6849],[-69.4933,47.6658],[-69.4397,47.7183],[-69.3531,47.6608],[-69.3335,47.6458],[-69.3057,47.627],[-69.4542,47.526],[-69.5885,47.4315],[-69.3894,47.299],[-69.9971,46.6955],[-70.0468,46.4627],[-70.189,46.5633],[-70.1627,46.5815],[-70.2539,46.6446],[-70.2972,46.6764],[-70.3244,46.658],[-70.4449,46.7415],[-70.4776,46.7189],[-70.48,46.7204],[-70.4814,46.7233],[-70.4801,46.7253],[-70.4804,46.7301],[-70.4854,46.7322],[-70.4911,46.7324],[-70.4938,46.7371],[-70.49,46.7398],[-70.4967,46.7444],[-70.4952,46.7458],[-70.5032,46.7513],[-70.4941,46.7564],[-70.4937,46.7551],[-70.4829,46.7575],[-70.4751,46.7625],[-70.4978,46.7777],[-70.496,46.7789],[-70.518,46.7939],[-70.517,46.7946],[-70.5792,46.8368],[-70.63,46.8021],[-70.6783,46.8354],[-70.6849,46.8343],[-70.6907,46.8198],[-70.6961,46.8128],[-70.7037,46.8064],[-70.7256,46.8212],[-70.7248,46.8217],[-70.747,46.8368],[-70.7455,46.8377],[-70.7712,46.8553],[-70.7666,46.8578],[-70.7693,46.8596],[-70.7679,46.8606],[-70.7633,46.8574],[-70.7623,46.8581],[-70.7675,46.8618],[-70.7664,46.8627],[-70.7651,46.8618],[-70.756,46.8682],[-70.7597,46.874],[-70.7542,46.8755],[-70.7557,46.8766],[-70.7542,46.8776],[-70.7591,46.881],[-70.7525,46.8851],[-70.7822,46.9063],[-70.7802,46.9054],[-70.7724,46.9062],[-70.7587,46.9138],[-70.7554,46.9179],[-70.7546,46.9258],[-70.7504,46.9283],[-70.7446,46.931],[-70.7387,46.9302],[-70.7344,46.932],[-70.7349,46.9354],[-70.7287,46.9381],[-70.7175,46.935],[-70.7122,46.9355],[-70.6918,46.9472],[-70.6643,46.9595],[-70.6473,46.9681],[-70.6399,46.9739],[-70.619,46.9838],[-70.5785,46.9912],[-70.5542,46.9895],[-70.5499,46.9867],[-70.5481,46.9902],[-70.549,46.9946],[-70.5156,47.0027],[-70.4927,47.0144],[-70.4722,47.0299],[-70.4682,47.0367],[-70.47,47.0446],[-70.4657,47.0452],[-70.4617,47.0491],[-70.46,47.054],[-70.4474,47.0687],[-70.407,47.1005],[-70.38,47.1192],[-70.3779,47.1258],[-70.3731,47.1278],[-70.3679,47.1346],[-70.3632,47.1337],[-70.3555,47.1377],[-70.3214,47.1604],[-70.3115,47.1698],[-70.3116,47.1729],[-70.3098,47.1763],[-70.3047,47.1788],[-70.3025,47.1833],[-70.2811,47.2004],[-70.2803,47.2035],[-70.2721,47.2114],[-70.2719,47.215],[-70.2502,47.2297],[-70.2405,47.2397],[-70.2402,47.2431],[-70.2346,47.25],[-70.2347,47.2552],[-70.2328,47.2586],[-70.2276,47.2631],[-70.2279,47.2733],[-70.2197,47.28],[-70.2183,47.2835],[-70.2136,47.2869],[-70.2086,47.2949],[-70.1952,47.3075],[-70.1703,47.3145],[-70.1562,47.3139],[-70.1502,47.3177],[-70.1447,47.3177],[-70.1398,47.322],[-70.1053,47.3348],[-70.0869,47.3486],[-70.0808,47.356],[-70.0753,47.3592],[-70.0558,47.3761],[-70.0438,47.3957],[-70.0416,47.4093],[-70.0462,47.4199],[-70.0443,47.4262],[-70.05,47.4269],[-70.0581,47.4248],[-70.0604,47.4278],[-70.0503,47.4354],[-70.0431,47.4383],[-70.0303,47.4484],[-70.029,47.4519],[-70.023,47.4597],[-70.0239,47.4645],[-70.0285,47.4661],[-70.0335,47.4661],[-70.0312,47.4707],[-70.0198,47.4807],[-70.0178,47.4841],[-70.0196,47.4876],[-70.0095,47.4928],[-70.004,47.4937],[-69.9939,47.5],[-69.9883,47.5],[-69.9881,47.4958],[-69.9833,47.4934],[-69.9788,47.4931],[-69.9734,47.4948],[-69.9527,47.513],[-69.9429,47.5184],[-69.9403,47.5258],[-69.9416,47.5292],[-69.9369,47.5303],[-69.9327,47.5334],[-69.9329,47.5298],[-69.9312,47.5262],[-69.9248,47.5224],[-69.9131,47.5219],[-69.9052,47.5244],[-69.9001,47.5277],[-69.8902,47.5366],[-69.8843,47.5441],[-69.8838,47.5479],[-69.8794,47.5559],[-69.857,47.58],[-69.8459,47.5846],[-69.8321,47.5875],[-69.8186,47.5931],[-69.8162,47.5964],[-69.8118,47.5981],[-69.8108,47.6018],[-69.8076,47.6049],[-69.7969,47.6073],[-69.7947,47.6105],[-69.7839,47.6166],[-69.77,47.6307],[-69.7632,47.6408],[-69.7584,47.6455],[-69.7484,47.652],[-69.745,47.6563],[-69.7426,47.6633],[-69.7428,47.6726],[-69.7384,47.6716],[-69.728,47.6761],[-69.7235,47.6794],[-69.7171,47.685],[-69.7069,47.6987],[-69.7021,47.7023],[-69.6971,47.7092],[-69.6768,47.7231],[-69.6733,47.7278],[-69.6686,47.7266],[-69.6625,47.7273],[-69.6396,47.7122],[-69.6377,47.7141],[-69.6259,47.7165],[-69.6041,47.7354],[-69.6,47.7332],[-69.5931,47.7321],[-69.5874,47.7361],[-69.5718,47.7368]]],[[[-69.7036,47.8683],[-69.7114,47.8622],[-69.713,47.8652],[-69.7155,47.8608],[-69.7248,47.8574],[-69.728,47.8504],[-69.7344,47.8431],[-69.7409,47.8312],[-69.7679,47.8064],[-69.7689,47.803],[-69.7761,47.8016],[-69.7643,47.8173],[-69.7509,47.8321],[-69.7246,47.8707],[-69.7156,47.878],[-69.7079,47.8863],[-69.6853,47.9048],[-69.6984,47.8866],[-69.7019,47.8795],[-69.7036,47.8683]]],[[[-70.4273,47.1653],[-70.4333,47.1568],[-70.438,47.155],[-70.4482,47.1446],[-70.4536,47.1411],[-70.4625,47.1377],[-70.465,47.1336],[-70.4815,47.1282],[-70.508,47.1088],[-70.5151,47.1001],[-70.5217,47.0886],[-70.5148,47.0783],[-70.5275,47.0623],[-70.5389,47.0521],[-70.549,47.0454],[-70.5567,47.0431],[-70.5674,47.0412],[-70.5742,47.042],[-70.5641,47.048],[-70.562,47.0524],[-70.5367,47.0746],[-70.5358,47.0783],[-70.5407,47.0892],[-70.5365,47.0943],[-70.5153,47.1098],[-70.5144,47.1136],[-70.5166,47.1183],[-70.5141,47.1215],[-70.5096,47.1218],[-70.505,47.1286],[-70.4993,47.1331],[-70.4926,47.1369],[-70.4833,47.1395],[-70.4836,47.1425],[-70.4713,47.143],[-70.4675,47.1477],[-70.4626,47.1512],[-70.4423,47.1616],[-70.4379,47.1638],[-70.4332,47.1626],[-70.4273,47.1653]]],[[[-70.6213,47.0331],[-70.6375,47.0275],[-70.6353,47.0307],[-70.6289,47.0326],[-70.624,47.0359],[-70.6225,47.0416],[-70.6194,47.0447],[-70.6099,47.0498],[-70.6102,47.0463],[-70.6208,47.0373],[-70.6213,47.0331]]],[[[-70.6703,47.0234],[-70.6737,47.0186],[-70.6784,47.0191],[-70.6773,47.0222],[-70.6822,47.023],[-70.6806,47.0267],[-70.6746,47.0314],[-70.6572,47.0393],[-70.6573,47.0335],[-70.6703,47.0234]]]]}},{"type":"Feature","properties":{"CO_CEP":707,"NM_CEP":"Jean-Talon"},"geometry":{"type":"MultiPolygon","coordinates":[[[[-71.2332,46.7909],[-71.229,46.7935],[-71.2262,46.7913],[-71.2258,46.7891],[-71.2311,46.7879],[-71.2356,46.785],[-71.242,46.7781],[-71.2416,46.7744],[-71.2443,46.7714],[-71.2545,46.7682],[-71.2733,46.7547],[-71.2851,46.7499],[-71.2959,46.748],[-71.2964,46.7497],[-71.3098,46.7514],[-71.3397,46.7729],[-71.3333,46.7788],[-71.342,46.7835],[-71.3497,46.7853],[-71.3341,46.7953],[-71.3316,46.7934],[-71.3299,46.7946],[-71.3236,46.79],[-71.3215,46.7913],[-71.3223,46.7919],[-71.3166,46.7945],[-71.3136,46.7893],[-71.2978,46.7934],[-71.2679,46.796],[-71.2669,46.7952],[-71.2683,46.7946],[-71.2658,46.7927],[-71.267,46.7919],[-71.2657,46.7909],[-71.2645,46.7917],[-71.2579,46.7863],[-71.2394,46.797],[-71.2367,46.7947],[-71.239,46.7934],[-71.2332,46.7909]]]]}},{"type":"Feature","properties":{"CO_CEP":771,"NM_CEP":"Charlevoix-Côte-de-Beaupré"},"geometry":{"type":"MultiPolygon","coordinates":[[[[-69.8775,48.1593],[-69.8721,48.1574],[-69.8673,48.1591],[-69.8555,48.1516],[-69.8554,48.1477],[-69.8508,48.1471],[-69.8457,48.1443],[-69.8227,48.1423],[-69.8111,48.1374],[-69.8009,48.1363],[-69.7867,48.139],[-69.7824,48.1357],[-69.7706,48.1316],[-69.7657,48.1333],[-69.7601,48.1333],[-69.7434,48.1284],[-69.7378,48.1285],[-69.7171,48.1238],[-69.7167,48.12],[-69.7262,48.1129],[-69.7274,48.1092],[-69.7222,48.1038],[-69.7067,48.0989],[-69.7207,48.0892],[-69.7285,48.0769],[-69.7393,48.0764],[-69.7471,48.0785],[-69.7521,48.0702],[-69.7556,48.0672],[-69.7616,48.053],[-69.7646,48.0357],[-69.7689,48.0284],[-69.7735,48.0277],[-69.7653,48.0167],[-69.7615,48.007],[-69.7617,48.0033],[-69.7762,47.9844],[-69.7777,47.9806],[-69.7775,47.974],[-69.7841,47.9643],[-69.7894,47.9622],[-69.7992,47.9622],[-69.8038,47.9602],[-69.8091,47.9614],[-69.8135,47.9604],[-69.8099,47.9572],[-69.8114,47.9536],[-69.8065,47.9523],[-69.8012,47.9532],[-69.7963,47.9502],[-69.7941,47.9433],[-69.7936,47.9404],[-69.7997,47.9275],[-69.8005,47.9205],[-69.8029,47.9174],[-69.8036,47.9138],[-69.8056,47.9103],[-69.8111,47.9095],[-69.8191,47.9031],[-69.8268,47.8934],[-69.8397,47.89],[-69.8429,47.8868],[-69.8394,47.8824],[-69.8467,47.8789],[-69.8476,47.8752],[-69.8623,47.8657],[-69.8673,47.859],[-69.8694,47.8514],[-69.8734,47.8475],[-69.8734,47.8404],[-69.8772,47.83],[-69.8885,47.8139],[-69.9005,47.8027],[-69.8998,47.7867],[-69.9049,47.7796],[-69.9049,47.7725],[-69.9067,47.7691],[-69.9203,47.7602],[-69.9483,47.7542],[-69.9505,47.758],[-69.9528,47.7541],[-69.9578,47.7542],[-69.9621,47.7463],[-69.9722,47.7332],[-69.9787,47.7163],[-69.9883,47.7056],[-69.9935,47.7032],[-70.0,47.7035],[-70.0194,47.6964],[-70.0608,47.678],[-70.0932,47.6668],[-70.0967,47.6638],[-70.0976,47.6603],[-70.1072,47.6584],[-70.1263,47.6508],[-70.1332,47.6512],[-70.1499,47.6573],[-70.1469,47.6541],[-70.1484,47.6418],[-70.1434,47.6388],[-70.1389,47.6281],[-70.1401,47.6244],[-70.1487,47.6151],[-70.1723,47.5968],[-70.1924,47.5853],[-70.199,47.5781],[-70.2035,47.569],[-70.2041,47.5651],[-70.2017,47.5488],[-70.2025,47.5414],[-70.2002,47.5378],[-70.2022,47.5301],[-70.2023,47.5242],[-70.2113,47.509],[-70.2203,47.5043],[-70.2256,47.505],[-70.2304,47.4998],[-70.231,47.4961],[-70.2285,47.493],[-70.2299,47.4889],[-70.2347,47.4874],[-70.2463,47.4882],[-70.2629,47.485],[-70.2716,47.4819],[-70.2821,47.4741],[-70.2935,47.4686],[-70.3192,47.4627],[-70.3471,47.4631],[-70.361,47.4573],[-70.3622,47.4527],[-70.3693,47.4505],[-70.3733,47.4534],[-70.3893,47.4502],[-70.4002,47.4451],[-70.4191,47.4408],[-70.4285,47.4347],[-70.4522,47.4261],[-70.4603,47.4265],[-70.4704,47.4313],[-70.4758,47.4309],[-70.4801,47.4344],[-70.4906,47.435],[-70.4916,47.4388],[-70.4951,47.4417],[-70.4906,47.429],[-70.493,47.4254],[-70.4995,47.4218],[-70.4992,47.4156],[-70.4959,47.4127],[-70.4955,47.3958],[-70.5023,47.3773],[-70.5292,47.3555],[-70.5333,47.348],[-70.5423,47.3395],[-70.5442,47.3359],[-70.5488,47.3322],[-70.5564,47.3225],[-70.5581,47.315],[-70.5654,47.3068],[-70.5654,47.3038],[-70.5699,47.2929],[-70.5671,47.2845],[-70.5723,47.2738],[-70.585,47.2586],[-70.5857,47.2549],[-70.597,47.2464],[-70.6046,47.2382],[-70.6203,47.2252],[-70.6294,47.2069],[-70.6371,47.1963],[-70.6458,47.1895],[-70.6551,47.18],[-70.6634,47.1691],[-70.6739,47.1605],[-70.6858,47.1405],[-70.6914,47.1399],[-70.6964,47.1365],[-70.7007,47.1259],[-70.7134,47.1143],[-70.715,47.1088],[-70.734,47.0983],[-70.7413,47.0882],[-70.7456,47.0859],[-70.762,47.0827],[-70.7684,47.079],[-70.7918,47.0634],[-70.7965,47.0574],[-70.8042,47.0513],[-70.8087,47.0494],[-70.8345,47.0486],[-70.8803,47.0414],[-70.8863,47.0454],[-70.8866,47.0422],[-70.8847,47.0384],[-70.9526,47.0111],[-70.9599,47.0072],[-70.9853,46.9865],[-71.0104,46.9737],[-71.0242,46.9647],[-71.049,46.9432],[-71.0491,46.9396],[-71.053,46.9328],[-71.0663,46.924],[-71.0988,46.9088],[-71.1104,46.9011],[-71.1208,46.8987],[-71.1343,46.8905],[-71.1443,46.8861],[-71.147,46.8886],[-71.1481,46.893],[-71.152,46.8955],[-71.1558,46.896],[-71.161,46.894],[-71.1673,46.8981],[-71.1702,46.9028],[-71.1696,46.9042],[-71.1724,46.9049],[-71.1687,46.9123],[-71.1925,46.938],[-71.1904,46.9426],[-71.1923,46.948],[-71.1947,46.95],[-71.1965,46.9543],[-71.2017,46.959],[-71.2028,46.9633],[-71.2053,46.9661],[-71.1916,46.9704],[-71.1723,46.9828],[-71.159,46.988],[-71.1311,47.0035],[-71.132,47.0047],[-71.1232,47.0106],[-71.1176,47.017],[-71.1159,47.0228],[-71.1047,47.0319],[-71.0978,47.0396],[-71.096,47.0438],[-71.0858,47.0507],[-71.1478,47.1034],[-71.1727,47.0878],[-71.1868,47.0974],[-71.1784,47.1015],[-71.2193,47.1269],[-71.218,47.1232],[-71.2317,47.1166],[-71.2377,47.1225],[-71.2436,47.1233],[-71.2406,47.1337],[-71.2637,47.1339],[-71.2637,47.1359],[-71.2599,47.1376],[-71.2685,47.1466],[-71.252,47.1542],[-71.2815,47.1851],[-71.2985,47.2022],[-71.3716,47.2649],[-71.4352,47.3277],[-71.4597,47.3458],[-71.9255,47.8041],[-71.9962,47.875],[-72.0735,47.95],[-71.38,47.95],[-71.3741,47.9573],[-71.374,47.9599],[-71.3791,47.9599],[-71.3823,47.962],[-71.3762,47.9694],[-71.3727,47.9685],[-71.3742,47.9715],[-71.3771,47.9728],[-71.3758,47.9742],[-71.3794,47.9743],[-71.3807,47.9757],[-71.3824,47.9737],[-71.3924,47.9761],[-71.4011,47.9752],[-71.4039,47.9773],[-71.4089,47.9765],[-71.4105,47.9843],[-71.4096,47.9887],[-71.4116,47.996],[-71.25,48.0],[-71.1598,48.0004],[-71.1598,47.9982],[-70.5297,47.9954],[-70.5295,47.9977],[-70.5039,47.9979],[-70.4185,47.9965],[-70.3145,47.9929],[-70.2636,47.9929],[-70.1719,48.1248],[-69.9562,48.0568],[-69.8815,48.1702],[-69.8745,48.1661],[-69.8772,48.1629],[-69.8775,48.1593]]],[[[-70.342,47.4277],[-70.3258,47.4247],[-70.3159,47.4274],[-70.3178,47.4231],[-70.323,47.4223],[-70.3272,47.4199],[-70.3401,47.4067],[-70.3452,47.4049],[-70.3612,47.391],[-70.3761,47.3826],[-70.393,47.369],[-70.3976,47.3671],[-70.4072,47.3709],[-70.4132,47.3687],[-70.4186,47.3708],[-70.4216,47.3748],[-70.4301,47.3742],[-70.4291,47.3789],[-70.4315,47.3853],[-70.4355,47.3905],[-70.4335,47.3938],[-70.4212,47.4032],[-70.4153,47.4105],[-70.3962,47.4164],[-70.386,47.4232],[-70.342,47.4277]]],[[[-70.7188,47.0184],[-70.7539,47.0023],[-70.7588,47.0026],[-70.7481,47.0102],[-70.7291,47.0197],[-70.7123,47.0237],[-70.7188,47.0184]]],[[[-70.7819,46.972],[-70.8024,46.9608],[-70.7977,46.9676],[-70.7842,46.979],[-70.7785,46.9768],[-70.7819,46.972]]],[[[-70.8271,47.0189],[-70.8217,47.0188],[-70.8058,47.0235],[-70.7964,47.0229],[-70.7962,47.0189],[-70.8035,47.0128],[-70.8058,47.0047],[-70.8112,46.9969],[-70.8336,46.974],[-70.8436,46.9684],[-70.8441,46.9655],[-70.8535,46.958],[-70.8685,46.9428],[-70.8782,46.9289],[-70.8943,46.9171],[-70.9433,46.8969],[-70.9527,46.8951],[-70.9674,46.8855],[-70.9698,46.8819],[-70.9798,46.8737],[-71.0043,46.8588],[-71.0149,46.8588],[-71.0256,46.8564],[-71.0437,46.8552],[-71.0492,46.8542],[-71.0556,46.8509],[-71.0781,46.8489],[-71.118,46.8497],[-71.1243,46.8485],[-71.1297,46.8452],[-71.135,46.8455],[-71.1394,46.8478],[-71.1417,46.8508],[-71.1299,46.8614],[-71.1197,46.8758],[-71.1102,46.8818],[-71.1065,46.886],[-71.0949,46.8928],[-71.0897,46.8983],[-71.0745,46.9039],[-71.0586,46.9142],[-71.0522,46.9209],[-71.0481,46.9234],[-71.0224,46.9325],[-71.0067,46.9436],[-70.9954,46.9547],[-70.9788,46.9647],[-70.9511,46.9876],[-70.937,46.996],[-70.9293,46.999],[-70.8794,47.0112],[-70.8587,47.0206],[-70.8425,47.0247],[-70.8374,47.0238],[-70.8271,47.0189]]]]}},{"type":"Feature","properties":{"CO_CEP":787,"NM_CEP":"Lotbinière-Frontenac"},"geometry":{"type":"MultiPolygon","coordinates":[[[[-71.4276,46.6366],[-71.4199,46.6393],[-71.4032,46.6283],[-71.4096,46.6257],[-71.3694,46.5984],[-71.3573,46.5914],[-71.2686,46.5288],[-71.2428,46.5468],[-71.2321,46.5298],[-71.2159,46.541],[-71.1949,46.5265],[-71.211,46.5152],[-71.1916,46.5017],[-71.2085,46.4947],[-71.2279,46.4814],[-71.159,46.4179],[-71.1476,46.3973],[-71.1306,46.3811],[-71.1151,46.3732],[-71.1134,46.3717],[-71.1106,46.3639],[-71.1032,46.359],[-71.1217,46.3496],[-71.1248,46.3517],[-71.1457,46.3412],[-71.1001,46.3089],[-71.1052,46.3087],[-71.1195,46.2991],[-71.1091,46.2899],[-71.0986,46.2789],[-71.0998,46.2782],[-71.0983,46.2772],[-71.0827,46.2877],[-70.979,46.1901],[-71.0134,46.168],[-71.0019,46.159],[-71.0153,46.1501],[-71.0272,46.1589],[-71.0361,46.1533],[-71.0489,46.1654],[-71.0621,46.1564],[-71.0664,46.1605],[-71.0621,46.1635],[-71.0666,46.1677],[-71.0709,46.1648],[-71.0747,46.1682],[-71.0886,46.1592],[-71.0799,46.1513],[-71.105,46.1351],[-71.0879,46.1324],[-71.1005,46.1247],[-71.0422,46.0735],[-71.0296,46.0817],[-71.0113,46.0664],[-71.0247,46.0577],[-70.9876,46.0247],[-71.002,46.0106],[-70.9904,46.0049],[-71.0076,45.988],[-71.0465,46.0063],[-71.1068,45.9461],[-71.1298,45.9574],[-71.1633,45.9244],[-71.1825,45.9456],[-71.1949,45.9562],[-71.2034,45.9603],[-71.2277,45.9681],[-71.2336,45.9681],[-71.2438,45.9655],[-71.2675,45.9519],[-71.2731,45.9499],[-71.2816,45.9399],[-71.2896,45.9367],[-71.2909,45.9341],[-71.3058,45.9319],[-71.3073,45.9292],[-71.3106,45.9281],[-71.3117,45.9249],[-71.4124,45.9777],[-71.4586,45.9328],[-71.4458,45.9263],[-71.4565,45.9158],[-71.4555,45.9155],[-71.4569,45.912],[-71.4561,45.9105],[-71.4717,45.9063],[-71.4796,45.9026],[-71.4823,45.9005],[-71.4832,45.8965],[-71.4875,45.8942],[-71.486,45.8932],[-71.4898,45.8895],[-71.4985,45.8938],[-71.5017,45.8909],[-71.5514,45.9161],[-71.562,45.9059],[-71.6859,45.967],[-71.5097,46.1373],[-71.5339,46.1492],[-71.5231,46.16],[-71.5295,46.1631],[-71.4833,46.2066],[-71.488,46.2091],[-71.4854,46.2138],[-71.4668,46.2312],[-71.4455,46.2202],[-71.4346,46.2308],[-71.4193,46.2233],[-71.3719,46.2678],[-71.5085,46.3384],[-71.4814,46.356],[-71.5081,46.3766],[-71.479,46.3959],[-71.5314,46.4344],[-71.5655,46.4128],[-71.6175,46.4516],[-71.6859,46.4093],[-71.6959,46.4057],[-71.7602,46.3638],[-72.0118,46.5437],[-72.0134,46.5427],[-72.0284,46.553],[-72.0321,46.5533],[-72.0331,46.5554],[-72.0377,46.5572],[-72.0193,46.5614],[-72.0108,46.5651],[-72.0,46.5738],[-71.9982,46.5779],[-71.9949,46.5811],[-71.9812,46.5903],[-71.9637,46.607],[-71.9541,46.6121],[-71.943,46.6161],[-71.9193,46.6223],[-71.9062,46.6302],[-71.8928,46.6486],[-71.8703,46.6637],[-71.8601,46.6669],[-71.8505,46.6677],[-71.8463,46.6696],[-71.8442,46.6662],[-71.8206,46.6506],[-71.8107,46.6404],[-71.8011,46.6385],[-71.7957,46.6354],[-71.7838,46.633],[-71.7794,46.6306],[-71.7673,46.6286],[-71.7512,46.6296],[-71.7409,46.6276],[-71.7282,46.6287],[-71.6965,46.6287],[-71.643,46.6376],[-71.6308,46.6421],[-71.5991,46.662],[-71.5886,46.6646],[-71.5833,46.6673],[-71.5722,46.666],[-71.5554,46.6677],[-71.5416,46.6721],[-71.5362,46.675],[-71.5208,46.6792],[-71.5043,46.6881],[-71.4276,46.6366]]]]}},{"type":"Feature","properties":{"CO_CEP":811,"NM_CEP":"Îles-de-la-Madeleine"},"geometry":{"type":"MultiPolygon","coordinates":[[[[-61.4024,47.6299],[-61.3948,47.6265],[-61.3892,47.6186],[-61.3883,47.613],[-61.3931,47.6112],[-61.4082,47.6139],[-61.4183,47.6128],[-61.4548,47.5991],[-61.4639,47.5898],[-61.4694,47.5814],[-61.4713,47.5754],[-61.4707,47.572],[-61.4655,47.5695],[-61.4762,47.569],[-61.4858,47.5711],[-61.4961,47.5652],[-61.5002,47.5612],[-61.5076,47.5501],[-61.5259,47.5437],[-61.5321,47.5432],[-61.5202,47.5475],[-61.5127,47.5485],[-61.5088,47.5513],[-61.5065,47.5549],[-61.5071,47.5595],[-61.5114,47.5564],[-61.5173,47.5554],[-61.5223,47.5528],[-61.5351,47.5443],[-61.5402,47.5433],[-61.5496,47.5458],[-61.5592,47.5451],[-61.5585,47.5515],[-61.5625,47.557],[-61.5579,47.5562],[-61.554,47.553],[-61.549,47.5558],[-61.5383,47.5578],[-61.5226,47.5631],[-61.5193,47.5666],[-61.5097,47.5709],[-61.5077,47.5737],[-61.4969,47.5798],[-61.4951,47.5835],[-61.4953,47.59],[-61.4902,47.5897],[-61.4946,47.5821],[-61.4912,47.579],[-61.4823,47.5774],[-61.4847,47.5858],[-61.4786,47.6086],[-61.4834,47.6144],[-61.4767,47.6164],[-61.4727,47.6198],[-61.4678,47.6208],[-61.4677,47.6178],[-61.4633,47.6176],[-61.4458,47.6265],[-61.4468,47.631],[-61.4515,47.6303],[-61.4703,47.6244],[-61.4723,47.6213],[-61.4772,47.6184],[-61.4989,47.6177],[-61.4996,47.614],[-61.5097,47.6145],[-61.5391,47.6079],[-61.5411,47.6114],[-61.5381,47.6178],[-61.5213,47.6218],[-61.5191,47.6246],[-61.5323,47.6246],[-61.538,47.6236],[-61.5396,47.6207],[-61.5498,47.6197],[-61.5563,47.6166],[-61.5628,47.6098],[-61.5683,47.6087],[-61.5885,47.6002],[-61.5941,47.5953],[-61.5938,47.5919],[-61.602,47.5865],[-61.604,47.583],[-61.6208,47.5727],[-61.6433,47.5633],[-61.6647,47.5506],[-61.6746,47.547],[-61.6793,47.5434],[-61.6964,47.5357],[-61.6995,47.5329],[-61.7016,47.5256],[-61.7098,47.5209],[-61.7169,47.5207],[-61.7425,47.4997],[-61.747,47.4933],[-61.7515,47.4926],[-61.761,47.4866],[-61.7873,47.4673],[-61.7922,47.465],[-61.7959,47.4613],[-61.801,47.459],[-61.8027,47.4556],[-61.8076,47.4543],[-61.8239,47.4427],[-61.8284,47.4421],[-61.8336,47.4394],[-61.8383,47.4321],[-61.8431,47.4305],[-61.846,47.4269],[-61.8524,47.4241],[-61.8674,47.4232],[-61.8721,47.4217],[-61.8678,47.421],[-61.8696,47.4105],[-61.8663,47.4068],[-61.8707,47.3992],[-61.8664,47.3978],[-61.8554,47.3994],[-61.8514,47.3966],[-61.8465,47.3968],[-61.8447,47.4033],[-61.8415,47.4061],[-61.8427,47.3982],[-61.851,47.3916],[-61.8572,47.3822],[-61.8545,47.378],[-61.8607,47.3782],[-61.8655,47.3754],[-61.8708,47.3654],[-61.8725,47.3572],[-61.8814,47.3489],[-61.8793,47.3458],[-61.8937,47.352],[-61.9038,47.3515],[-61.9094,47.3505],[-61.9171,47.3468],[-61.9204,47.3437],[-61.9259,47.3423],[-61.9309,47.3372],[-61.9361,47.323],[-61.9346,47.3049],[-61.9312,47.2954],[-61.9154,47.2684],[-61.9068,47.2584],[-61.8974,47.2502],[-61.8737,47.2396],[-61.8695,47.239],[-61.8646,47.2407],[-61.8506,47.2395],[-61.8375,47.2367],[-61.8322,47.2395],[-61.8275,47.2373],[-61.8302,47.2343],[-61.8289,47.2372],[-61.8333,47.2379],[-61.8378,47.2362],[-61.8408,47.2329],[-61.8354,47.2324],[-61.8377,47.229],[-61.8366,47.2259],[-61.831,47.2281],[-61.8227,47.2293],[-61.8164,47.2353],[-61.8107,47.2386],[-61.8038,47.2458],[-61.8003,47.2524],[-61.7848,47.2678],[-61.7798,47.2685],[-61.788,47.2613],[-61.8096,47.2343],[-61.8177,47.227],[-61.8338,47.2192],[-61.8435,47.2166],[-61.858,47.2167],[-61.8794,47.2201],[-61.8835,47.2218],[-61.879,47.2226],[-61.8685,47.2205],[-61.8635,47.2213],[-61.8619,47.2248],[-61.8907,47.2354],[-61.8961,47.2402],[-61.896,47.237],[-61.9007,47.2307],[-61.9062,47.2321],[-61.9155,47.23],[-61.9062,47.2297],[-61.8972,47.2277],[-61.8875,47.2236],[-61.8946,47.2222],[-61.9087,47.2232],[-61.9272,47.2213],[-61.9323,47.2191],[-61.9475,47.2162],[-61.9509,47.2128],[-61.9712,47.2121],[-61.9823,47.218],[-61.994,47.2192],[-62.0035,47.2164],[-62.0082,47.2178],[-62.0162,47.2241],[-62.021,47.2365],[-62.0184,47.2398],[-62.0162,47.246],[-62.01,47.2538],[-61.9986,47.2635],[-61.98,47.2864],[-61.9654,47.3111],[-61.9526,47.3388],[-61.9511,47.3459],[-61.9519,47.352],[-61.9547,47.3571],[-61.9597,47.3611],[-61.9655,47.3635],[-61.9621,47.3665],[-61.9571,47.3675],[-61.9572,47.3711],[-61.9594,47.3745],[-61.9576,47.3782],[-61.9576,47.3815],[-61.9607,47.3849],[-61.9554,47.3859],[-61.9434,47.3966],[-61.9378,47.3998],[-61.9344,47.4062],[-61.9293,47.4075],[-61.9194,47.414],[-61.909,47.4159],[-61.8978,47.4206],[-61.8916,47.4198],[-61.8854,47.4214],[-61.8609,47.4296],[-61.8152,47.4544],[-61.7921,47.4678],[-61.7606,47.4892],[-61.7188,47.523],[-61.7122,47.5318],[-61.7072,47.5321],[-61.7002,47.535],[-61.6777,47.5469],[-61.6435,47.5689],[-61.5592,47.6199],[-61.5263,47.6313],[-61.5164,47.6298],[-61.5132,47.6259],[-61.4977,47.6238],[-61.4815,47.6254],[-61.4467,47.6334],[-61.4317,47.6351],[-61.4208,47.6343],[-61.4024,47.6299]]],[[[-61.4439,47.8025],[-61.4333,47.7982],[-61.4287,47.799],[-61.4184,47.7972],[-61.4142,47.7946],[-61.4291,47.7957],[-61.4336,47.7977],[-61.4383,47.7949],[-61.4431,47.7952],[-61.4478,47.7923],[-61.4544,47.7933],[-61.4594,47.7923],[-61.4732,47.7832],[-61.489,47.7766],[-61.501,47.7778],[-61.5108,47.7811],[-61.4988,47.7914],[-61.4943,47.7919],[-61.4892,47.7947],[-61.474,47.7918],[-61.4682,47.7975],[-61.4612,47.7985],[-61.4566,47.8022],[-61.4439,47.8025]]],[[[-61.6911,47.5102],[-61.696,47.5075],[-61.6957,47.5104],[-61.6918,47.5132],[-61.6843,47.5263],[-61.6795,47.5267],[-61.6632,47.5385],[-61.6597,47.5427],[-61.6474,47.5471],[-61.6425,47.5468],[-61.6323,47.5493],[-61.6271,47.5511],[-61.624,47.5541],[-61.6038,47.5576],[-61.5971,47.5572],[-61.6161,47.5535],[-61.6434,47.5436],[-61.6743,47.5262],[-61.6911,47.5102]]],[[[-61.6883,47.2887],[-61.6825,47.2785],[-61.6838,47.2757],[-61.6883,47.2723],[-61.6899,47.2693],[-61.6947,47.2681],[-61.6991,47.2689],[-61.7051,47.267],[-61.714,47.2698],[-61.7156,47.276],[-61.7183,47.2793],[-61.7033,47.2847],[-61.6982,47.2837],[-61.6883,47.2887]]],[[[-61.7532,47.4302],[-61.7549,47.4117],[-61.7594,47.4054],[-61.7702,47.3982],[-61.7729,47.3935],[-61.7713,47.3904],[-61.7818,47.391],[-61.7874,47.3896],[-61.7923,47.3909],[-61.8024,47.3911],[-61.808,47.3946],[-61.8311,47.4007],[-61.8373,47.4035],[-61.8398,47.4068],[-61.8306,47.4029],[-61.824,47.4026],[-61.8228,47.4057],[-61.8274,47.4085],[-61.8029,47.419],[-61.7983,47.4171],[-61.7928,47.4184],[-61.7939,47.4225],[-61.7891,47.4289],[-61.7836,47.4289],[-61.7771,47.4317],[-61.774,47.4348],[-61.7712,47.4318],[-61.762,47.4307],[-61.761,47.4436],[-61.7616,47.4481],[-61.7641,47.4533],[-61.7541,47.4758],[-61.7307,47.4828],[-61.7173,47.4851],[-61.7116,47.4878],[-61.7079,47.4907],[-61.704,47.4965],[-61.7003,47.5054],[-61.6961,47.5051],[-61.7046,47.4921],[-61.7112,47.4845],[-61.7242,47.477],[-61.7298,47.4717],[-61.7406,47.458],[-61.75,47.4409],[-61.7532,47.4302]]]]}},{"type":"Feature","properties":{"CO_CEP":821,"NM_CEP":"Chicoutimi"},"geometry":{"type":"MultiPolygon","coordinates":[[[[-70.955,48.4356],[-70.9519,48.4304],[-70.945,48.4277],[-70.9384,48.4286],[-70.9283,48.4251],[-70.9233,48.4248],[-70.9123,48.4204],[-70.9664,48.3708],[-70.9903,48.3825],[-71.0263,48.3483],[-71.0642,48.366],[-71.0981,48.3351],[-71.1845,48.3737],[-71.17,48.3872],[-71.1565,48.3835],[-71.1276,48.4107],[-71.1359,48.4132],[-71.1395,48.4161],[-71.1252,48.4294],[-71.1297,48.4312],[-71.1241,48.4378],[-71.0888,48.4346],[-71.0747,48.4303],[-71.0588,48.4309],[-71.039,48.4299],[-71.0335,48.431],[-71.0088,48.4443],[-70.9995,48.4479],[-70.9926,48.4487],[-70.9757,48.4425],[-70.9653,48.4371],[-70.955,48.4356]]],[[[-71.0484,48.4615],[-71.0526,48.4514],[-71.0267,48.4451],[-71.0366,48.4359],[-71.0413,48.4337],[-71.0565,48.4363],[-71.0622,48.4364],[-71.0674,48.4348],[-71.0831,48.4376],[-71.092,48.4411],[-71.1208,48.4449],[-71.1121,48.4661],[-71.0779,48.4576],[-71.0741,48.4669],[-71.0484,48.4615]]]]}},{"type":"Feature","properties":{"CO_CEP":577,"NM_CEP":"Groulx"},"geometry":{"type":"MultiPolygon","coordinates":[[[[-73.8453,45.6473],[-73.8416,45.6509],[-73.8401,45.65],[-73.8401,45.6515],[-73.8382,45.6503],[-73.834,45.6533],[-73.8423,45.659],[-73.8399,45.6609],[-73.8131,45.6429],[-73.8103,45.647],[-73.8069,45.6478],[-73.8074,45.6499],[-73.8018,45.6512],[-73.7998,45.6508],[-73.7986,45.649],[-73.7958,45.6512],[-73.7908,45.651],[-73.8022,45.6586],[-73.7939,45.6648],[-73.7702,45.6501],[-73.7738,45.6455],[-73.7789,45.6433],[-73.7806,45.6363],[-73.7907,45.6302],[-73.7933,45.6247],[-73.7995,45.6194],[-73.8083,45.6194],[-73.8132,45.616],[-73.8281,45.611],[-73.8318,45.6069],[-73.8293,45.5998],[-73.8333,45.5979],[-73.8368,45.5938],[-73.834,45.5907],[-73.8339,45.5876],[-73.8389,45.5868],[-73.8409,45.5828],[-73.8413,45.5827],[-73.8478,45.5892],[-73.8497,45.5876],[-73.87,45.6],[-73.8751,45.5971],[-73.8803,45.6024],[-73.8804,45.6066],[-73.9314,45.6394],[-73.9298,45.6404],[-73.9196,45.6333],[-73.8931,45.6376],[-73.8952,45.639],[-73.8896,45.6409],[-73.8849,45.6388],[-73.8802,45.6386],[-73.8792,45.6399],[-73.8715,45.6419],[-73.8824,45.6492],[-73.8781,45.6497],[-73.8671,45.6425],[-73.8639,45.6437],[-73.8807,45.6552],[-73.8701,45.6633],[-73.8453,45.6473]]],[[[-73.8256,45.6033],[-73.8257,45.6041],[-73.8255,45.604],[-73.8256,45.6033]]],[[[-73.8421,45.5826],[-73.8427,45.5825],[-73.843,45.5827],[-73.8421,45.5826]]]]}},{"type":"Feature","properties":{"CO_CEP":141,"NM_CEP":"Drummond-Bois-Francs"},"geometry":{"type":"MultiPolygon","coordinates":[[[[-72.5136,46.0957],[-72.5077,46.0955],[-72.5069,46.0926],[-72.5084,46.0883],[-72.5074,46.0841],[-72.4924,46.0794],[-72.49,46.0759],[-72.4925,46.0736],[-72.4936,46.066],[-72.4982,46.0544],[-72.4947,46.0526],[-72.4919,46.0474],[-72.4853,46.0431],[-72.4805,46.0369],[-72.4753,46.0402],[-72.4578,46.0387],[-72.4545,46.0414],[-72.4503,46.0417],[-72.4451,46.045],[-72.4425,46.0448],[-72.4403,46.0473],[-72.4311,46.0422],[-72.425,46.0458],[-72.4208,46.0465],[-72.4144,46.0442],[-72.4097,46.0385],[-72.4107,46.0319],[-72.3971,46.0231],[-72.3544,46.0587],[-72.3072,46.0312],[-72.2904,46.0462],[-72.2583,46.0632],[-72.2252,46.0873],[-72.2158,46.0814],[-72.2158,46.0827],[-72.2141,46.0831],[-72.2141,46.0977],[-72.1918,46.1023],[-72.192,46.0915],[-72.1783,46.1008],[-72.1787,46.0757],[-72.1627,46.0786],[-72.1617,46.0648],[-72.1619,46.0346],[-72.1408,46.0386],[-72.1452,46.0346],[-72.1136,46.0172],[-72.0972,46.0327],[-72.0825,46.0246],[-72.069,46.0374],[-72.0542,46.0294],[-72.0453,46.0378],[-72.0299,46.0297],[-72.0436,46.0172],[-72.0142,46.0011],[-71.9863,46.0265],[-71.8784,45.9661],[-71.8089,46.0342],[-71.6825,45.9703],[-71.6859,45.967],[-71.562,45.9059],[-71.5514,45.9161],[-71.5017,45.8909],[-71.4985,45.8938],[-71.4554,45.8721],[-71.4628,45.8367],[-71.4672,45.8222],[-71.4608,45.8191],[-71.499,45.7919],[-71.5232,45.8046],[-71.5416,45.7877],[-71.5956,45.8156],[-71.5927,45.8174],[-71.5976,45.8199],[-71.5953,45.8221],[-71.6015,45.8253],[-71.6038,45.8232],[-71.6173,45.8305],[-71.6355,45.8139],[-71.77,45.8853],[-71.8614,45.7986],[-71.8694,45.8032],[-71.8745,45.7983],[-71.8791,45.8012],[-71.8805,45.8044],[-71.8848,45.8041],[-71.8912,45.8007],[-71.9047,45.8048],[-71.9166,45.8019],[-71.9179,45.8009],[-71.9178,45.7981],[-71.9212,45.7963],[-72.0296,45.8534],[-72.2063,45.6964],[-72.2093,45.6984],[-72.2099,45.7031],[-72.2129,45.7061],[-72.2147,45.7109],[-72.222,45.7136],[-72.2239,45.7164],[-72.2232,45.7184],[-72.2127,45.7251],[-72.2157,45.7309],[-72.2153,45.7323],[-72.2212,45.7352],[-72.2249,45.7345],[-72.2328,45.7358],[-72.2359,45.7383],[-72.2352,45.741],[-72.2289,45.7413],[-72.2261,45.7428],[-72.2215,45.7491],[-72.2223,45.7536],[-72.2285,45.7644],[-72.234,45.7684],[-72.2447,45.7814],[-72.2537,45.7837],[-72.2609,45.7833],[-72.2676,45.7855],[-72.2743,45.7973],[-72.2834,45.8017],[-72.2854,45.81],[-72.2962,45.8235],[-72.296,45.8276],[-72.2917,45.8308],[-72.2813,45.8326],[-72.2696,45.8317],[-72.2676,45.8334],[-72.2688,45.8354],[-72.2826,45.8375],[-72.3007,45.8452],[-72.3074,45.8453],[-72.3134,45.8427],[-72.3167,45.8397],[-72.3184,45.8334],[-72.3171,45.8288],[-72.3198,45.8223],[-72.3318,45.8159],[-72.3371,45.8153],[-72.3463,45.818],[-72.3518,45.8213],[-72.353,45.8246],[-72.3519,45.8354],[-72.3548,45.8399],[-72.3656,45.8455],[-72.3718,45.8462],[-72.3831,45.854],[-72.388,45.8556],[-72.4186,45.8308],[-72.4739,45.8614],[-72.4844,45.8757],[-72.5534,45.9154],[-72.5198,45.9442],[-72.5365,45.9543],[-72.5395,45.9572],[-72.542,45.9624],[-72.5516,45.967],[-72.5535,45.9736],[-72.5664,45.9746],[-72.578,45.9797],[-72.5914,45.9793],[-72.6142,45.9885],[-72.6402,46.0037],[-72.6552,46.0067],[-72.6182,46.029],[-72.6005,46.0161],[-72.5936,46.0208],[-72.5883,46.0167],[-72.5662,46.0317],[-72.552,46.0213],[-72.5409,46.0285],[-72.5443,46.0311],[-72.5334,46.0384],[-72.565,46.0615],[-72.5429,46.0758],[-72.5453,46.0775],[-72.5272,46.0891],[-72.5174,46.0976],[-72.5136,46.0957]]]]}},{"type":"Feature","properties":{"CO_CEP":651,"NM_CEP":"Hull"},"geometry":{"type":"MultiPolygon","coordinates":[[[[-75.7203,45.4842],[-75.7195,45.4838],[-75.7269,45.4804],[-75.7342,45.4798],[-75.7339,45.4765],[-75.735,45.4753],[-75.7282,45.4715],[-75.7252,45.4635],[-75.7197,45.4582],[-75.7142,45.4571],[-75.7054,45.4584],[-75.6987,45.4555],[-75.6994,45.4515],[-75.7075,45.4465],[-75.7095,45.4426],[-75.7064,45.4428],[-75.7074,45.431],[-75.7066,45.4273],[-75.7119,45.4235],[-75.7241,45.4236],[-75.7328,45.4195],[-75.7442,45.4176],[-75.7536,45.418],[-75.7635,45.412],[-75.767,45.4141],[-75.7736,45.4119],[-75.776,45.432],[-75.7826,45.4306],[-75.7938,45.4309],[-75.7971,45.4301],[-75.7994,45.4278],[-75.8022,45.418],[-75.8088,45.4154],[-75.8103,45.4226],[-75.8147,45.426],[-75.8179,45.4311],[-75.8223,45.4633],[-75.8191,45.4626],[-75.821,45.4664],[-75.8198,45.4691],[-75.8208,45.4717],[-75.7963,45.4735],[-75.7939,45.4587],[-75.7806,45.4597],[-75.7828,45.4733],[-75.7903,45.4781],[-75.794,45.4789],[-75.7967,45.4817],[-75.7958,45.4838],[-75.7908,45.4808],[-75.7916,45.4848],[-75.7845,45.4841],[-75.7842,45.482],[-75.7774,45.4826],[-75.7786,45.4902],[-75.777,45.4903],[-75.7781,45.4892],[-75.7713,45.4844],[-75.769,45.4808],[-75.7613,45.4782],[-75.7594,45.4764],[-75.7555,45.4775],[-75.7524,45.4808],[-75.7481,45.4769],[-75.7435,45.4772],[-75.7458,45.4801],[-75.7507,45.4822],[-75.7506,45.486],[-75.7346,45.4927],[-75.7183,45.489],[-75.7178,45.4879],[-75.7203,45.4842]]]]}},{"type":"Feature","properties":{"CO_CEP":789,"NM_CEP":"Chutes-de-la-Chaudière"},"geometry":{"type":"MultiPolygon","coordinates":[[[[-71.1838,46.7427],[-71.1785,46.7431],[-71.1696,46.74],[-71.1609,46.7434],[-71.1565,46.7405],[-71.1527,46.7428],[-71.1492,46.7382],[-71.1435,46.7364],[-71.1388,46.7332],[-71.1323,46.7236],[-71.1243,46.7195],[-71.1408,46.7079],[-71.1394,46.7032],[-71.1328,46.7079],[-71.133,46.6959],[-71.1377,46.6957],[-71.1382,46.6944],[-71.1356,46.6934],[-71.1342,46.688],[-71.1367,46.6818],[-71.1278,46.682],[-71.1279,46.6692],[-71.2148,46.6076],[-71.2176,46.6192],[-71.2164,46.6337],[-71.2235,46.6517],[-71.2381,46.6421],[-71.2366,46.6371],[-71.2377,46.6337],[-71.237,46.6301],[-71.2401,46.6264],[-71.2323,46.6246],[-71.2364,46.6177],[-71.2543,46.6299],[-71.2668,46.6177],[-71.3321,46.573],[-71.3573,46.5914],[-71.3694,46.5984],[-71.4096,46.6257],[-71.4032,46.6283],[-71.4199,46.6393],[-71.4276,46.6366],[-71.5024,46.6877],[-71.4996,46.6872],[-71.4949,46.6886],[-71.49,46.6921],[-71.4686,46.6977],[-71.4542,46.6989],[-71.4441,46.7035],[-71.426,46.7028],[-71.3971,46.7047],[-71.3762,46.7117],[-71.3625,46.7142],[-71.3386,46.7212],[-71.3373,46.7247],[-71.3281,46.7311],[-71.2844,46.7434],[-71.2779,46.7426],[-71.2734,46.7391],[-71.2819,46.7365],[-71.2847,46.7341],[-71.2841,46.7323],[-71.287,46.7288],[-71.2858,46.7255],[-71.2862,46.7214],[-71.2785,46.7249],[-71.2565,46.7288],[-71.2321,46.7372],[-71.191,46.7488],[-71.1881,46.7506],[-71.1844,46.7556],[-71.1811,46.7533],[-71.1901,46.7443],[-71.1838,46.7427]]]]}},{"type":"Feature","properties":{"CO_CEP":351,"NM_CEP":"Chomedey"},"geometry":{"type":"MultiPolygon","coordinates":[[[[-73.7509,45.5557],[-73.7372,45.5629],[-73.7136,45.5413],[-73.7414,45.5314],[-73.7458,45.5276],[-73.7467,45.5233],[-73.7662,45.5131],[-73.784,45.5309],[-73.7784,45.5323],[-73.7755,45.5354],[-73.7707,45.5378],[-73.7715,45.5406],[-73.7917,45.5597],[-73.7645,45.5679],[-73.7509,45.5557]]]]}},{"type":"Feature","properties":{"CO_CEP":199,"NM_CEP":"La Prairie"},"geometry":{"type":"MultiPolygon","coordinates":[[[[-73.4819,45.4299],[-73.4784,45.4303],[-73.4748,45.4269],[-73.4723,45.4268],[-73.4695,45.4248],[-73.4695,45.4228],[-73.4646,45.4233],[-73.4641,45.4217],[-73.4381,45.4216],[-73.4384,45.4166],[-73.3887,45.4144],[-73.386,45.4124],[-73.3853,45.4102],[-73.393,45.4105],[-73.3801,45.4013],[-73.3822,45.3991],[-73.3861,45.3999],[-73.3858,45.3951],[-73.3882,45.3839],[-73.3978,45.3733],[-73.3954,45.373],[-73.3926,45.3636],[-73.3936,45.3603],[-73.3877,45.3577],[-73.3933,45.3499],[-73.4028,45.3481],[-73.4058,45.3464],[-73.4059,45.342],[-73.408,45.341],[-73.4045,45.3389],[-73.4108,45.3319],[-73.4126,45.3251],[-73.4215,45.3176],[-73.4204,45.3171],[-73.4216,45.3158],[-73.4248,45.3193],[-73.4438,45.3106],[-73.4422,45.3081],[-73.4435,45.3038],[-73.464,45.2941],[-73.4607,45.289],[-73.4762,45.2814],[-73.4798,45.2855],[-73.477,45.2869],[-73.4801,45.2903],[-73.4771,45.2918],[-73.4786,45.2941],[-73.4797,45.2935],[-73.4802,45.2946],[-73.4863,45.2916],[-73.4884,45.2942],[-73.4932,45.2928],[-73.4927,45.2947],[-73.4936,45.2952],[-73.4921,45.2958],[-73.4931,45.2969],[-73.4915,45.2981],[-73.4939,45.2997],[-73.4929,45.3001],[-73.4937,45.3016],[-73.4928,45.3051],[-73.4951,45.3056],[-73.4961,45.3085],[-73.5,45.311],[-73.4865,45.3178],[-73.488,45.3186],[-73.5053,45.3106],[-73.5029,45.3148],[-73.5054,45.3159],[-73.5014,45.3179],[-73.5063,45.32],[-73.5043,45.321],[-73.5093,45.3231],[-73.5081,45.324],[-73.5099,45.3248],[-73.5102,45.3278],[-73.5123,45.3289],[-73.5083,45.3319],[-73.5099,45.3347],[-73.5028,45.3382],[-73.5042,45.3396],[-73.5028,45.3403],[-73.5041,45.3416],[-73.4915,45.3487],[-73.493,45.3492],[-73.5162,45.3374],[-73.5197,45.3442],[-73.5197,45.3534],[-73.5205,45.3538],[-73.5205,45.3493],[-73.5258,45.3518],[-73.5246,45.3532],[-73.5373,45.3591],[-73.5379,45.3618],[-73.5398,45.3626],[-73.5384,45.363],[-73.5592,45.3691],[-73.5579,45.3711],[-73.5684,45.3736],[-73.5668,45.3737],[-73.5669,45.375],[-73.5625,45.3739],[-73.5601,45.3784],[-73.5617,45.3788],[-73.5514,45.3787],[-73.5505,45.3806],[-73.5535,45.3813],[-73.5523,45.3836],[-73.554,45.3851],[-73.5538,45.3863],[-73.5479,45.3875],[-73.5414,45.4004],[-73.5419,45.4014],[-73.5359,45.4025],[-73.5247,45.4012],[-73.5131,45.4065],[-73.5045,45.4127],[-73.4996,45.4187],[-73.4924,45.4317],[-73.4869,45.4311],[-73.484,45.432],[-73.4819,45.4299]]],[[[-73.5241,45.4111],[-73.5399,45.4087],[-73.5198,45.4132],[-73.5137,45.4167],[-73.5064,45.4234],[-73.5033,45.4298],[-73.5028,45.4391],[-73.5018,45.4384],[-73.503,45.4279],[-73.5062,45.4224],[-73.5164,45.4141],[-73.5241,45.4111]]]]}},{"type":"Feature","properties":{"CO_CEP":219,"NM_CEP":"Marie-Victorin"},"geometry":{"type":"MultiPolygon","coordinates":[[[[-73.4398,45.5118],[-73.4429,45.5089],[-73.4426,45.5075],[-73.4896,45.5044],[-73.491,45.5079],[-73.4949,45.5109],[-73.505,45.5141],[-73.5036,45.5116],[-73.525,45.5187],[-73.5277,45.5285],[-73.5274,45.5334],[-73.5227,45.5336],[-73.5184,45.5365],[-73.5172,45.5399],[-73.512,45.5424],[-73.4398,45.5118]]],[[[-73.5264,45.5201],[-73.5256,45.5188],[-73.526,45.519],[-73.5264,45.5201]]]]}},{"type":"Feature","properties":{"CO_CEP":801,"NM_CEP":"Rivière-du-Loup–Témiscouata–Les Basques"},"geometry":{"type":"MultiPolygon","coordinates":[[[[-68.9356,48.2378],[-68.9399,48.2406],[-68.9445,48.2376],[-68.9271,48.227],[-68.923,48.2298],[-68.9185,48.2269],[-68.9098,48.2327],[-68.7654,48.1408],[-68.7684,48.1392],[-68.3831,47.88],[-68.383,47.5533],[-68.5694,47.427],[-68.7988,47.349],[-69.0511,47.3003],[-69.0507,47.3039],[-69.0492,47.3058],[-69.0549,47.3153],[-69.0535,47.3406],[-69.0549,47.3777],[-69.05,47.3785],[-69.0496,47.38],[-69.0509,47.381],[-69.0475,47.3834],[-69.0446,47.3839],[-69.0441,47.3827],[-69.0421,47.3826],[-69.0396,47.3842],[-69.0401,47.386],[-69.0449,47.3886],[-69.0454,47.393],[-69.0435,47.3955],[-69.0437,47.3974],[-69.0392,47.3954],[-69.0376,47.3968],[-69.0418,47.3982],[-69.0427,47.402],[-69.04,47.4002],[-69.0352,47.4018],[-69.0399,47.4022],[-69.0425,47.4048],[-69.0403,47.4057],[-69.0394,47.4037],[-69.0324,47.4022],[-69.0316,47.4031],[-69.0334,47.4044],[-69.0306,47.4074],[-69.0313,47.4091],[-69.0366,47.4077],[-69.0345,47.4146],[-69.0423,47.4157],[-69.0392,47.4196],[-69.0394,47.4223],[-69.0422,47.4236],[-69.0432,47.4268],[-69.0474,47.4277],[-69.0465,47.4242],[-69.0521,47.4221],[-69.0523,47.4233],[-69.0485,47.4242],[-69.0532,47.4285],[-69.0521,47.43],[-69.0538,47.4304],[-69.0545,47.4291],[-69.0568,47.43],[-69.0556,47.4322],[-69.0621,47.4326],[-69.0635,47.4341],[-69.0637,47.4319],[-69.0619,47.4306],[-69.0673,47.4301],[-69.0684,47.4274],[-69.0748,47.4273],[-69.0814,47.4237],[-69.0881,47.4255],[-69.0909,47.4243],[-69.0912,47.4268],[-69.0978,47.4269],[-69.0971,47.4297],[-69.0989,47.4314],[-69.1006,47.4302],[-69.1042,47.4309],[-69.1051,47.4279],[-69.1077,47.4277],[-69.1066,47.4307],[-69.1078,47.4354],[-69.1126,47.4358],[-69.1121,47.4375],[-69.118,47.4392],[-69.122,47.4427],[-69.1234,47.4426],[-69.1236,47.4407],[-69.1268,47.4436],[-69.1334,47.4442],[-69.1393,47.4466],[-69.1395,47.4446],[-69.1411,47.444],[-69.1456,47.4486],[-69.1504,47.4487],[-69.1565,47.4516],[-69.159,47.4484],[-69.1623,47.4474],[-69.1651,47.4492],[-69.1631,47.4503],[-69.1649,47.4515],[-69.1725,47.4535],[-69.1727,47.4556],[-69.1751,47.4554],[-69.1751,47.4564],[-69.1789,47.4574],[-69.1807,47.4561],[-69.1845,47.4564],[-69.1899,47.4536],[-69.1958,47.4555],[-69.2052,47.4519],[-69.2047,47.4534],[-69.2061,47.4541],[-69.2179,47.4566],[-69.2244,47.4598],[-69.3894,47.299],[-69.5885,47.4315],[-69.4542,47.526],[-69.3057,47.627],[-69.3335,47.6458],[-69.3531,47.6608],[-69.4397,47.7183],[-69.4933,47.6658],[-69.5232,47.6849],[-69.5218,47.6863],[-69.539,47.6974],[-69.5408,47.7012],[-69.5396,47.7051],[-69.5463,47.7067],[-69.5456,47.7086],[-69.5272,47.7241],[-69.5273,47.7273],[-69.5346,47.7266],[-69.5492,47.729],[-69.5718,47.7368],[-69.5874,47.7361],[-69.5931,47.7321],[-69.6,47.7332],[-69.6041,47.7354],[-69.6259,47.7165],[-69.6377,47.7141],[-69.6396,47.7122],[-69.6625,47.7273],[-69.6479,47.7317],[-69.6314,47.7459],[-69.6164,47.7642],[-69.5904,47.7895],[-69.5912,47.7942],[-69.5957,47.7956],[-69.5875,47.8022],[-69.59,47.8054],[-69.5883,47.809],[-69.5852,47.812],[-69.5753,47.8165],[-69.5611,47.8308],[-69.5511,47.8435],[-69.5501,47.8475],[-69.5525,47.851],[-69.5518,47.8525],[-69.554,47.8537],[-69.5588,47.8529],[-69.567,47.8464],[-69.5734,47.8467],[-69.5679,47.8485],[-69.5469,47.8673],[-69.5416,47.8743],[-69.5453,47.8779],[-69.5505,47.8771],[-69.5389,47.8883],[-69.5087,47.9124],[-69.509,47.9168],[-69.5,47.9275],[-69.5089,47.9277],[-69.5141,47.9257],[-69.5093,47.9349],[-69.5162,47.9343],[-69.5162,47.9379],[-69.5121,47.942],[-69.4941,47.9506],[-69.489,47.9479],[-69.4838,47.9471],[-69.4777,47.9499],[-69.4739,47.9538],[-69.4761,47.9577],[-69.4355,47.9946],[-69.4196,48.0028],[-69.4078,48.0047],[-69.4056,48.0081],[-69.3995,48.0118],[-69.3924,48.0185],[-69.3876,48.0162],[-69.3771,48.0169],[-69.3722,48.0153],[-69.3554,48.0178],[-69.351,48.0109],[-69.3465,48.0141],[-69.3435,48.0209],[-69.3468,48.0244],[-69.3426,48.0294],[-69.3323,48.0284],[-69.328,48.0329],[-69.3074,48.0445],[-69.3037,48.0477],[-69.3027,48.0508],[-69.2729,48.0724],[-69.2748,48.0759],[-69.2646,48.0886],[-69.2583,48.091],[-69.2508,48.0903],[-69.2294,48.0953],[-69.2148,48.0967],[-69.2199,48.1],[-69.2207,48.1042],[-69.2178,48.1074],[-69.2091,48.112],[-69.2058,48.1152],[-69.2022,48.124],[-69.1847,48.1328],[-69.1816,48.1294],[-69.1748,48.1303],[-69.1694,48.1337],[-69.1626,48.1427],[-69.1444,48.1515],[-69.1388,48.1513],[-69.1328,48.1541],[-69.1301,48.1585],[-69.1304,48.1616],[-69.135,48.1616],[-69.1366,48.1646],[-69.1285,48.1729],[-69.1182,48.1783],[-69.109,48.1849],[-69.1061,48.1881],[-69.1054,48.1917],[-69.0793,48.2062],[-69.0606,48.2188],[-69.0588,48.2223],[-69.0544,48.2259],[-69.0039,48.2531],[-68.9737,48.272],[-68.9279,48.2429],[-68.9302,48.2426],[-68.9356,48.2378]]],[[[-69.2422,48.1446],[-69.2551,48.136],[-69.2606,48.1362],[-69.2428,48.1486],[-69.2422,48.1446]]],[[[-69.3881,48.0638],[-69.3946,48.0528],[-69.4008,48.0452],[-69.4052,48.0407],[-69.4109,48.0376],[-69.4261,48.0233],[-69.4644,48.0],[-69.4692,47.9988],[-69.4888,47.9883],[-69.4893,47.9913],[-69.4848,47.9937],[-69.4456,48.0283],[-69.4276,48.0451],[-69.4239,48.0516],[-69.4047,48.0578],[-69.3989,48.0576],[-69.3944,48.0614],[-69.3881,48.0638]]]]}},{"type":"Feature","properties":{"CO_CEP":831,"NM_CEP":"Ungava"},"geometry":{"type":"MultiPolygon","coordinates":[[[[-77.4952,62.5786],[-77.4855,62.5804],[-77.4797,62.5774],[-77.4695,62.5804],[-77.454,62.5821],[-77.4436,62.5794],[-77.4339,62.5812],[-77.4243,62.5809],[-77.3667,62.5597],[-77.3574,62.5595],[-77.3453,62.5551],[-77.321,62.5544],[-77.3104,62.5577],[-77.2748,62.551],[-77.2671,62.5516],[-77.2534,62.5461],[-77.2231,62.5461],[-77.22,62.545],[-77.2207,62.5414],[-77.2172,62.5407],[-77.2073,62.5412],[-77.191,62.5447],[-77.1868,62.5438],[-77.1851,62.5409],[-77.1828,62.5399],[-77.1709,62.5391],[-77.1626,62.5363],[-77.129,62.5344],[-77.1126,62.5368],[-77.082,62.5336],[-77.0543,62.5336],[-77.0204,62.5308],[-77.0144,62.5335],[-77.0046,62.5348],[-76.9905,62.5327],[-76.9832,62.5352],[-76.9683,62.5358],[-76.9637,62.5371],[-76.9574,62.536],[-76.9488,62.5376],[-76.9303,62.5377],[-76.8948,62.5328],[-76.8656,62.525],[-76.8562,62.5255],[-76.8378,62.5222],[-76.8119,62.5236],[-76.8024,62.5206],[-76.8002,62.5207],[-76.8005,62.5221],[-76.7967,62.5224],[-76.7833,62.5179],[-76.7633,62.5159],[-76.7305,62.5054],[-76.7172,62.5029],[-76.7138,62.5005],[-76.7045,62.4975],[-76.703,62.4947],[-76.6675,62.489],[-76.6676,62.4878],[-76.6621,62.4862],[-76.6532,62.4865],[-76.6527,62.4831],[-76.6433,62.479],[-76.6375,62.4792],[-76.5524,62.4579],[-76.5487,62.4564],[-76.5491,62.4549],[-76.5419,62.4526],[-76.5055,62.4483],[-76.5029,62.4444],[-76.4992,62.4427],[-76.4834,62.4461],[-76.4736,62.4421],[-76.4608,62.4417],[-76.4569,62.4399],[-76.4542,62.435],[-76.4433,62.4339],[-76.4407,62.432],[-76.4392,62.4283],[-76.4328,62.4253],[-76.4229,62.4266],[-76.4186,62.4304],[-76.4125,62.4326],[-76.406,62.4292],[-76.3928,62.4328],[-76.3852,62.4304],[-76.3814,62.4272],[-76.3695,62.4278],[-76.3604,62.4232],[-76.3522,62.4227],[-76.3487,62.4209],[-76.3084,62.4198],[-76.2963,62.4176],[-76.2932,62.4178],[-76.2932,62.4195],[-76.2913,62.4198],[-76.2894,62.4171],[-76.2796,62.4131],[-76.2748,62.4096],[-76.255,62.4013],[-76.2315,62.3985],[-76.2208,62.3995],[-76.1802,62.3858],[-76.1687,62.3846],[-76.1536,62.3853],[-76.1373,62.3811],[-76.127,62.3813],[-76.1102,62.378],[-76.0344,62.3552],[-76.0234,62.3551],[-75.9632,62.3474],[-75.9547,62.352],[-75.9457,62.3522],[-75.922,62.3464],[-75.9186,62.3422],[-75.8964,62.3353],[-75.8958,62.3333],[-75.883,62.3303],[-75.8787,62.3306],[-75.8763,62.3268],[-75.8641,62.3222],[-75.8402,62.3196],[-75.7816,62.3069],[-75.7523,62.3069],[-75.7337,62.3047],[-75.7284,62.3023],[-75.7141,62.3044],[-75.7128,62.3023],[-75.7023,62.3],[-75.6925,62.2948],[-75.683,62.2971],[-75.6733,62.2946],[-75.6631,62.2974],[-75.6502,62.2956],[-75.6497,62.293],[-75.6477,62.2919],[-75.639,62.2923],[-75.6349,62.2894],[-75.6245,62.2914],[-75.5821,62.2871],[-75.575,62.2874],[-75.5677,62.2891],[-75.5661,62.2914],[-75.5584,62.293],[-75.5522,62.2961],[-75.4529,62.3035],[-75.4115,62.3093],[-75.4063,62.3068],[-75.3998,62.3068],[-75.3953,62.3103],[-75.3864,62.313],[-75.3792,62.3124],[-75.3688,62.3156],[-75.3436,62.317],[-75.3329,62.3146],[-75.3173,62.3137],[-75.3053,62.3079],[-75.2963,62.3069],[-75.2857,62.3032],[-75.2809,62.3002],[-75.2315,62.2989],[-75.204,62.2955],[-75.1908,62.2921],[-75.1842,62.2929],[-75.1879,62.2917],[-75.1866,62.2908],[-75.1507,62.2878],[-75.1395,62.288],[-75.1105,62.2835],[-75.0772,62.2699],[-75.0569,62.2727],[-75.0396,62.2679],[-75.0273,62.2683],[-75.0253,62.2669],[-75.0067,62.2671],[-75.0024,62.266],[-74.9898,62.2677],[-74.9831,62.2663],[-74.9698,62.2663],[-74.9147,62.2562],[-74.8897,62.2457],[-74.865,62.2411],[-74.8532,62.243],[-74.8033,62.2404],[-74.7063,62.2554],[-74.701,62.2554],[-74.6924,62.2534],[-74.6751,62.2563],[-74.672,62.2544],[-74.6532,62.2537],[-74.6407,62.2555],[-74.6347,62.2583],[-74.6236,62.2597],[-74.6046,62.2597],[-74.5965,62.2567],[-74.5852,62.2563],[-74.5771,62.2545],[-74.531,62.2523],[-74.4983,62.2483],[-74.4754,62.2478],[-74.4398,62.25],[-74.4124,62.249],[-74.4023,62.2503],[-74.3742,62.2602],[-74.3543,62.2606],[-74.3442,62.2661],[-74.34,62.2702],[-74.3367,62.2765],[-74.3342,62.2782],[-74.3187,62.2843],[-74.3091,62.2839],[-74.2976,62.2869],[-74.2753,62.3041],[-74.2709,62.3119],[-74.2732,62.3157],[-74.2623,62.3194],[-74.2563,62.3255],[-74.2391,62.3281],[-74.2303,62.3273],[-74.2186,62.3311],[-74.1995,62.3336],[-74.1967,62.337],[-74.1885,62.3399],[-74.1842,62.344],[-74.1673,62.3438],[-74.1414,62.3467],[-74.1083,62.3558],[-74.0993,62.3537],[-74.0858,62.3541],[-74.0757,62.3567],[-74.0583,62.3577],[-74.0511,62.3591],[-74.032,62.3668],[-74.0218,62.3668],[-74.0137,62.3695],[-74.0097,62.3715],[-74.0,62.3803],[-73.9867,62.3828],[-73.9737,62.3888],[-73.9537,62.4045],[-73.9444,62.4057],[-73.944,62.4075],[-73.9407,62.4097],[-73.9319,62.4108],[-73.914,62.4247],[-73.9125,62.427],[-73.9158,62.4295],[-73.9114,62.4329],[-73.8996,62.4374],[-73.8994,62.4385],[-73.8921,62.439],[-73.8889,62.4412],[-73.8858,62.4414],[-73.8854,62.4432],[-73.8679,62.4489],[-73.8628,62.4528],[-73.8633,62.4538],[-73.8589,62.4554],[-73.8605,62.4577],[-73.8505,62.4622],[-73.85,62.4636],[-73.8395,62.465],[-73.8303,62.461],[-73.8202,62.4612],[-73.8162,62.4631],[-73.8101,62.464],[-73.7988,62.4633],[-73.7882,62.4652],[-73.7887,62.4664],[-73.7829,62.4687],[-73.7715,62.4679],[-73.7611,62.4712],[-73.7483,62.4727],[-73.7339,62.4775],[-73.7301,62.4774],[-73.7233,62.4745],[-73.7153,62.4751],[-73.7112,62.4764],[-73.7113,62.4825],[-73.706,62.4839],[-73.696,62.4836],[-73.6831,62.4799],[-73.6711,62.4802],[-73.6603,62.4761],[-73.6573,62.4726],[-73.6587,62.4717],[-73.6582,62.4706],[-73.6526,62.4668],[-73.6521,62.4647],[-73.6476,62.463],[-73.6504,62.4603],[-73.6491,62.4584],[-73.644,62.4566],[-73.6419,62.4543],[-73.6301,62.4521],[-73.6257,62.4481],[-73.614,62.443],[-73.6,62.429],[-73.5938,62.4287],[-73.5939,62.4273],[-73.6002,62.4246],[-73.6008,62.4224],[-73.5927,62.4173],[-73.5843,62.414],[-73.5477,62.4033],[-73.5085,62.3957],[-73.4868,62.3898],[-73.4875,62.3886],[-73.4851,62.3877],[-73.4738,62.3892],[-73.4658,62.389],[-73.461,62.3853],[-73.4603,62.3829],[-73.4556,62.3812],[-73.4438,62.3814],[-73.3851,62.3767],[-73.3821,62.3751],[-73.3828,62.3736],[-73.3705,62.3634],[-73.361,62.361],[-73.3521,62.3569],[-73.3443,62.3557],[-73.3245,62.3474],[-73.3223,62.3456],[-73.3226,62.3439],[-73.3183,62.3407],[-73.2976,62.3338],[-73.2902,62.332],[-73.2723,62.3303],[-73.2675,62.3273],[-73.2567,62.3253],[-73.2213,62.3223],[-73.221,62.3211],[-73.208,62.3196],[-73.1919,62.3149],[-73.1684,62.2949],[-73.1686,62.2863],[-73.1646,62.2761],[-73.1664,62.2709],[-73.1642,62.2645],[-73.1439,62.251],[-73.1164,62.2382],[-73.1011,62.2343],[-73.0948,62.2266],[-73.0825,62.2171],[-73.0521,62.2091],[-73.043,62.202],[-73.0011,62.1954],[-72.9871,62.1842],[-72.9604,62.1771],[-72.9498,62.1692],[-72.9412,62.1668],[-72.918,62.1649],[-72.9064,62.1623],[-72.8883,62.1558],[-72.8805,62.1543],[-72.8728,62.148],[-72.8638,62.1445],[-72.8009,62.1359],[-72.7939,62.137],[-72.7834,62.1353],[-72.7711,62.1405],[-72.7511,62.144],[-72.7214,62.1413],[-72.7138,62.1387],[-72.7018,62.1384],[-72.6694,62.1311],[-72.6536,62.1237],[-72.6414,62.1228],[-72.6354,62.1203],[-72.632,62.1166],[-72.6265,62.1133],[-72.6135,62.1121],[-72.6069,62.1055],[-72.6077,62.1002],[-72.6052,62.0982],[-72.6015,62.0977],[-72.6,62.094],[-72.608,62.0879],[-72.6036,62.0862],[-72.5995,62.0824],[-72.6073,62.0791],[-72.608,62.0721],[-72.6017,62.0679],[-72.5984,62.0595],[-72.5842,62.0537],[-72.5818,62.0506],[-72.582,62.0482],[-72.5888,62.0471],[-72.5874,62.0438],[-72.5891,62.0427],[-72.5932,62.027],[-72.5925,62.0216],[-72.5956,62.0197],[-72.5919,62.0168],[-72.591,62.0144],[-72.5928,62.0129],[-72.5847,62.0003],[-72.5816,61.9988],[-72.5868,61.9935],[-72.5865,61.9912],[-72.5789,61.9837],[-72.5748,61.9818],[-72.5794,61.9792],[-72.5789,61.9779],[-72.5717,61.974],[-72.5626,61.9717],[-72.4911,61.9296],[-72.4714,61.9241],[-72.468,61.9191],[-72.4619,61.9163],[-72.455,61.9157],[-72.4449,61.9121],[-72.4413,61.9078],[-72.4378,61.9062],[-72.4151,61.9044],[-72.3844,61.8944],[-72.3685,61.8969],[-72.3589,61.8948],[-72.3478,61.8957],[-72.3263,61.8888],[-72.3094,61.8912],[-72.3,61.8894],[-72.279,61.8907],[-72.2756,61.8894],[-72.2656,61.8895],[-72.2552,61.8831],[-72.2384,61.8819],[-72.2345,61.8835],[-72.2288,61.8828],[-72.225,61.8778],[-72.2096,61.8747],[-72.2086,61.8708],[-72.1951,61.8664],[-72.1928,61.8613],[-72.1797,61.8538],[-72.1779,61.8486],[-72.1778,61.8395],[-72.1748,61.834],[-72.1687,61.8308],[-72.1596,61.8286],[-72.1597,61.826],[-72.1574,61.8243],[-72.1585,61.8232],[-72.1568,61.8215],[-72.1521,61.8179],[-72.1443,61.8153],[-72.1376,61.8091],[-72.1278,61.8066],[-72.111,61.7977],[-72.0728,61.7574],[-72.0466,61.7484],[-72.0436,61.746],[-72.0454,61.7428],[-72.0438,61.7413],[-72.0452,61.7409],[-72.0448,61.7396],[-72.0353,61.7352],[-72.0341,61.7332],[-72.0284,61.7302],[-72.0159,61.7296],[-72.0125,61.7274],[-72.0077,61.7275],[-71.9036,61.7094],[-71.9018,61.7058],[-71.8949,61.7068],[-71.8927,61.7057],[-71.8901,61.703],[-71.8914,61.6979],[-71.8846,61.6967],[-71.8797,61.6967],[-71.8681,61.6992],[-71.8644,61.7013],[-71.8589,61.7017],[-71.8332,61.6994],[-71.8236,61.6972],[-71.818,61.6977],[-71.805,61.6948],[-71.8,61.6919],[-71.7776,61.6854],[-71.777,61.6839],[-71.7694,61.6845],[-71.7437,61.6784],[-71.7361,61.6735],[-71.7266,61.6722],[-71.7214,61.6688],[-71.7124,61.6667],[-71.7,61.668],[-71.687,61.6632],[-71.6669,61.6614],[-71.6587,61.6591],[-71.6429,61.6581],[-71.6354,61.655],[-71.6234,61.6525],[-71.6233,61.6496],[-71.6192,61.6471],[-71.6184,61.644],[-71.6088,61.6393],[-71.6048,61.6395],[-71.5853,61.6329],[-71.5779,61.6329],[-71.572,61.6284],[-71.5645,61.6256],[-71.5584,61.6202],[-71.5523,61.6189],[-71.5463,61.6136],[-71.545,61.6109],[-71.5385,61.6124],[-71.5306,61.6105],[-71.5233,61.612],[-71.5132,61.6088],[-71.5087,61.6037],[-71.5091,61.6015],[-71.5156,61.5944],[-71.5193,61.5926],[-71.5148,61.5892],[-71.5195,61.585],[-71.5164,61.5808],[-71.5201,61.5764],[-71.5226,61.576],[-71.5278,61.5694],[-71.5333,61.5679],[-71.5382,61.5635],[-71.5432,61.5624],[-71.5656,61.5449],[-71.5638,61.4076],[-71.568,61.4045],[-71.5775,61.393],[-71.5765,61.3915],[-71.5789,61.3914],[-71.6363,61.3254],[-71.6339,61.3134],[-71.6243,61.3156],[-71.595,61.3128],[-71.5992,61.3103],[-71.5993,61.3061],[-71.6024,61.3045],[-71.6107,61.3044],[-71.6157,61.3015],[-71.6317,61.3015],[-71.6278,61.2809],[-71.6071,61.263],[-71.5854,61.2552],[-71.578,61.2545],[-71.5768,61.2531],[-71.5689,61.2503],[-71.5303,61.238],[-71.4603,61.2256],[-71.4503,61.2262],[-71.4328,61.2233],[-71.4373,61.2203],[-71.4361,61.2183],[-71.4372,61.2154],[-71.4329,61.2132],[-71.4321,61.2102],[-71.436,61.2083],[-71.439,61.2033],[-71.4418,61.2018],[-71.4429,61.2003],[-71.44,61.1993],[-71.4399,61.1981],[-71.4441,61.1968],[-71.4446,61.1952],[-71.4429,61.1931],[-71.4441,61.1913],[-71.4406,61.1894],[-71.443,61.186],[-71.4465,61.1844],[-71.4428,61.1827],[-71.4396,61.183],[-71.4329,61.1806],[-71.4042,61.1754],[-71.397,61.1753],[-71.3973,61.174],[-71.3945,61.173],[-71.3969,61.1717],[-71.3932,61.1686],[-71.385,61.169],[-71.383,61.1668],[-71.3404,61.1566],[-71.3288,61.1579],[-71.3254,61.1602],[-71.3219,61.1576],[-71.322,61.155],[-71.3153,61.153],[-71.311,61.1534],[-71.303,61.1576],[-71.2978,61.1578],[-71.2954,61.1592],[-71.2619,61.1575],[-71.2473,61.1601],[-71.219,61.1625],[-71.1606,61.1433],[-71.1457,61.1435],[-71.1417,61.1404],[-71.1236,61.1352],[-71.1185,61.1359],[-71.0661,61.1307],[-71.0528,61.1322],[-71.0435,61.136],[-71.0265,61.1339],[-71.0234,61.1318],[-71.0176,61.1313],[-71.0128,61.1287],[-70.9991,61.1299],[-70.9861,61.1279],[-70.9512,61.1166],[-70.9309,61.1147],[-70.9294,61.1111],[-70.9254,61.1085],[-70.9184,61.1065],[-70.9198,61.1043],[-70.9191,61.1024],[-70.9117,61.1012],[-70.8838,61.0885],[-70.8858,61.085],[-70.8828,61.0799],[-70.8801,61.0788],[-70.8737,61.0802],[-70.8301,61.0785],[-70.828,61.0795],[-70.7605,61.0834],[-70.7541,61.082],[-70.75,61.0846],[-70.7381,61.0852],[-70.7116,61.0803],[-70.6935,61.0715],[-70.6908,61.0661],[-70.6853,61.0642],[-70.6874,61.0617],[-70.6865,61.0589],[-70.6836,61.0578],[-70.6808,61.0592],[-70.6749,61.0588],[-70.668,61.0558],[-70.6625,61.0575],[-70.6598,61.0569],[-70.4107,61.0867],[-70.4075,61.0892],[-70.4028,61.0905],[-70.396,61.0884],[-70.3903,61.0896],[-70.3823,61.0885],[-70.3014,61.1016],[-70.2661,61.0989],[-70.2601,61.0994],[-70.2399,61.0932],[-70.1667,61.0903],[-70.1533,61.092],[-70.143,61.0883],[-70.1343,61.0916],[-70.1302,61.0913],[-70.1271,61.0902],[-70.1273,61.0892],[-70.1052,61.0695],[-70.1043,61.0597],[-70.1064,61.0576],[-70.105,61.0542],[-70.1098,61.0506],[-70.1102,61.0477],[-70.115,61.0458],[-70.1137,61.0443],[-70.1154,61.0424],[-70.1291,61.0388],[-70.1317,61.0359],[-70.1375,61.0331],[-70.1384,61.0309],[-70.1447,61.0282],[-70.1454,61.0214],[-70.1517,61.0187],[-70.1521,61.0119],[-70.1541,61.0115],[-70.1459,61.0026],[-70.1301,60.9956],[-70.1205,60.989],[-70.1154,60.9876],[-70.1137,60.984],[-70.1013,60.9736],[-70.0932,60.9713],[-70.0934,60.9687],[-70.086,60.9615],[-70.0761,60.9601],[-70.0743,60.9622],[-70.0764,60.9682],[-70.0754,60.9713],[-70.0678,60.965],[-70.0652,60.9588],[-69.991,60.9495],[-69.9903,60.9505],[-69.9925,60.9525],[-69.9909,60.955],[-69.9913,60.9568],[-69.9982,60.9604],[-69.9975,60.9628],[-70.0023,60.9678],[-70.004,60.9722],[-70.0096,60.9768],[-70.0102,60.981],[-70.0134,60.9825],[-70.0133,60.9844],[-70.0191,60.9885],[-70.0235,60.9977],[-70.017,61.0023],[-70.012,61.0011],[-70.003,61.0035],[-69.9992,61.0071],[-69.9944,61.0079],[-69.9879,61.0116],[-69.9871,61.0134],[-69.9826,61.0143],[-69.9823,61.0163],[-69.9857,61.0171],[-69.9894,61.0214],[-69.9837,61.0238],[-69.9862,61.0267],[-69.9845,61.0321],[-69.9714,61.032],[-69.9653,61.0344],[-69.9629,61.0377],[-69.9498,61.0408],[-69.9375,61.0352],[-69.9349,61.0318],[-69.9299,61.0315],[-69.9256,61.0329],[-69.9211,61.0303],[-69.9214,61.0286],[-69.9259,61.0266],[-69.9254,61.0241],[-69.9278,61.0225],[-69.9249,61.0194],[-69.919,61.0183],[-69.9171,61.0161],[-69.9209,61.0121],[-69.9245,61.0104],[-69.9251,61.0085],[-69.9152,61.0052],[-69.9108,61.0013],[-69.9233,60.9979],[-69.9272,60.9941],[-69.9287,60.9904],[-69.941,60.9866],[-69.9555,60.9775],[-69.9572,60.9751],[-69.9486,60.9782],[-69.9447,60.9778],[-69.9423,60.9671],[-69.9441,60.9648],[-69.9489,60.9641],[-69.951,60.9603],[-69.9566,60.9566],[-69.9561,60.9542],[-69.9518,60.9519],[-69.9527,60.9494],[-69.9628,60.949],[-69.9641,60.9454],[-69.7624,60.9183],[-69.6822,60.9429],[-69.6845,60.9459],[-69.6832,60.9482],[-69.6853,60.9494],[-69.6854,60.9536],[-69.6822,60.9577],[-69.6841,60.9601],[-69.6799,60.9615],[-69.6793,60.9634],[-69.6865,60.9789],[-69.6853,60.9809],[-69.697,60.9874],[-69.6958,60.9916],[-69.6987,60.9953],[-69.6843,61.0159],[-69.6765,61.0234],[-69.6726,61.0239],[-69.6743,61.0259],[-69.6505,61.042],[-69.6494,61.054],[-69.6445,61.0578],[-69.6326,61.0588],[-69.6303,61.0601],[-69.6308,61.0611],[-69.6172,61.0632],[-69.6111,61.0655],[-69.6101,61.0687],[-69.612,61.0706],[-69.6101,61.076],[-69.6133,61.0787],[-69.5945,61.0818],[-69.5863,61.0815],[-69.5835,61.0801],[-69.5742,61.081],[-69.5674,61.077],[-69.5515,61.0794],[-69.5339,61.0769],[-69.5312,61.0743],[-69.5188,61.0731],[-69.5119,61.0714],[-69.5084,61.0698],[-69.5087,61.0688],[-69.5035,61.0684],[-69.5014,61.0674],[-69.501,61.0638],[-69.4963,61.0621],[-69.4956,61.0562],[-69.4923,61.0536],[-69.4934,61.0509],[-69.488,61.0477],[-69.4885,61.0459],[-69.4861,61.0425],[-69.4871,61.0415],[-69.4855,61.0406],[-69.4857,61.0389],[-69.484,61.0383],[-69.4847,61.0345],[-69.4826,61.0321],[-69.4834,61.0311],[-69.4815,61.0307],[-69.481,61.026],[-69.4809,61.0243],[-69.4826,61.0236],[-69.4801,61.0213],[-69.4796,61.0191],[-69.4816,61.0177],[-69.4801,61.0139],[-69.4813,61.0134],[-69.4709,61.0085],[-69.4695,61.004],[-69.4663,61.0025],[-69.4671,60.9999],[-69.4634,60.9965],[-69.4656,60.9925],[-69.4675,60.9927],[-69.4682,60.9914],[-69.4638,60.9882],[-69.4597,60.9884],[-69.4536,60.9832],[-69.4551,60.9821],[-69.4534,60.9774],[-69.4544,60.9766],[-69.4525,60.9749],[-69.4512,60.9703],[-69.4486,60.9687],[-69.4501,60.9675],[-69.4498,60.9655],[-69.4477,60.965],[-69.4451,60.9608],[-69.4463,60.9577],[-69.4436,60.9572],[-69.4422,60.9554],[-69.4336,60.954],[-69.4346,60.9532],[-69.4293,60.9527],[-69.4271,60.9511],[-69.4211,60.952],[-69.4214,60.9503],[-69.4162,60.9489],[-69.4176,60.9483],[-69.3951,60.9296],[-69.3867,60.9264],[-69.3831,60.9234],[-69.3745,60.9215],[-69.3705,60.9154],[-69.3732,60.9145],[-69.3732,60.9124],[-69.3762,60.9112],[-69.3739,60.9093],[-69.3751,60.9055],[-69.3736,60.9045],[-69.3761,60.9037],[-69.3793,60.8974],[-69.3788,60.8879],[-69.3764,60.8858],[-69.3896,60.8748],[-69.3897,60.8679],[-69.3723,60.8551],[-69.3775,60.8418],[-69.3762,60.8392],[-69.3781,60.8396],[-69.3801,60.834],[-69.3755,60.8273],[-69.377,60.8259],[-69.3755,60.8241],[-69.3719,60.8227],[-69.37,60.8232],[-69.3619,60.8194],[-69.3574,60.8142],[-69.362,60.8045],[-69.372,60.7968],[-69.3789,60.7967],[-69.4105,60.7857],[-69.4173,60.7858],[-69.4212,60.7846],[-69.4232,60.7825],[-69.4263,60.7824],[-69.4266,60.7808],[-69.442,60.7825],[-69.4428,60.781],[-69.446,60.7803],[-69.4523,60.7759],[-69.453,60.772],[-69.4727,60.7655],[-69.4771,60.7652],[-69.4859,60.7672],[-69.4946,60.7637],[-69.4936,60.763],[-69.4997,60.7624],[-69.5073,60.7514],[-69.5179,60.7519],[-69.5225,60.755],[-69.5261,60.7548],[-69.5306,60.7505],[-69.5346,60.749],[-69.542,60.7343],[-69.5458,60.7318],[-69.5468,60.7291],[-69.5513,60.7275],[-69.5545,60.7226],[-69.5583,60.7216],[-69.56,60.7192],[-69.5621,60.7195],[-69.56,60.7211],[-69.6348,60.7049],[-69.6419,60.7043],[-69.6432,60.7018],[-69.6411,60.7003],[-69.6455,60.7],[-69.6489,60.6982],[-69.6746,60.6738],[-69.6763,60.6692],[-69.6715,60.6633],[-69.6681,60.656],[-69.6682,60.6533],[-69.6462,60.6338],[-69.6469,60.6308],[-69.6443,60.6297],[-69.6435,60.6281],[-69.6451,60.627],[-69.6451,60.6222],[-69.6484,60.6211],[-69.6458,60.6201],[-69.6358,60.6089],[-69.6332,60.6079],[-69.6344,60.6077],[-69.6261,60.5989],[-69.6264,60.597],[-69.6283,60.5965],[-69.6208,60.5938],[-69.6224,60.5885],[-69.6242,60.5876],[-69.6204,60.5857],[-69.6196,60.5839],[-69.6217,60.5795],[-69.6349,60.5753],[-69.6318,60.5745],[-69.6313,60.573],[-69.6361,60.5747],[-69.6418,60.5729],[-69.6512,60.5667],[-69.6494,60.5626],[-69.65,60.5606],[-69.6479,60.5593],[-69.6525,60.5563],[-69.6524,60.5541],[-69.6557,60.5542],[-69.6738,60.5435],[-69.711,60.4601],[-69.7096,60.4586],[-69.7095,60.451],[-69.7148,60.4513],[-69.7189,60.4488],[-69.7185,60.4455],[-69.7261,60.4405],[-69.7284,60.4405],[-69.7304,60.438],[-69.7252,60.4345],[-69.727,60.4317],[-69.7173,60.4087],[-69.7134,60.4081],[-69.7127,60.4062],[-69.7058,60.4046],[-69.6982,60.3939],[-69.6883,60.3922],[-69.6761,60.3745],[-69.6719,60.363],[-69.6613,60.3561],[-69.6606,60.3522],[-69.6633,60.3519],[-69.6672,60.3425],[-69.662,60.3412],[-69.6681,60.3412],[-69.6711,60.3343],[-69.6678,60.3318],[-69.6497,60.2821],[-69.6481,60.281],[-69.6487,60.2787],[-69.6357,60.2581],[-69.644,60.2546],[-69.6421,60.2518],[-69.6343,60.2491],[-69.6318,60.2463],[-69.6316,60.2443],[-69.6371,60.2424],[-69.6385,60.2406],[-69.6356,60.2387],[-69.6361,60.238],[-69.6214,60.232],[-69.6185,60.2292],[-69.6029,60.2259],[-69.5964,60.2282],[-69.59,60.2278],[-69.5835,60.2226],[-69.5923,60.2128],[-69.5904,60.2101],[-69.5877,60.2089],[-69.5968,60.1993],[-69.592,60.188],[-69.5901,60.1874],[-69.5924,60.186],[-69.5933,60.1808],[-69.5882,60.179],[-69.5882,60.1746],[-69.5916,60.1696],[-69.5678,60.1638],[-69.5679,60.1626],[-69.5654,60.1615],[-69.5602,60.1562],[-69.5598,60.1533],[-69.5608,60.1504],[-69.5658,60.1487],[-69.5794,60.1351],[-69.5855,60.1321],[-69.5855,60.1233],[-69.5896,60.1201],[-69.5899,60.118],[-69.5861,60.1153],[-69.5665,60.1122],[-69.5654,60.1098],[-69.5622,60.1084],[-69.5634,60.1069],[-69.561,60.1063],[-69.5628,60.1046],[-69.5553,60.0998],[-69.5485,60.0983],[-69.5422,60.0938],[-69.5487,60.0911],[-69.5479,60.0891],[-69.5491,60.0884],[-69.5475,60.0857],[-69.5512,60.0829],[-69.5509,60.0806],[-69.5533,60.0808],[-69.5607,60.0743],[-69.5578,60.0716],[-69.5897,59.9762],[-69.5919,59.9617],[-69.5933,59.9602],[-69.6084,59.9597],[-69.6209,59.9564],[-69.6207,59.9429],[-69.6168,59.9399],[-69.6108,59.9391],[-69.6171,59.9341],[-69.6166,59.9316],[-69.6137,59.9296],[-69.6241,59.9259],[-69.6276,59.9205],[-69.6205,59.9104],[-69.6209,59.907],[-69.5798,59.8929],[-69.57,59.8933],[-69.5579,59.89],[-69.5103,59.8841],[-69.5062,59.8826],[-69.4897,59.8717],[-69.4882,59.8695],[-69.4895,59.8672],[-69.4998,59.8659],[-69.5011,59.863],[-69.5071,59.8581],[-69.5075,59.8529],[-69.5124,59.8464],[-69.5122,59.8409],[-69.5212,59.8358],[-69.527,59.8287],[-69.5295,59.8229],[-69.5287,59.817],[-69.5267,59.8136],[-69.519,59.8068],[-69.512,59.8042],[-69.5043,59.8034],[-69.5007,59.7969],[-69.4978,59.7965],[-69.4747,59.8015],[-69.4722,59.8012],[-69.4712,59.7999],[-69.4793,59.791],[-69.4782,59.7894],[-69.4835,59.7881],[-69.4932,59.783],[-69.5097,59.7695],[-69.5246,59.7623],[-69.526,59.7589],[-69.5327,59.7578],[-69.5335,59.7517],[-69.5413,59.7451],[-69.5392,59.7421],[-69.54,59.7407],[-69.5113,59.6952],[-69.5073,59.6936],[-69.4985,59.682],[-69.4843,59.6717],[-69.4884,59.6665],[-69.4898,59.6622],[-69.4884,59.6532],[-69.4855,59.6499],[-69.488,59.6425],[-69.4834,59.6348],[-69.4832,59.6313],[-69.4859,59.6272],[-69.4928,59.6246],[-69.4963,59.6199],[-69.4953,59.6121],[-69.4975,59.609],[-69.5094,59.6053],[-69.5244,59.5985],[-69.5274,59.5957],[-69.5337,59.5942],[-69.5349,59.5917],[-69.541,59.5876],[-69.5443,59.5815],[-69.5435,59.5688],[-69.5843,59.5606],[-69.5922,59.5579],[-69.602,59.5528],[-69.6113,59.5461],[-69.6167,59.5405],[-69.6277,59.5363],[-69.6373,59.5287],[-69.6359,59.5265],[-69.6391,59.524],[-69.634,59.5214],[-69.6374,59.5149],[-69.631,59.5115],[-69.6331,59.5099],[-69.6341,59.5045],[-69.6328,59.5024],[-69.6363,59.4993],[-69.6298,59.495],[-69.6271,59.4912],[-69.6306,59.479],[-69.6292,59.4737],[-69.6203,59.4686],[-69.6047,59.4623],[-69.5914,59.4606],[-69.5733,59.4616],[-69.5688,59.4574],[-69.5695,59.4537],[-69.4013,59.3777],[-69.4005,59.377],[-69.4051,59.3741],[-69.4024,59.3687],[-69.4011,59.3672],[-69.3935,59.3644],[-69.3651,59.3578],[-69.3458,59.3584],[-69.3338,59.3561],[-69.3295,59.3571],[-69.3225,59.3613],[-69.3178,59.3615],[-69.2583,59.3537],[-69.2489,59.3515],[-69.2423,59.3482],[-69.2374,59.3489],[-69.2321,59.3464],[-69.2347,59.3422],[-69.2319,59.3363],[-69.2333,59.3303],[-69.2348,59.3291],[-69.2326,59.3272],[-69.2338,59.3214],[-69.2312,59.3192],[-69.2329,59.3166],[-69.2297,59.3145],[-69.232,59.3077],[-69.2273,59.3059],[-69.2259,59.3037],[-69.2228,59.3023],[-69.2217,59.2995],[-69.2137,59.2952],[-69.2133,59.294],[-69.2173,59.2893],[-69.2173,59.2868],[-69.2075,59.2814],[-69.2104,59.278],[-69.2247,59.2783],[-69.2275,59.2673],[-69.2256,59.2618],[-69.2177,59.2558],[-69.2159,59.2468],[-69.2181,59.2408],[-69.2146,59.236],[-69.2104,59.2346],[-69.2105,59.2305],[-69.2083,59.2277],[-69.2086,59.2259],[-69.2066,59.2257],[-69.2057,59.2235],[-69.1358,59.1711],[-69.1301,59.1697],[-69.117,59.1431],[-69.1093,59.139],[-69.108,59.1351],[-69.0995,59.1335],[-69.092,59.1283],[-69.0891,59.1227],[-69.0827,59.1188],[-69.0809,59.114],[-69.0821,59.1108],[-69.0781,59.1063],[-69.0776,59.104],[-69.0686,59.102],[-69.0706,59.1039],[-69.0697,59.1067],[-69.0729,59.1107],[-69.0692,59.1132],[-69.0655,59.1112],[-69.0638,59.107],[-69.0658,59.1058],[-69.0661,59.1013],[-69.0638,59.1],[-69.0622,59.096],[-69.0598,59.0957],[-69.0584,59.0933],[-69.0538,59.0926],[-69.0444,59.0877],[-69.0468,59.0843],[-69.0466,59.0803],[-69.0486,59.0786],[-69.0481,59.0704],[-69.0335,59.057],[-69.0314,59.0574],[-69.0276,59.0549],[-69.024,59.05],[-69.0208,59.0478],[-69.0222,59.0462],[-68.9862,59.0127],[-68.9756,59.0104],[-68.978,59.0132],[-68.9898,59.0205],[-68.9923,59.0253],[-68.9901,59.0318],[-68.9863,59.0313],[-68.9864,59.0277],[-68.9849,59.0255],[-68.9779,59.0242],[-68.9702,59.0194],[-68.9642,59.0132],[-68.9598,59.0054],[-68.9632,59.0002],[-68.9631,58.9982],[-68.9672,58.9939],[-68.8923,58.9241],[-68.8693,58.9237],[-68.8443,58.9258],[-68.8325,58.9287],[-68.8099,58.9283],[-68.8031,58.9298],[-68.797,58.9287],[-68.7797,58.9311],[-68.7691,58.9309],[-68.7501,58.9343],[-68.7167,58.9341],[-68.7045,58.9364],[-68.6787,58.9362],[-68.6678,58.9382],[-68.6524,58.936],[-68.6236,58.94],[-68.6188,58.9388],[-68.5816,58.9414],[-68.5492,58.9407],[-68.5408,58.9392],[-68.5024,58.9267],[-68.4918,58.9244],[-68.4628,58.9129],[-68.4417,58.9088],[-68.4283,58.9022],[-68.4173,58.8892],[-68.4124,58.8865],[-68.3841,58.8832],[-68.342,58.8719],[-68.3131,58.8571],[-68.2995,58.8472],[-68.2949,58.8424],[-68.2611,58.8237],[-68.257,58.8177],[-68.2577,58.8102],[-68.2613,58.805],[-68.2681,58.7884],[-68.2723,58.767],[-68.278,58.7517],[-68.2748,58.7482],[-68.2665,58.7437],[-68.2629,58.7401],[-68.2622,58.7376],[-68.2643,58.7333],[-68.276,58.7254],[-68.272,58.717],[-68.2775,58.7061],[-68.272,58.6948],[-68.2771,58.6778],[-68.2672,58.6734],[-68.2712,58.6695],[-68.268,58.667],[-68.2697,58.6632],[-68.2629,58.6593],[-68.2624,58.657],[-68.2604,58.6553],[-68.2639,58.6537],[-68.2628,58.6492],[-68.2653,58.647],[-68.2649,58.6449],[-68.2686,58.6417],[-68.2648,58.6379],[-68.2647,58.6364],[-68.2726,58.6357],[-68.2711,58.6315],[-68.2726,58.6301],[-68.2725,58.6282],[-68.268,58.6212],[-68.2684,58.6163],[-68.2594,58.6131],[-68.2551,58.6042],[-68.2498,58.602],[-68.2499,58.5984],[-68.2466,58.5971],[-68.2425,58.5932],[-68.2418,58.5901],[-68.244,58.5843],[-68.2432,58.5833],[-68.2327,58.5813],[-68.2201,58.5763],[-68.2083,58.5765],[-68.2074,58.5806],[-68.2037,58.5765],[-68.1932,58.5737],[-68.094,58.5711],[-68.0849,58.5738],[-68.0701,58.5734],[-68.0659,58.5759],[-68.0418,58.5725],[-68.0387,58.5743],[-68.0367,58.5789],[-68.032,58.5795],[-68.026,58.5835],[-68.0259,58.5866],[-68.0239,58.5876],[-68.0155,58.5856],[-68.0002,58.5904],[-67.9907,58.5827],[-67.9881,58.579],[-67.9891,58.5779],[-67.9646,58.5722],[-67.967,58.5708],[-67.9597,58.5675],[-67.9533,58.5627],[-67.9535,58.5606],[-67.957,58.5595],[-67.956,58.5587],[-67.957,58.5581],[-67.9545,58.5569],[-67.9552,58.5548],[-67.952,58.552],[-67.9525,58.55],[-67.9426,58.5447],[-67.9389,58.5445],[-67.9362,58.54],[-67.9188,58.5314],[-67.9081,58.53],[-67.8937,58.5261],[-67.891,58.5265],[-67.8807,58.5234],[-67.8803,58.5222],[-67.7658,58.4982],[-67.7658,58.4996],[-67.7645,58.5],[-67.7624,58.4974],[-67.7302,58.4899],[-67.7256,58.4881],[-67.7134,58.4796],[-67.7025,58.477],[-67.7022,58.4754],[-67.7043,58.4728],[-67.7035,58.4718],[-67.671,58.4621],[-67.663,58.461],[-67.661,58.455],[-67.6622,58.4496],[-67.661,58.4458],[-67.6206,58.4249],[-67.618,58.4258],[-67.6164,58.4297],[-67.6074,58.43],[-67.5961,58.4348],[-67.58,58.4346],[-67.5744,58.4318],[-67.569,58.4309],[-67.5743,58.4334],[-67.5727,58.4352],[-67.5655,58.4365],[-67.5719,58.4362],[-67.5711,58.4377],[-67.5669,58.4385],[-67.5536,58.4374],[-67.5484,58.4346],[-67.5463,58.4301],[-67.5423,58.4271],[-67.5408,58.424],[-67.5415,58.4216],[-67.5461,58.4174],[-67.5463,58.4133],[-67.5502,58.4079],[-67.5589,58.4099],[-67.5629,58.4061],[-67.5681,58.4067],[-67.5617,58.4014],[-67.5601,58.3968],[-67.5564,58.3949],[-67.5578,58.3926],[-67.5511,58.389],[-67.5441,58.3927],[-67.5448,58.3943],[-67.5497,58.3954],[-67.544,58.4041],[-67.5457,58.4086],[-67.5443,58.4108],[-67.5377,58.4136],[-67.5333,58.418],[-67.5341,58.4224],[-67.5295,58.4275],[-67.5337,58.4351],[-67.5306,58.4416],[-67.5305,58.4486],[-67.5268,58.4513],[-67.528,58.4526],[-67.5261,58.4548],[-67.5213,58.4555],[-67.519,58.4593],[-67.5204,58.4604],[-67.5043,58.4627],[-67.4882,58.4552],[-67.4828,58.4559],[-67.4774,58.4505],[-67.4723,58.4477],[-67.4673,58.4424],[-67.4659,58.4372],[-67.4624,58.4349],[-67.4633,58.4301],[-67.4624,58.4277],[-67.4586,58.4245],[-67.458,58.4203],[-67.4597,58.4175],[-67.4646,58.414],[-67.4613,58.4116],[-67.4571,58.4117],[-67.4545,58.4102],[-67.4608,58.4021],[-67.4605,58.4007],[-67.4581,58.3998],[-67.4504,58.4013],[-67.4507,58.3986],[-67.4484,58.3958],[-67.4454,58.3952],[-67.4444,58.3933],[-67.4416,58.3922],[-67.4308,58.3892],[-67.4317,58.3851],[-67.4368,58.3786],[-67.4446,58.3636],[-67.4503,58.3579],[-67.4497,58.3555],[-67.4395,58.3583],[-67.4381,58.3631],[-67.4322,58.3684],[-67.4165,58.377],[-67.4136,58.3764],[-67.4097,58.3659],[-67.4077,58.3649],[-67.403,58.3656],[-67.3976,58.3611],[-67.4003,58.3606],[-67.4028,58.3576],[-67.3983,58.3551],[-67.4028,58.3545],[-67.4001,58.3523],[-67.4009,58.3504],[-67.4049,58.3512],[-67.4038,58.3522],[-67.4045,58.3526],[-67.4107,58.3537],[-67.4114,58.3517],[-67.4135,58.3513],[-67.4164,58.355],[-67.4268,58.357],[-67.4343,58.3564],[-67.4356,58.3549],[-67.4349,58.3528],[-67.4299,58.35],[-67.4285,58.3474],[-67.4243,58.3473],[-67.4222,58.3455],[-67.4348,58.3355],[-67.4406,58.3327],[-67.4316,58.328],[-67.4107,58.3265],[-67.4046,58.3224],[-67.4002,58.3171],[-67.3883,58.3125],[-67.3744,58.3116],[-67.3652,58.3143],[-67.3524,58.3245],[-67.3481,58.3312],[-67.3409,58.3373],[-67.3289,58.3415],[-67.3058,58.3565],[-67.2935,58.3568],[-67.2806,58.3609],[-67.2698,58.3599],[-67.2539,58.3559],[-67.2275,58.3627],[-67.2248,58.3642],[-67.2203,58.3707],[-67.2004,58.3825],[-67.2025,58.3879],[-67.1988,58.3921],[-67.2001,58.396],[-67.1982,58.4006],[-67.1841,58.405],[-67.1739,58.4055],[-67.1417,58.416],[-67.1238,58.4162],[-67.1186,58.4178],[-67.1149,58.4201],[-67.1086,58.4285],[-67.1058,58.4304],[-67.1047,58.4381],[-67.1031,58.4413],[-67.0975,58.4447],[-67.094,58.4485],[-67.0852,58.4527],[-67.0761,58.453],[-67.0615,58.4509],[-67.0517,58.4522],[-67.0492,58.4542],[-67.0469,58.4612],[-67.0276,58.4662],[-67.0234,58.4736],[-67.0183,58.476],[-67.0177,58.48],[-67.0213,58.4875],[-67.0177,58.4897],[-67.0124,58.497],[-67.0161,58.5028],[-67.0146,58.5062],[-67.0035,58.5065],[-66.9972,58.5047],[-66.9909,58.5008],[-66.9862,58.5021],[-66.9818,58.5015],[-66.9764,58.5044],[-66.9653,58.5055],[-66.9471,58.514],[-66.9354,58.5159],[-66.8055,58.505],[-66.7992,58.5059],[-66.7953,58.5045],[-66.7907,58.5],[-66.7904,58.4977],[-66.7867,58.4976],[-66.7818,58.5013],[-66.7611,58.5066],[-66.7477,58.5143],[-66.7367,58.5161],[-66.7115,58.5452],[-66.7102,58.5482],[-66.7017,58.5545],[-66.7008,58.5587],[-66.7029,58.5605],[-66.6962,58.5685],[-66.6999,58.5695],[-66.7002,58.5726],[-66.7044,58.5751],[-66.7047,58.5802],[-66.7026,58.5816],[-66.6994,58.5814],[-66.6956,58.5781],[-66.691,58.5769],[-66.6793,58.5933],[-66.679,58.5975],[-66.6731,58.5969],[-66.6655,58.6025],[-66.6682,58.6064],[-66.6712,58.6072],[-66.673,58.6099],[-66.6722,58.611],[-66.6861,58.6386],[-66.6846,58.6403],[-66.6862,58.642],[-66.6809,58.6442],[-66.6698,58.6417],[-66.6659,58.643],[-66.6568,58.6423],[-66.5864,58.6618],[-66.5796,58.6648],[-66.5811,58.6681],[-66.5787,58.6716],[-66.5825,58.6745],[-66.581,58.6758],[-66.5735,58.676],[-66.5727,58.677],[-66.5752,58.6799],[-66.5564,58.6936],[-66.5555,58.6963],[-66.5477,58.7054],[-66.5479,58.7116],[-66.5513,58.716],[-66.5418,58.7192],[-66.5392,58.7235],[-66.5395,58.7281],[-66.5383,58.7296],[-66.5287,58.7313],[-66.528,58.732],[-66.5295,58.7335],[-66.527,58.7373],[-66.5201,58.7394],[-66.5203,58.7442],[-66.5161,58.7538],[-66.504,58.7623],[-66.4961,58.7654],[-66.4962,58.7696],[-66.4933,58.7768],[-66.4948,58.7804],[-66.5073,58.7947],[-66.5204,58.8012],[-66.5186,58.8035],[-66.5101,58.804],[-66.5068,58.8076],[-66.5002,58.8113],[-66.5028,58.8169],[-66.4964,58.8183],[-66.4982,58.822],[-66.4938,58.8385],[-66.4914,58.8431],[-66.4872,58.8462],[-66.4835,58.8527],[-66.4833,58.8553],[-66.4859,58.8569],[-66.4791,58.8606],[-66.4729,58.8664],[-66.4672,58.864],[-66.4658,58.8582],[-66.4583,58.8571],[-66.4518,58.8581],[-66.4446,58.8574],[-66.4387,58.8601],[-66.4257,58.8616],[-66.4097,58.8603],[-66.4074,58.8646],[-66.3718,58.8671],[-66.3684,58.8659],[-66.3688,58.8638],[-66.3664,58.862],[-66.3537,58.859],[-66.3485,58.86],[-66.3254,58.8593],[-66.1522,58.8609],[-66.1469,58.8613],[-66.1464,58.8641],[-66.1374,58.8685],[-66.1285,58.8655],[-66.1263,58.8637],[-66.1254,58.8611],[-66.0951,58.8613],[-66.0566,58.8833],[-66.0592,58.8845],[-66.0569,58.8869],[-66.0545,58.8868],[-66.0519,58.8888],[-66.0481,58.8881],[-66.002,58.9144],[-65.9904,58.9163],[-65.9523,58.9582],[-65.9615,58.955],[-65.9671,58.9463],[-65.974,58.9423],[-65.9756,58.9361],[-65.9779,58.9353],[-65.9849,58.9385],[-65.9991,58.9405],[-66.0051,58.9427],[-66.0101,58.9407],[-66.0189,58.9453],[-66.0248,58.9442],[-66.0306,58.9449],[-66.0378,58.9507],[-66.0394,58.9564],[-66.045,58.9594],[-66.048,58.9631],[-66.0571,58.9655],[-66.057,58.9675],[-66.0557,58.9693],[-66.0504,58.971],[-66.0462,58.9749],[-66.0378,58.9777],[-66.0243,58.9791],[-65.996,58.9778],[-65.9948,58.9781],[-65.9964,58.9792],[-65.9903,58.9829],[-65.9817,58.9825],[-65.9753,58.9852],[-65.9707,58.984],[-65.9648,58.9754],[-65.95,58.9752],[-65.9442,58.9718],[-65.9427,58.9687],[-65.9329,58.9793],[-65.9375,58.9841],[-65.9373,58.9858],[-65.9287,58.9913],[-65.9235,58.9931],[-65.9259,58.9963],[-65.9234,58.9978],[-65.9241,59.0005],[-65.9312,59.0029],[-65.933,59.0054],[-65.9328,59.0106],[-65.9368,59.012],[-65.9385,59.0146],[-65.9368,59.016],[-65.934,59.0162],[-65.9281,59.0143],[-65.9253,59.0147],[-65.919,59.0225],[-65.9214,59.0318],[-65.9241,59.0349],[-65.9235,59.037],[-65.9181,59.0427],[-65.9171,59.0495],[-65.9237,59.0541],[-65.925,59.0574],[-65.8538,59.1303],[-65.8533,59.1351],[-65.8614,59.1352],[-65.8632,59.1364],[-65.8633,59.1378],[-65.8527,59.146],[-65.8497,59.147],[-65.8471,59.1453],[-65.8501,59.1395],[-65.8482,59.1363],[-65.8363,59.1484],[-65.8378,59.1509],[-65.8306,59.1552],[-65.833,59.1593],[-65.8415,59.1628],[-65.8431,59.1662],[-65.8382,59.1702],[-65.8264,59.1737],[-65.8135,59.1865],[-65.8071,59.2022],[-65.7999,59.2071],[-65.8103,59.2101],[-65.8164,59.2147],[-65.8406,59.2237],[-65.8443,59.2278],[-65.8531,59.2337],[-65.8536,59.2352],[-65.8658,59.2424],[-65.8594,59.2494],[-65.8586,59.2527],[-65.8616,59.2643],[-65.8494,59.2717],[-65.8489,59.2767],[-65.8528,59.28],[-65.8529,59.2821],[-65.8489,59.2833],[-65.6485,59.4068],[-65.6466,59.4099],[-65.6416,59.4126],[-65.6309,59.4147],[-65.6111,59.4256],[-65.613,59.4267],[-65.6098,59.4261],[-65.6054,59.4286],[-65.6056,59.4294],[-65.6026,59.4296],[-65.59,59.4362],[-65.5889,59.4379],[-65.5895,59.4395],[-65.5921,59.4386],[-65.5916,59.4371],[-65.594,59.4391],[-65.5973,59.4389],[-65.6007,59.4404],[-65.6025,59.4446],[-65.6012,59.4459],[-65.5951,59.4452],[-65.5909,59.4469],[-65.5846,59.4457],[-65.5751,59.4478],[-65.5703,59.4465],[-65.5654,59.4492],[-65.568,59.4521],[-65.5715,59.4528],[-65.5732,59.4545],[-65.564,59.4551],[-65.5596,59.4521],[-65.5302,59.4674],[-65.527,59.4697],[-65.5242,59.4785],[-65.5212,59.4807],[-65.5206,59.4846],[-65.5142,59.4859],[-65.5089,59.4924],[-65.5154,59.4965],[-65.5157,59.4992],[-65.5136,59.4995],[-65.5116,59.5019],[-65.5063,59.5033],[-65.5034,59.5029],[-65.5039,59.5013],[-65.5011,59.5013],[-65.4736,59.5324],[-65.479,59.5345],[-65.4779,59.537],[-65.4743,59.5356],[-65.469,59.5378],[-65.4415,59.5693],[-65.4371,59.5723],[-65.4371,59.5741],[-65.4403,59.5758],[-65.4376,59.5754],[-65.4382,59.5796],[-65.4423,59.5822],[-65.4416,59.5907],[-65.447,59.5936],[-65.448,59.595],[-65.4467,59.5963],[-65.4525,59.5996],[-65.4555,59.603],[-65.4605,59.6139],[-65.4767,59.6152],[-65.4825,59.6184],[-65.4826,59.6214],[-65.4909,59.6289],[-65.4919,59.6318],[-65.5033,59.6374],[-65.5022,59.6424],[-65.5093,59.6445],[-65.5238,59.655],[-65.5337,59.6592],[-65.5344,59.6613],[-65.5383,59.6646],[-65.5317,59.6676],[-65.5352,59.6726],[-65.5404,59.6764],[-65.541,59.6794],[-65.5508,59.6841],[-65.5557,59.6843],[-65.5568,59.6855],[-65.5554,59.6861],[-65.558,59.6882],[-65.5628,59.6884],[-65.5671,59.691],[-65.5666,59.6932],[-65.5595,59.6953],[-65.5641,59.6988],[-65.5637,59.7045],[-65.5524,59.7084],[-65.5684,59.7227],[-65.568,59.7241],[-65.5639,59.725],[-65.5544,59.7307],[-65.5594,59.7367],[-65.5602,59.7392],[-65.5591,59.742],[-65.5453,59.7482],[-65.5453,59.75],[-65.5418,59.7521],[-65.5121,59.767],[-65.4938,59.7909],[-65.4929,59.7934],[-65.4761,59.7996],[-65.4613,59.8179],[-65.4461,59.8225],[-65.4291,59.8217],[-65.3898,59.8406],[-65.3893,59.8418],[-65.3922,59.8446],[-65.3882,59.8481],[-65.3795,59.8484],[-65.3378,59.8605],[-65.3372,59.8611],[-65.3396,59.8626],[-65.3363,59.8679],[-65.3378,59.8716],[-65.3357,59.8809],[-65.325,59.8806],[-65.3106,59.8826],[-65.3004,59.8884],[-65.2998,59.8907],[-65.2551,59.9152],[-65.2595,59.9162],[-65.2632,59.9195],[-65.2593,59.9238],[-65.2605,59.9249],[-65.2597,59.9259],[-65.2559,59.9252],[-65.2544,59.9263],[-65.2487,59.9257],[-65.244,59.9268],[-65.2416,59.9256],[-65.2413,59.9228],[-65.236,59.9257],[-65.2288,59.9328],[-65.231,59.9379],[-65.2306,59.9401],[-65.2122,59.9487],[-65.2084,59.9546],[-65.2086,59.9565],[-65.2026,59.9621],[-65.2059,59.9644],[-65.2077,59.9691],[-65.2067,59.9712],[-65.1991,59.9784],[-65.1925,59.9786],[-65.1904,59.9833],[-65.1841,59.9856],[-65.1669,60.0002],[-65.1403,60.0268],[-65.142,60.0274],[-65.1389,60.0291],[-65.1391,60.0411],[-65.1361,60.0428],[-65.1335,60.0472],[-65.1359,60.0503],[-65.1395,60.0506],[-65.1423,60.0639],[-65.1338,60.0668],[-65.0841,60.0967],[-65.0781,60.1004],[-65.0783,60.1028],[-65.0752,60.1022],[-65.0697,60.1049],[-65.0372,60.1264],[-65.0102,60.1592],[-64.9917,60.1667],[-65.0061,60.1699],[-65.0053,60.1723],[-64.9993,60.1748],[-64.999,60.1764],[-64.9938,60.1775],[-64.9878,60.1767],[-64.9786,60.172],[-64.9675,60.1762],[-64.965,60.1782],[-64.9661,60.1798],[-64.9622,60.1911],[-64.9658,60.192],[-64.9635,60.1933],[-64.9641,60.1958],[-64.9594,60.1979],[-64.9608,60.2012],[-64.9575,60.2016],[-64.9571,60.2046],[-64.956,60.205],[-64.9505,60.2172],[-64.95,60.2229],[-64.9486,60.2238],[-64.9509,60.2271],[-64.948,60.2288],[-64.9499,60.2323],[-64.9504,60.2373],[-64.9567,60.2429],[-64.9572,60.2464],[-64.9558,60.2493],[-64.9612,60.2534],[-64.9588,60.2581],[-64.957,60.2576],[-64.9572,60.2596],[-64.9524,60.2604],[-64.9501,60.2621],[-64.9482,60.2691],[-64.9461,60.2711],[-64.9373,60.2685],[-64.9313,60.2694],[-64.9269,60.2718],[-64.9289,60.2727],[-64.9252,60.2727],[-64.9237,60.2752],[-64.9191,60.2773],[-64.9187,60.2801],[-64.8907,60.2832],[-64.8719,60.2879],[-64.8703,60.2901],[-64.8641,60.2935],[-64.8648,60.2972],[-64.8712,60.298],[-64.8573,60.302],[-64.8571,60.3034],[-64.8516,60.3084],[-64.8524,60.3091],[-64.8435,60.3291],[-64.8327,60.3392],[-64.8356,60.3446],[-64.839,60.3456],[-64.8398,60.3489],[-64.8433,60.3503],[-64.8475,60.3555],[-64.8504,60.3556],[-64.8559,60.3597],[-64.8561,60.3614],[-64.8528,60.3658],[-64.8527,60.3692],[-64.8414,60.3723],[-64.8303,60.3698],[-64.7999,60.3675],[-64.7308,60.3653],[-64.7245,60.362],[-64.7201,60.3614],[-64.72,60.3601],[-64.7021,60.3551],[-64.6747,60.3509],[-64.67,60.3475],[-64.6631,60.3466],[-64.6621,60.3433],[-64.6514,60.3426],[-64.6454,60.3464],[-64.6288,60.3437],[-64.6248,60.3443],[-64.6144,60.3391],[-64.594,60.3349],[-64.5893,60.3326],[-64.588,60.3306],[-64.5799,60.3299],[-64.5758,60.3266],[-64.5726,60.3266],[-64.5653,60.3209],[-64.5513,60.3177],[-64.5446,60.3115],[-64.5368,60.3107],[-64.5318,60.3088],[-64.5263,60.3046],[-64.5255,60.3016],[-64.5226,60.2993],[-64.5306,60.2959],[-64.5332,60.2976],[-64.5358,60.3017],[-64.5569,60.3063],[-64.5586,60.3083],[-64.5711,60.3114],[-64.5796,60.3091],[-64.5867,60.3028],[-64.599,60.2974],[-64.6028,60.2972],[-64.6115,60.3002],[-64.6291,60.2962],[-64.6373,60.2979],[-64.6514,60.2957],[-64.6599,60.2962],[-64.6668,60.2996],[-64.6698,60.2997],[-64.6822,60.2977],[-64.6854,60.2953],[-64.6922,60.294],[-64.6957,60.2885],[-64.7008,60.2876],[-64.7022,60.2841],[-64.7066,60.2793],[-64.7172,60.279],[-64.7248,60.2803],[-64.7297,60.2833],[-64.7326,60.2877],[-64.7368,60.2892],[-64.7499,60.2855],[-64.7815,60.2831],[-64.7862,60.2776],[-64.7899,60.2775],[-64.7949,60.2753],[-64.803,60.2765],[-64.8091,60.2727],[-64.8116,60.2685],[-64.8167,60.2668],[-64.8237,60.2696],[-64.8349,60.2697],[-64.8383,60.2723],[-64.8452,60.2692],[-64.8546,60.269],[-64.8551,60.2662],[-64.8591,60.2642],[-64.8589,60.259],[-64.8525,60.2557],[-64.8499,60.2528],[-64.8541,60.2513],[-64.8535,60.2426],[-64.8471,60.2408],[-64.8522,60.237],[-64.85,60.2312],[-64.8523,60.2264],[-64.8475,60.2247],[-64.8326,60.2253],[-64.8276,60.2184],[-64.825,60.2171],[-64.8245,60.2143],[-64.8206,60.2119],[-64.8107,60.2094],[-64.7996,60.2092],[-64.7922,60.2075],[-64.7869,60.2053],[-64.7833,60.2018],[-64.7841,60.1987],[-64.7825,60.1973],[-64.7722,60.1932],[-64.7598,60.1906],[-64.757,60.1882],[-64.7502,60.1886],[-64.7421,60.1816],[-64.747,60.178],[-64.746,60.1742],[-64.7563,60.1731],[-64.7561,60.1721],[-64.7507,60.1695],[-64.7367,60.1673],[-64.7332,60.165],[-64.7271,60.1652],[-64.7242,60.1664],[-64.7268,60.171],[-64.7259,60.1733],[-64.7103,60.1714],[-64.7001,60.1728],[-64.699,60.1739],[-64.6986,60.1807],[-64.6936,60.1827],[-64.672,60.1767],[-64.6702,60.1753],[-64.6693,60.1713],[-64.6673,60.1704],[-64.6513,60.1709],[-64.643,60.1682],[-64.6323,60.1685],[-64.6276,60.1674],[-64.6214,60.1716],[-64.6107,60.1709],[-64.5949,60.167],[-64.5943,60.1657],[-64.6056,60.1624],[-64.6071,60.1602],[-64.6068,60.1586],[-64.6051,60.1578],[-64.5938,60.1549],[-64.592,60.1517],[-64.5927,60.1492],[-64.5964,60.1459],[-64.6047,60.1441],[-64.6047,60.1431],[-64.6009,60.1411],[-64.6,60.1369],[-64.5979,60.1347],[-64.5811,60.1329],[-64.5804,60.1315],[-64.5837,60.1279],[-64.5835,60.1242],[-64.5867,60.1165],[-64.5995,60.1173],[-64.6019,60.1144],[-64.6072,60.1119],[-64.6235,60.1068],[-64.6347,60.105],[-64.6391,60.1052],[-64.6383,60.1128],[-64.6394,60.1133],[-64.6635,60.1131],[-64.6678,60.1108],[-64.6681,60.1091],[-64.6658,60.1066],[-64.6712,60.1063],[-64.6766,60.1042],[-64.6797,60.1044],[-64.6811,60.1059],[-64.7018,60.1064],[-64.7088,60.1095],[-64.7191,60.1086],[-64.7432,60.1101],[-64.7452,60.1072],[-64.7527,60.1065],[-64.7635,60.1078],[-64.7684,60.1099],[-64.7686,60.1057],[-64.7657,60.1052],[-64.7593,60.1012],[-64.7496,60.1012],[-64.7412,60.0987],[-64.7187,60.0902],[-64.7093,60.0835],[-64.7039,60.0746],[-64.7142,60.073],[-64.7138,60.0711],[-64.711,60.0693],[-64.7115,60.0664],[-64.718,60.064],[-64.7203,60.0579],[-64.7221,60.0574],[-64.7375,60.0575],[-64.7494,60.0604],[-64.7608,60.0574],[-64.7765,60.0602],[-64.7841,60.0573],[-64.7974,60.0574],[-64.8034,60.0522],[-64.8069,60.0511],[-64.8248,60.051],[-64.8541,60.0555],[-64.8618,60.0578],[-64.8708,60.0625],[-64.8737,60.0626],[-64.8802,60.0597],[-64.893,60.0638],[-64.8974,60.0604],[-64.9008,60.0597],[-64.9035,60.0606],[-64.9066,60.0641],[-64.9133,60.0665],[-64.9206,60.0655],[-64.9193,60.06],[-64.9054,60.0538],[-64.8985,60.0522],[-64.8953,60.0494],[-64.8898,60.0473],[-64.8845,60.0404],[-64.8847,60.0373],[-64.8789,60.0338],[-64.8846,60.0283],[-64.8831,60.0251],[-64.8799,60.0239],[-64.8792,60.0206],[-64.8721,60.0157],[-64.8746,60.0145],[-64.8742,60.0138],[-64.8703,60.0109],[-64.8607,60.0079],[-64.8602,60.0055],[-64.8573,60.004],[-64.8511,60.0023],[-64.8512,60.0002],[-64.8748,59.9904],[-64.8756,59.9877],[-64.873,59.9829],[-64.8675,59.9821],[-64.8556,59.9839],[-64.845,59.9771],[-64.8364,59.9759],[-64.8358,59.9729],[-64.8418,59.9714],[-64.8442,59.9688],[-64.838,59.9648],[-64.8354,59.9641],[-64.83,59.9658],[-64.8228,59.9714],[-64.7962,59.9712],[-64.793,59.9771],[-64.7854,59.9808],[-64.7751,59.9822],[-64.7722,59.9803],[-64.7743,59.976],[-64.7734,59.9752],[-64.7626,59.9756],[-64.7472,59.9725],[-64.743,59.9702],[-64.741,59.9654],[-64.7489,59.9584],[-64.744,59.9549],[-64.7188,59.9537],[-64.7159,59.9586],[-64.7098,59.9613],[-64.6982,59.9582],[-64.686,59.9578],[-64.6639,59.9509],[-64.6528,59.9508],[-64.6609,59.9459],[-64.6595,59.9351],[-64.665,59.9287],[-64.6532,59.931],[-64.6317,59.9321],[-64.6209,59.9294],[-64.6297,59.9267],[-64.6357,59.9208],[-64.6364,59.9147],[-64.6431,59.9072],[-64.6427,59.9061],[-64.653,59.9044],[-64.6566,59.9021],[-64.6579,59.8994],[-64.6574,59.8922],[-64.6593,59.8902],[-64.6655,59.8863],[-64.6801,59.8802],[-64.6894,59.8787],[-64.6904,59.8826],[-64.6921,59.8834],[-64.7009,59.8851],[-64.7086,59.8847],[-64.719,59.8887],[-64.728,59.888],[-64.7385,59.8902],[-64.7452,59.8886],[-64.7583,59.8909],[-64.7625,59.8903],[-64.7642,59.8887],[-64.7608,59.8855],[-64.7594,59.8809],[-64.7681,59.879],[-64.7704,59.8757],[-64.7695,59.8733],[-64.7663,59.8725],[-64.7612,59.8739],[-64.7541,59.8736],[-64.7439,59.8697],[-64.7345,59.8694],[-64.7254,59.8627],[-64.7252,59.8613],[-64.7464,59.8586],[-64.7556,59.8542],[-64.7647,59.8536],[-64.7656,59.8508],[-64.7691,59.8492],[-64.7853,59.8495],[-64.7886,59.8462],[-64.7886,59.8438],[-64.7953,59.8407],[-64.7928,59.8375],[-64.7948,59.8343],[-64.8196,59.8334],[-64.8189,59.8261],[-64.8201,59.8219],[-64.8019,59.8179],[-64.798,59.8126],[-64.7898,59.8074],[-64.7903,59.8054],[-64.7942,59.8019],[-64.804,59.8001],[-64.8096,59.7968],[-64.8111,59.7934],[-64.8103,59.7855],[-64.8124,59.7824],[-64.8063,59.7788],[-64.8055,59.7691],[-64.8007,59.767],[-64.7989,59.7648],[-64.7897,59.7625],[-64.787,59.7604],[-64.7865,59.7582],[-64.789,59.7517],[-64.7963,59.7454],[-64.7965,59.743],[-64.7938,59.7362],[-64.7763,59.7355],[-64.7581,59.7306],[-64.7513,59.7252],[-64.7492,59.7202],[-64.7486,59.7133],[-64.7504,59.7106],[-64.7606,59.7077],[-64.7646,59.7025],[-64.7822,59.6914],[-64.7753,59.6857],[-64.7717,59.6765],[-64.7728,59.6738],[-64.7991,59.664],[-64.8035,59.6612],[-64.8099,59.6545],[-64.8108,59.6444],[-64.7989,59.6175],[-64.8013,59.6157],[-64.8129,59.6117],[-64.8154,59.6073],[-64.8147,59.6047],[-64.8042,59.5925],[-64.8041,59.5901],[-64.8101,59.585],[-64.8087,59.5761],[-64.8121,59.5697],[-64.8154,59.5684],[-64.8379,59.5677],[-64.8399,59.5644],[-64.8395,59.5557],[-64.8242,59.5437],[-64.8172,59.5401],[-64.8171,59.5389],[-64.8238,59.5324],[-64.8256,59.529],[-64.8171,59.521],[-64.8101,59.5096],[-64.8123,59.5023],[-64.8108,59.498],[-64.7949,59.4925],[-64.7852,59.4945],[-64.7777,59.4944],[-64.7609,59.4901],[-64.749,59.4902],[-64.7454,59.4873],[-64.7414,59.4798],[-64.7336,59.4761],[-64.7327,59.4748],[-64.7337,59.4694],[-64.7311,59.4674],[-64.7249,59.4662],[-64.7154,59.4664],[-64.6935,59.4622],[-64.6754,59.4458],[-64.673,59.446],[-64.6711,59.4489],[-64.6584,59.4548],[-64.6454,59.4575],[-64.6388,59.4622],[-64.6372,59.4728],[-64.6291,59.4788],[-64.6299,59.4828],[-64.6199,59.4803],[-64.5916,59.4698],[-64.5785,59.4703],[-64.5724,59.4726],[-64.5669,59.477],[-64.5652,59.4857],[-64.5543,59.4912],[-64.5322,59.4994],[-64.5126,59.499],[-64.4971,59.5037],[-64.4969,59.5063],[-64.511,59.5126],[-64.5154,59.5166],[-64.5055,59.5184],[-64.5034,59.5197],[-64.5022,59.5224],[-64.499,59.5232],[-64.4876,59.523],[-64.482,59.52],[-64.4742,59.5202],[-64.4679,59.5232],[-64.4602,59.5246],[-64.4564,59.524],[-64.442,59.535],[-64.43,59.5345],[-64.4217,59.5358],[-64.3927,59.5266],[-64.3821,59.5202],[-64.3748,59.5223],[-64.3504,59.5186],[-64.3474,59.5171],[-64.3455,59.5118],[-64.3435,59.5109],[-64.3293,59.5137],[-64.3241,59.5113],[-64.3237,59.5053],[-64.3323,59.5006],[-64.3338,59.4986],[-64.3461,59.4982],[-64.3507,59.4956],[-64.3639,59.4968],[-64.365,59.4953],[-64.3633,59.4898],[-64.3646,59.4871],[-64.3855,59.4849],[-64.3842,59.4813],[-64.3804,59.4784],[-64.3813,59.4775],[-64.3888,59.4755],[-64.3987,59.4757],[-64.4066,59.4777],[-64.4092,59.4796],[-64.4159,59.4732],[-64.4329,59.4655],[-64.4355,59.4632],[-64.4508,59.4617],[-64.4569,59.4597],[-64.4615,59.4562],[-64.4622,59.4503],[-64.4651,59.4469],[-64.4689,59.4451],[-64.4868,59.4451],[-64.4808,59.4429],[-64.4856,59.4415],[-64.4953,59.4358],[-64.4972,59.4313],[-64.5023,59.4312],[-64.5055,59.4276],[-64.5143,59.4229],[-64.5129,59.4216],[-64.4724,59.4195],[-64.4712,59.4183],[-64.4761,59.4166],[-64.4761,59.4156],[-64.464,59.4132],[-64.4625,59.4114],[-64.4645,59.4101],[-64.4859,59.41],[-64.4896,59.4064],[-64.4952,59.4039],[-64.5057,59.4022],[-64.5188,59.4024],[-64.5251,59.3998],[-64.5306,59.3911],[-64.5216,59.3865],[-64.5238,59.3835],[-64.5353,59.3751],[-64.5369,59.3706],[-64.5342,59.366],[-64.5205,59.3624],[-64.5198,59.3582],[-64.5178,59.3568],[-64.5114,59.3566],[-64.498,59.3534],[-64.4917,59.3496],[-64.498,59.3402],[-64.5094,59.3372],[-64.5147,59.3333],[-64.5202,59.3184],[-64.5306,59.3198],[-64.5498,59.3196],[-64.5548,59.3188],[-64.5577,59.3166],[-64.5535,59.3127],[-64.5452,59.3107],[-64.5353,59.3036],[-64.5347,59.3009],[-64.5364,59.2963],[-64.5424,59.2903],[-64.5353,59.2896],[-64.5302,59.2858],[-64.5223,59.2883],[-64.5191,59.2881],[-64.5184,59.287],[-64.521,59.2844],[-64.5205,59.2825],[-64.5109,59.2793],[-64.5066,59.2742],[-64.4928,59.2738],[-64.489,59.2709],[-64.489,59.2693],[-64.4921,59.2652],[-64.491,59.2596],[-64.4988,59.2553],[-64.4973,59.2495],[-64.504,59.2463],[-64.5038,59.2436],[-64.5074,59.2385],[-64.5114,59.2352],[-64.5062,59.2277],[-64.5288,59.223],[-64.5349,59.2205],[-64.5193,59.2164],[-64.5203,59.2128],[-64.5232,59.2101],[-64.5224,59.2082],[-64.5166,59.2048],[-64.4937,59.1967],[-64.4858,59.1916],[-64.4827,59.188],[-64.4757,59.1877],[-64.476,59.1838],[-64.4711,59.1795],[-64.4727,59.1759],[-64.4796,59.1707],[-64.4744,59.1638],[-64.476,59.1603],[-64.4752,59.1578],[-64.4799,59.1554],[-64.4829,59.149],[-64.4806,59.1407],[-64.4891,59.1388],[-64.4922,59.1337],[-64.4864,59.1224],[-64.4834,59.1201],[-64.4825,59.1162],[-64.4839,59.1137],[-64.4906,59.1094],[-64.4913,59.1067],[-64.4895,59.1033],[-64.4789,59.0986],[-64.4631,59.1009],[-64.4524,59.1004],[-64.4477,59.1012],[-64.4354,59.1071],[-64.4346,59.1047],[-64.4322,59.1028],[-64.4353,59.0879],[-64.4217,59.0863],[-64.4212,59.0794],[-64.4198,59.0788],[-64.4111,59.0835],[-64.4119,59.0858],[-64.4075,59.0891],[-64.3948,59.0923],[-64.3815,59.0927],[-64.3803,59.0936],[-64.3818,59.096],[-64.3814,59.0977],[-64.3687,59.0986],[-64.3657,59.0933],[-64.3685,59.0868],[-64.3594,59.0793],[-64.3597,59.0754],[-64.3638,59.0688],[-64.3602,59.068],[-64.3376,59.0716],[-64.3247,59.0711],[-64.3159,59.0689],[-64.3058,59.0605],[-64.3028,59.053],[-64.3017,59.0439],[-64.2916,59.0397],[-64.2779,59.0361],[-64.2784,59.0255],[-64.2665,59.0189],[-64.2652,59.0146],[-64.268,59.0105],[-64.2767,59.009],[-64.2808,59.0051],[-64.3015,59.0054],[-64.3186,59.0047],[-64.3272,59.0024],[-64.3322,59.0033],[-64.3427,58.9984],[-64.3502,58.9966],[-64.3526,58.9973],[-64.3543,59.0047],[-64.367,59.0082],[-64.3745,59.0086],[-64.3758,59.0083],[-64.3774,59.0025],[-64.3841,59.0037],[-64.3869,59.0061],[-64.3928,59.0057],[-64.3974,59.0036],[-64.3996,59.0],[-64.4208,58.9954],[-64.4322,58.9958],[-64.4427,58.9907],[-64.4486,58.9855],[-64.4631,58.9833],[-64.4723,58.9842],[-64.4754,58.9862],[-64.477,58.9935],[-64.4697,58.9961],[-64.4687,59.0024],[-64.4794,59.0036],[-64.4817,59.0085],[-64.4904,59.0113],[-64.4926,59.0164],[-64.5072,59.0168],[-64.5155,59.0191],[-64.5116,59.0146],[-64.5118,59.0084],[-64.5141,59.0055],[-64.5207,59.0033],[-64.5292,59.0042],[-64.5404,59.0033],[-64.5419,59.0048],[-64.5411,59.0082],[-64.5445,59.0118],[-64.5559,59.0136],[-64.5611,59.0157],[-64.5669,59.0216],[-64.5669,59.0248],[-64.5705,59.0298],[-64.5705,59.0319],[-64.5766,59.0391],[-64.5993,59.0375],[-64.608,59.0444],[-64.6163,59.0423],[-64.6423,59.0419],[-64.6557,59.0386],[-64.6707,59.0388],[-64.6768,59.0433],[-64.6807,59.056],[-64.6806,59.0621],[-64.6826,59.0666],[-64.681,59.0718],[-64.6843,59.0741],[-64.7086,59.0735],[-64.724,59.0757],[-64.7278,59.075],[-64.7353,59.0787],[-64.7364,59.0719],[-64.7429,59.0697],[-64.7558,59.0699],[-64.7638,59.0736],[-64.7659,59.0733],[-64.7682,59.07],[-64.7699,59.07],[-64.7818,59.0736],[-64.7839,59.0731],[-64.7847,59.0689],[-64.7935,59.0665],[-64.8013,59.0677],[-64.8111,59.0668],[-64.8161,59.0716],[-64.8282,59.072],[-64.8295,59.0715],[-64.8281,59.0635],[-64.8243,59.0562],[-64.8262,59.0432],[-64.8344,59.0361],[-64.8382,59.0309],[-64.831,59.0212],[-64.831,59.0196],[-64.8423,59.0171],[-64.8541,59.0172],[-64.8611,59.0159],[-64.8688,59.0108],[-64.8702,59.0038],[-64.87,58.9999],[-64.8659,58.9942],[-64.8664,58.9886],[-64.851,58.9888],[-64.8453,58.9868],[-64.8408,58.9831],[-64.8407,58.9747],[-64.8382,58.9676],[-64.8351,58.9635],[-64.8345,58.9581],[-64.8372,58.9549],[-64.842,58.9532],[-64.8602,58.9526],[-64.8806,58.9489],[-64.8881,58.9489],[-64.8903,58.9459],[-64.8887,58.9408],[-64.8629,58.9404],[-64.8614,58.9394],[-64.8599,58.9313],[-64.8578,58.9306],[-64.8489,58.9303],[-64.8447,58.9278],[-64.8338,58.9286],[-64.831,58.9244],[-64.8322,58.9197],[-64.8174,58.9151],[-64.8048,58.9166],[-64.7808,58.9221],[-64.7655,58.9198],[-64.7623,58.9204],[-64.7548,58.9278],[-64.7462,58.9318],[-64.7454,58.9332],[-64.7458,58.9356],[-64.7478,58.9371],[-64.758,58.9372],[-64.7598,58.9383],[-64.7507,58.9405],[-64.7328,58.9502],[-64.7133,58.946],[-64.699,58.9447],[-64.6905,58.9463],[-64.651,58.9406],[-64.6343,58.9348],[-64.6278,58.9309],[-64.6266,58.9272],[-64.6273,58.9231],[-64.617,58.9201],[-64.6125,58.9055],[-64.6052,58.9036],[-64.5763,58.9024],[-64.5634,58.8997],[-64.5581,58.898],[-64.5544,58.895],[-64.5505,58.8909],[-64.5484,58.8856],[-64.543,58.8852],[-64.5267,58.8874],[-64.5175,58.8825],[-64.4954,58.8934],[-64.4853,58.8951],[-64.4739,58.9052],[-64.4604,58.9084],[-64.4494,58.9083],[-64.4417,58.9046],[-64.4247,58.905],[-64.4222,58.9016],[-64.4243,58.8965],[-64.4236,58.8915],[-64.422,58.8901],[-64.4167,58.8893],[-64.4089,58.8896],[-64.4053,58.8912],[-64.405,58.8961],[-64.4013,58.9011],[-64.3865,58.9041],[-64.3817,58.9038],[-64.3729,58.8992],[-64.3621,58.8992],[-64.3561,58.8935],[-64.3535,58.893],[-64.3377,58.9001],[-64.3254,58.902],[-64.3053,58.902],[-64.2901,58.895],[-64.2896,58.8919],[-64.2911,58.8879],[-64.2791,58.8802],[-64.26,58.8772],[-64.2544,58.8724],[-64.2502,58.866],[-64.2423,58.8632],[-64.2397,58.861],[-64.2381,58.8466],[-64.2286,58.8334],[-64.2294,58.831],[-64.2369,58.83],[-64.2366,58.8226],[-64.2348,58.8197],[-64.2281,58.8178],[-64.2266,58.8157],[-64.234,58.8075],[-64.2433,58.801],[-64.2342,58.7952],[-64.2316,58.7866],[-64.225,58.7832],[-64.205,58.7814],[-64.1756,58.788],[-64.1739,58.7862],[-64.1721,58.7743],[-64.1682,58.7715],[-64.1579,58.7566],[-64.152,58.7539],[-64.1506,58.7502],[-64.1465,58.7484],[-64.1201,58.7494],[-64.1123,58.7574],[-64.1099,58.7585],[-64.0867,58.7591],[-64.0775,58.7627],[-64.0741,58.7658],[-64.0709,58.7725],[-64.0744,58.7827],[-64.07,58.7844],[-64.0506,58.7872],[-64.0443,58.7904],[-64.0414,58.7934],[-64.0407,58.7989],[-64.0449,58.8064],[-64.0432,58.8095],[-64.0409,58.8109],[-64.0134,58.816],[-64.0062,58.8162],[-63.999,58.8145],[-63.994,58.8183],[-63.9879,58.8209],[-63.9813,58.8272],[-63.9738,58.8315],[-63.9704,58.8278],[-63.9679,58.8269],[-63.9547,58.8286],[-63.9487,58.8278],[-63.9274,58.8339],[-63.9168,58.8357],[-63.9098,58.8349],[-63.8991,58.8393],[-63.8946,58.8365],[-63.8718,58.8333],[-63.8644,58.8339],[-63.8437,58.8425],[-63.8434,58.8474],[-63.8393,58.8496],[-63.8209,58.8469],[-63.8077,58.8486],[-63.8047,58.8529],[-63.7973,58.8568],[-63.7968,58.8582],[-63.8004,58.8645],[-63.7992,58.8664],[-63.7837,58.8701],[-63.7809,58.8797],[-63.7857,58.8832],[-63.7852,58.8839],[-63.7709,58.8846],[-63.7624,58.8791],[-63.7574,58.881],[-63.7466,58.8821],[-63.7379,58.8794],[-63.731,58.879],[-63.7222,58.88],[-63.7173,58.8825],[-63.7124,58.8875],[-63.6992,58.8861],[-63.6936,58.8828],[-63.6813,58.8809],[-63.6803,58.875],[-63.6815,58.8706],[-63.6791,58.8643],[-63.671,58.8598],[-63.6599,58.8589],[-63.657,58.8538],[-63.6398,58.8514],[-63.6321,58.8523],[-63.6236,58.8516],[-63.6137,58.8542],[-63.6001,58.8519],[-63.5808,58.8525],[-63.5705,58.8464],[-63.5648,58.8378],[-63.5585,58.8342],[-63.5478,58.8321],[-63.5484,58.8279],[-63.5437,58.8245],[-63.5427,58.8213],[-63.5286,58.8155],[-63.5272,58.8113],[-63.5231,58.8108],[-63.5233,58.807],[-63.5167,58.8029],[-63.5137,58.7987],[-63.5048,58.7944],[-63.499,58.7879],[-63.4969,58.782],[-63.494,58.7798],[-63.4896,58.7675],[-63.4838,58.7648],[-63.4691,58.7647],[-63.4665,58.7637],[-63.4674,58.7608],[-63.4711,58.759],[-63.4996,58.7548],[-63.5009,58.7528],[-63.4985,58.7494],[-63.4979,58.746],[-63.5042,58.7418],[-63.5189,58.7423],[-63.5356,58.7387],[-63.5509,58.738],[-63.5564,58.7345],[-63.5572,58.7283],[-63.5734,58.7323],[-63.5843,58.7323],[-63.6264,58.7226],[-63.6328,58.7195],[-63.658,58.7258],[-63.6813,58.7173],[-63.685,58.7173],[-63.6923,58.7208],[-63.699,58.72],[-63.7087,58.7133],[-63.7152,58.707],[-63.7212,58.708],[-63.7338,58.7143],[-63.7471,58.7175],[-63.7631,58.7137],[-63.7806,58.706],[-63.7868,58.7046],[-63.8009,58.7074],[-63.8072,58.7127],[-63.8137,58.7111],[-63.8218,58.7131],[-63.835,58.7113],[-63.8387,58.7073],[-63.8548,58.7074],[-63.864,58.704],[-63.8796,58.7075],[-63.8885,58.711],[-63.9216,58.7058],[-63.9248,58.7034],[-63.9266,58.6989],[-63.9349,58.6988],[-63.946,58.6902],[-63.9491,58.6894],[-63.9607,58.6936],[-63.9801,58.691],[-63.997,58.6929],[-64.0347,58.7037],[-64.0397,58.7034],[-64.0432,58.7017],[-64.0482,58.6907],[-64.0548,58.684],[-64.0609,58.68],[-64.0669,58.6723],[-64.0797,58.6636],[-64.0786,58.6527],[-64.0806,58.6484],[-64.0932,58.6413],[-64.1063,58.6383],[-64.1097,58.6359],[-64.1122,58.6311],[-64.1228,58.6198],[-64.1458,58.6062],[-64.1456,58.6038],[-64.1376,58.5995],[-64.1168,58.5951],[-64.1064,58.596],[-64.0906,58.5893],[-64.0919,58.587],[-64.1105,58.5818],[-64.1142,58.5795],[-64.1065,58.5671],[-64.1021,58.5626],[-64.0995,58.561],[-64.0886,58.559],[-64.0802,58.5478],[-64.0792,58.5457],[-64.0797,58.5425],[-64.0769,58.54],[-64.0712,58.5381],[-64.06,58.5394],[-64.0552,58.5366],[-64.0433,58.5262],[-64.0337,58.5228],[-64.0259,58.5265],[-64.0193,58.5333],[-64.0044,58.5287],[-63.9942,58.5269],[-63.979,58.53],[-63.9522,58.5382],[-63.9478,58.5443],[-63.9479,58.5477],[-63.9458,58.551],[-63.933,58.5528],[-63.9217,58.5616],[-63.9189,58.5657],[-63.9177,58.5704],[-63.9155,58.5725],[-63.906,58.5725],[-63.8947,58.5745],[-63.8897,58.5729],[-63.8793,58.5656],[-63.8746,58.5655],[-63.8662,58.5679],[-63.865,58.5652],[-63.8665,58.5555],[-63.8568,58.5515],[-63.8516,58.5432],[-63.8522,58.5379],[-63.8569,58.5293],[-63.8588,58.5217],[-63.8587,58.5142],[-63.8533,58.5026],[-63.8492,58.4997],[-63.8448,58.499],[-63.8132,58.499],[-63.8128,58.4937],[-63.8096,58.4861],[-63.8102,58.4842],[-63.8149,58.4811],[-63.8169,58.4767],[-63.828,58.4709],[-63.8301,58.4647],[-63.8391,58.4608],[-63.8444,58.4564],[-63.8478,58.4511],[-63.8479,58.4472],[-63.8498,58.4436],[-63.8648,58.4398],[-63.8747,58.4417],[-63.882,58.4407],[-63.8848,58.4385],[-63.8851,58.4347],[-63.8869,58.4336],[-63.8994,58.4341],[-63.9036,58.4393],[-63.9124,58.4454],[-63.9229,58.4445],[-63.9302,58.4456],[-63.9386,58.4427],[-63.9475,58.443],[-63.965,58.4402],[-63.9771,58.4443],[-63.9853,58.4432],[-63.9866,58.4385],[-63.9941,58.4359],[-63.9942,58.4309],[-63.9956,58.429],[-64.0112,58.4262],[-64.0121,58.4155],[-64.0164,58.4119],[-64.0196,58.405],[-64.0282,58.401],[-64.0278,58.3925],[-64.0315,58.3833],[-64.0277,58.3696],[-64.0297,58.3646],[-64.0603,58.3665],[-64.1044,58.3742],[-64.1149,58.3657],[-64.1212,58.3628],[-64.1256,58.3626],[-64.1358,58.3675],[-64.151,58.3712],[-64.1574,58.3703],[-64.1664,58.3661],[-64.1692,58.364],[-64.171,58.3592],[-64.1711,58.356],[-64.1687,58.3505],[-64.1695,58.3429],[-64.1738,58.3384],[-64.1813,58.3367],[-64.1803,58.3346],[-64.1738,58.3306],[-64.1731,58.3273],[-64.1791,58.3222],[-64.1791,58.309],[-64.1835,58.3098],[-64.1862,58.3122],[-64.187,58.3161],[-64.1896,58.3181],[-64.1927,58.3175],[-64.1953,58.3137],[-64.1925,58.3058],[-64.195,58.3013],[-64.1948,58.2956],[-64.1974,58.2882],[-64.1931,58.2865],[-64.184,58.2856],[-64.1814,58.2836],[-64.1965,58.2786],[-64.205,58.2776],[-64.2016,58.2722],[-64.2012,58.2691],[-64.2135,58.264],[-64.2168,58.2565],[-64.2161,58.2514],[-64.2191,58.2468],[-64.2281,58.2448],[-64.2363,58.2398],[-64.2449,58.2368],[-64.2545,58.2251],[-64.2579,58.2235],[-64.2794,58.2226],[-64.2882,58.2211],[-64.2943,58.2217],[-64.3344,58.2167],[-64.3483,58.2121],[-64.3699,58.2092],[-64.3801,58.2027],[-64.3866,58.2011],[-64.4087,58.2002],[-64.4236,58.2027],[-64.4344,58.1988],[-64.4347,58.1967],[-64.4227,58.1935],[-64.4226,58.189],[-64.4182,58.1811],[-64.4222,58.172],[-64.421,58.1657],[-64.4272,58.1587],[-64.4283,58.1496],[-64.4244,58.1439],[-64.4243,58.1412],[-64.438,58.1385],[-64.4431,58.1319],[-64.4392,58.1203],[-64.4385,58.1136],[-64.4325,58.1107],[-64.4313,58.108],[-64.4309,58.1015],[-64.4325,58.0986],[-64.4247,58.0953],[-64.4245,58.0917],[-64.426,58.0886],[-64.4211,58.0828],[-64.4257,58.0795],[-64.4368,58.0783],[-64.4368,58.0763],[-64.4316,58.0707],[-64.4313,58.0688],[-64.4241,58.069],[-64.4215,58.0679],[-64.4186,58.064],[-64.4074,58.0628],[-64.3848,58.0707],[-64.3491,58.0693],[-64.3469,58.0683],[-64.3448,58.0641],[-64.3267,58.0623],[-64.3131,58.0585],[-64.3039,58.0508],[-64.3019,58.0464],[-64.2838,58.0455],[-64.2785,58.0471],[-64.2772,58.0492],[-64.2773,58.0535],[-64.2733,58.0561],[-64.2712,58.0605],[-64.2614,58.0656],[-64.2595,58.0646],[-64.259,58.0624],[-64.2603,58.0567],[-64.2571,58.0508],[-64.2571,58.0437],[-64.2547,58.0412],[-64.2402,58.0413],[-64.22,58.0349],[-64.2213,58.0337],[-64.2303,58.0338],[-64.2382,58.0295],[-64.2417,58.023],[-64.2421,58.0191],[-64.2339,58.0171],[-64.2279,58.0024],[-64.2304,57.9956],[-64.2256,57.9884],[-64.2166,57.9863],[-64.2132,57.9807],[-64.2019,57.9768],[-64.1971,57.9731],[-64.198,57.966],[-64.1972,57.9565],[-64.1952,57.9488],[-64.1928,57.9468],[-64.1944,57.944],[-64.1934,57.933],[-64.1849,57.9248],[-64.1658,57.9221],[-64.1611,57.9232],[-64.1591,57.9257],[-64.1599,57.93],[-64.1662,57.936],[-64.1675,57.939],[-64.1667,57.9414],[-64.1636,57.9428],[-64.1521,57.941],[-64.1417,57.9426],[-64.1373,57.9335],[-64.1311,57.9249],[-64.1268,57.9214],[-64.1193,57.9213],[-64.1117,57.9243],[-64.094,57.9165],[-64.0908,57.9173],[-64.0871,57.9314],[-64.0739,57.9287],[-64.0619,57.9233],[-64.0582,57.9228],[-64.0563,57.9236],[-64.0547,57.9283],[-64.0494,57.9312],[-64.0467,57.9262],[-64.0467,57.9188],[-64.0365,57.9147],[-64.0368,57.91],[-64.0203,57.9109],[-64.0134,57.9062],[-64.009,57.9054],[-64.0029,57.9078],[-63.9955,57.9143],[-63.991,57.9153],[-63.9759,57.9115],[-63.9717,57.9049],[-63.9693,57.9038],[-63.9628,57.9033],[-63.9579,57.9052],[-63.9473,57.9049],[-63.9412,57.8966],[-63.9395,57.892],[-63.9213,57.8991],[-63.9192,57.9014],[-63.9175,57.9085],[-63.9125,57.9123],[-63.9037,57.9141],[-63.8998,57.9129],[-63.8977,57.9098],[-63.8971,57.9053],[-63.9019,57.8989],[-63.9019,57.8896],[-63.9034,57.8823],[-63.8996,57.8724],[-63.901,57.8569],[-63.8895,57.8461],[-63.8875,57.8382],[-63.8886,57.8364],[-63.8986,57.8346],[-63.9053,57.8319],[-63.9079,57.8281],[-63.9048,57.8237],[-63.8952,57.8189],[-63.8923,57.8063],[-63.8887,57.8004],[-63.8923,57.7978],[-63.9067,57.7984],[-63.909,57.798],[-63.9099,57.7962],[-63.9065,57.7925],[-63.9074,57.7888],[-63.9055,57.7861],[-63.9058,57.7832],[-63.9005,57.7767],[-63.9025,57.7707],[-63.9009,57.7654],[-63.9051,57.7538],[-63.8955,57.7391],[-63.8935,57.7326],[-63.8881,57.7258],[-63.8835,57.7232],[-63.8832,57.7156],[-63.8686,57.7102],[-63.8647,57.7114],[-63.8617,57.7152],[-63.8465,57.7196],[-63.8345,57.7162],[-63.8309,57.7134],[-63.8227,57.7133],[-63.8222,57.7096],[-63.8161,57.7069],[-63.817,57.7037],[-63.8127,57.7],[-63.8146,57.6942],[-63.8128,57.6892],[-63.8107,57.6889],[-63.7992,57.6924],[-63.7852,57.6918],[-63.7794,57.6944],[-63.7747,57.6993],[-63.7802,57.7085],[-63.78,57.7123],[-63.7751,57.7142],[-63.7787,57.7196],[-63.7785,57.7246],[-63.7703,57.7292],[-63.7611,57.731],[-63.7548,57.7316],[-63.7515,57.7278],[-63.7513,57.7173],[-63.7532,57.7021],[-63.75,57.6958],[-63.743,57.6924],[-63.7413,57.6863],[-63.7393,57.6839],[-63.7404,57.6774],[-63.7382,57.6747],[-63.7389,57.671],[-63.7365,57.6667],[-63.737,57.6622],[-63.7425,57.6579],[-63.7566,57.6585],[-63.7616,57.6526],[-63.7656,57.6506],[-63.7674,57.652],[-63.7685,57.659],[-63.7705,57.6595],[-63.7786,57.6565],[-63.7864,57.6566],[-63.7946,57.6551],[-63.8113,57.6461],[-63.8247,57.6475],[-63.8229,57.6449],[-63.822,57.6392],[-63.8249,57.6352],[-63.818,57.6288],[-63.8126,57.6272],[-63.8132,57.6251],[-63.8107,57.623],[-63.8109,57.6217],[-63.8151,57.6188],[-63.8243,57.6159],[-63.8413,57.619],[-63.8491,57.618],[-63.8444,57.6098],[-63.8389,57.6046],[-63.8347,57.5964],[-63.8394,57.5927],[-63.8389,57.5896],[-63.8365,57.5868],[-63.8292,57.5837],[-63.8289,57.5804],[-63.8333,57.5731],[-63.8355,57.5672],[-63.8347,57.5659],[-63.8294,57.5622],[-63.814,57.5594],[-63.8103,57.5565],[-63.8052,57.5549],[-63.7949,57.5459],[-63.7861,57.5433],[-63.7848,57.5402],[-63.778,57.5369],[-63.7683,57.5269],[-63.7675,57.5234],[-63.7697,57.5119],[-63.7668,57.5054],[-63.7682,57.4969],[-63.7631,57.4909],[-63.7559,57.4877],[-63.7667,57.4781],[-63.7653,57.4753],[-63.7595,57.4721],[-63.7655,57.4686],[-63.7628,57.4616],[-63.763,57.4546],[-63.7584,57.4437],[-63.7562,57.4411],[-63.7476,57.4329],[-63.7363,57.4284],[-63.736,57.4263],[-63.7416,57.42],[-63.7377,57.416],[-63.7329,57.416],[-63.7293,57.4225],[-63.726,57.4249],[-63.7223,57.4327],[-63.7155,57.4381],[-63.7141,57.438],[-63.7139,57.4355],[-63.7108,57.4328],[-63.7118,57.4274],[-63.7102,57.4202],[-63.7174,57.4165],[-63.7187,57.4093],[-63.7289,57.4096],[-63.7237,57.4035],[-63.7226,57.4004],[-63.7129,57.3992],[-63.7106,57.3971],[-63.7098,57.3904],[-63.714,57.3866],[-63.7138,57.385],[-63.7009,57.3727],[-63.698,57.367],[-63.7058,57.3617],[-63.7154,57.362],[-63.7298,57.3587],[-63.7338,57.3538],[-63.7544,57.3448],[-63.7539,57.3424],[-63.7552,57.3414],[-63.7634,57.3426],[-63.7738,57.3381],[-63.776,57.3389],[-63.7776,57.3432],[-63.782,57.349],[-63.7863,57.3497],[-63.7943,57.3486],[-63.7926,57.3453],[-63.7959,57.342],[-63.7952,57.3363],[-63.8016,57.3334],[-63.8029,57.328],[-63.8074,57.3254],[-63.8129,57.3265],[-63.8248,57.3498],[-63.8303,57.3504],[-63.8428,57.3469],[-63.8476,57.3403],[-63.8448,57.3337],[-63.8578,57.3301],[-63.8607,57.3282],[-63.8627,57.3248],[-63.8642,57.3167],[-63.8633,57.3115],[-63.8666,57.3102],[-63.8674,57.3067],[-63.8651,57.2989],[-63.8657,57.2928],[-63.8678,57.2911],[-63.8768,57.2886],[-63.8791,57.2845],[-63.8774,57.2747],[-63.8782,57.2717],[-63.8813,57.2683],[-63.881,57.2659],[-63.8781,57.259],[-63.8739,57.2392],[-63.8666,57.2363],[-63.8675,57.2304],[-63.8658,57.2275],[-63.8658,57.2228],[-63.8715,57.2196],[-63.8751,57.211],[-63.8781,57.2082],[-63.8799,57.2033],[-63.8854,57.1967],[-63.882,57.1953],[-63.8713,57.196],[-63.863,57.2031],[-63.8534,57.2032],[-63.8482,57.2058],[-63.8415,57.2061],[-63.8411,57.2076],[-63.8444,57.2151],[-63.8411,57.2222],[-63.8402,57.2295],[-63.8321,57.2359],[-63.8283,57.2375],[-63.8233,57.2377],[-63.8196,57.2364],[-63.8183,57.2299],[-63.8099,57.2258],[-63.8031,57.2277],[-63.794,57.2273],[-63.7869,57.2293],[-63.7832,57.2279],[-63.7746,57.2212],[-63.7643,57.2211],[-63.759,57.2033],[-63.7597,57.2019],[-63.7664,57.2003],[-63.7703,57.2058],[-63.7754,57.2057],[-63.7784,57.2044],[-63.7799,57.2007],[-63.7876,57.2],[-63.7907,57.1967],[-63.7961,57.1945],[-63.7926,57.1909],[-63.7936,57.1846],[-63.7919,57.1816],[-63.7819,57.178],[-63.7854,57.1683],[-63.7803,57.1655],[-63.7794,57.1593],[-63.7751,57.158],[-63.7739,57.1549],[-63.7787,57.1504],[-63.7735,57.1483],[-63.767,57.1433],[-63.7701,57.1387],[-63.7706,57.1336],[-63.7723,57.1308],[-63.7755,57.1281],[-63.7815,57.1262],[-63.7791,57.1169],[-63.7763,57.1127],[-63.7719,57.11],[-63.7748,57.105],[-63.7747,57.102],[-63.7765,57.1008],[-63.7785,57.1018],[-63.7825,57.11],[-63.7888,57.1148],[-63.7911,57.1153],[-63.7931,57.1134],[-63.7931,57.1099],[-63.798,57.1072],[-63.7976,57.1037],[-63.8035,57.1012],[-63.8047,57.0964],[-63.812,57.0948],[-63.8105,57.0891],[-63.8147,57.087],[-63.8154,57.0838],[-63.8202,57.0807],[-63.8219,57.0809],[-63.822,57.0829],[-63.8234,57.0839],[-63.8312,57.0854],[-63.8459,57.084],[-63.8473,57.0851],[-63.8458,57.0876],[-63.8471,57.0882],[-63.8521,57.0876],[-63.862,57.0831],[-63.8684,57.0871],[-63.8857,57.0902],[-63.8876,57.0823],[-63.9023,57.0774],[-63.9046,57.0728],[-63.9036,57.0678],[-63.9015,57.0657],[-63.8957,57.064],[-63.8964,57.058],[-63.8889,57.0532],[-63.889,57.0491],[-63.8914,57.0456],[-63.8902,57.0398],[-63.8913,57.0355],[-63.8863,57.0314],[-63.8846,57.0254],[-63.8895,57.0197],[-63.8891,57.0137],[-63.8805,57.01],[-63.8735,57.0025],[-63.8622,57.0001],[-63.8616,56.9975],[-63.8653,56.9927],[-63.8731,56.9922],[-63.8792,56.9837],[-63.8811,56.9778],[-63.8878,56.9788],[-63.9055,56.9887],[-63.9121,56.9846],[-63.9122,56.9777],[-63.9152,56.9757],[-63.9151,56.9734],[-63.9104,56.9712],[-63.9085,56.9666],[-63.9016,56.9628],[-63.9027,56.9581],[-63.9044,56.9571],[-63.9042,56.9551],[-63.9071,56.9506],[-63.9075,56.9467],[-63.9106,56.9436],[-63.9092,56.9404],[-63.9111,56.9326],[-63.9105,56.9261],[-63.9064,56.9232],[-63.9047,56.9199],[-63.8992,56.9183],[-63.8908,56.9137],[-63.8855,56.9127],[-63.8821,56.9077],[-63.8714,56.9009],[-63.8706,56.8985],[-63.8763,56.8968],[-63.8799,56.893],[-63.8927,56.8901],[-63.8982,56.8861],[-63.9101,56.8825],[-63.9107,56.8783],[-63.9148,56.8766],[-63.931,56.8761],[-63.9475,56.8689],[-63.9592,56.8728],[-63.9617,56.8711],[-63.964,56.8658],[-63.999,56.8641],[-64.0083,56.8593],[-64.0102,56.8573],[-64.0112,56.8507],[-64.0152,56.8484],[-64.0154,56.8468],[-64.0064,56.8385],[-64.0063,56.8367],[-64.0108,56.831],[-64.0085,56.829],[-64.0002,56.8263],[-64.0085,56.8248],[-64.0071,56.8218],[-64.0099,56.819],[-64.0049,56.8106],[-64.0059,56.8056],[-64.0042,56.8026],[-64.003,56.7935],[-64.0036,56.7881],[-64.0078,56.7848],[-64.0072,56.7803],[-64.008,56.7782],[-64.0441,56.7733],[-64.0505,56.7745],[-64.0624,56.7717],[-64.067,56.769],[-64.0781,56.7679],[-64.0836,56.7688],[-64.0876,56.7675],[-64.0892,56.7655],[-64.0869,56.7627],[-64.0871,56.7608],[-64.0773,56.7559],[-64.0771,56.747],[-64.0745,56.7425],[-64.0762,56.7359],[-64.0822,56.7323],[-64.084,56.7326],[-64.0854,56.7335],[-64.0882,56.7423],[-64.0966,56.7464],[-64.0992,56.7461],[-64.1058,56.7397],[-64.1069,56.7305],[-64.1156,56.7328],[-64.1214,56.7325],[-64.1158,56.7238],[-64.1172,56.7205],[-64.1299,56.7161],[-64.135,56.7088],[-64.1432,56.7035],[-64.141,56.7026],[-64.136,56.7034],[-64.1315,56.7011],[-64.1296,56.6984],[-64.1303,56.6923],[-64.1288,56.6904],[-64.1221,56.687],[-64.1139,56.6865],[-64.1187,56.6803],[-64.1178,56.6783],[-64.111,56.6753],[-64.1055,56.6708],[-64.096,56.6686],[-64.0998,56.6658],[-64.0993,56.663],[-64.0905,56.6628],[-64.1017,56.6557],[-64.0732,56.6553],[-64.0574,56.6589],[-64.0318,56.6588],[-64.0155,56.6615],[-64.0129,56.6608],[-64.0164,56.6568],[-64.0246,56.6566],[-64.0247,56.6547],[-64.019,56.6511],[-64.0191,56.6501],[-64.024,56.6493],[-64.0279,56.6509],[-64.0335,56.6458],[-64.0379,56.6436],[-64.0384,56.6411],[-64.0338,56.6307],[-64.0419,56.62],[-64.0483,56.6183],[-64.0508,56.6159],[-64.0572,56.6155],[-64.0581,56.6143],[-64.0493,56.6128],[-64.0428,56.6095],[-64.0419,56.6066],[-64.0383,56.6029],[-64.0396,56.5976],[-64.0386,56.5963],[-64.0329,56.5959],[-64.0295,56.6002],[-64.028,56.6002],[-64.0265,56.5965],[-64.0291,56.5928],[-64.0283,56.5912],[-64.0228,56.5946],[-64.018,56.5958],[-64.0054,56.5928],[-64.0002,56.5869],[-63.9997,56.5814],[-63.9933,56.5764],[-63.9866,56.5736],[-63.9876,56.5681],[-63.9862,56.5617],[-63.9608,56.5489],[-63.958,56.5457],[-63.9436,56.5398],[-63.9461,56.5353],[-63.938,56.5272],[-63.9436,56.5186],[-63.9415,56.5128],[-63.9437,56.5102],[-63.9408,56.5069],[-63.9433,56.5049],[-63.9414,56.4984],[-63.9441,56.4954],[-63.9369,56.4895],[-63.935,56.4862],[-63.9369,56.4825],[-63.9324,56.4809],[-63.9322,56.4754],[-63.924,56.4729],[-63.9211,56.4675],[-63.9149,56.4648],[-63.903,56.4686],[-63.8962,56.4683],[-63.8908,56.4723],[-63.8859,56.4725],[-63.886,56.4694],[-63.8843,56.4674],[-63.8828,56.4609],[-63.8771,56.4567],[-63.8697,56.4468],[-63.8796,56.4441],[-63.8743,56.4396],[-63.8741,56.4358],[-63.8752,56.4346],[-63.8839,56.4359],[-63.8886,56.4331],[-63.8915,56.4345],[-63.8926,56.4368],[-63.9004,56.4381],[-63.905,56.4353],[-63.9096,56.4343],[-63.9097,56.4312],[-63.9065,56.428],[-63.9073,56.427],[-63.9238,56.4244],[-63.9384,56.4246],[-63.9504,56.4208],[-63.9657,56.4191],[-63.9787,56.4131],[-63.989,56.4108],[-63.9942,56.4113],[-63.9991,56.4152],[-64.0048,56.4166],[-64.036,56.4191],[-64.0597,56.4252],[-64.0768,56.426],[-64.0798,56.428],[-64.0972,56.43],[-64.1002,56.4317],[-64.1021,56.4356],[-64.099,56.4408],[-64.1042,56.4447],[-64.124,56.4375],[-64.1257,56.4333],[-64.1294,56.4318],[-64.1347,56.4329],[-64.1504,56.4439],[-64.1564,56.4451],[-64.1603,56.444],[-64.1631,56.4416],[-64.1595,56.4375],[-64.161,56.4344],[-64.1599,56.4313],[-64.1631,56.4282],[-64.181,56.4304],[-64.1834,56.4297],[-64.1799,56.4276],[-64.1802,56.4253],[-64.1768,56.4227],[-64.1633,56.423],[-64.1481,56.4203],[-64.1475,56.4174],[-64.145,56.4143],[-64.1463,56.413],[-64.143,56.4096],[-64.147,56.4061],[-64.1465,56.4028],[-64.1314,56.4028],[-64.1226,56.4044],[-64.1127,56.4011],[-64.1039,56.3999],[-64.1082,56.3971],[-64.1082,56.3953],[-64.0972,56.3937],[-64.1084,56.3884],[-64.1132,56.3814],[-64.1393,56.377],[-64.1483,56.3787],[-64.1436,56.3753],[-64.1475,56.3716],[-64.1284,56.3753],[-64.1228,56.3709],[-64.1252,56.3683],[-64.1248,56.3669],[-64.1151,56.3654],[-64.0971,56.357],[-64.0951,56.3536],[-64.1003,56.3515],[-64.1015,56.3486],[-64.1059,56.3456],[-64.1045,56.3417],[-64.098,56.3378],[-64.0975,56.3347],[-64.0906,56.3321],[-64.0994,56.3313],[-64.1006,56.3305],[-64.1009,56.3267],[-64.1145,56.3245],[-64.1187,56.32],[-64.1239,56.3172],[-64.1346,56.3141],[-64.1461,56.3088],[-64.1487,56.3065],[-64.148,56.303],[-64.15,56.3008],[-64.1407,56.3027],[-64.1272,56.3025],[-64.1223,56.3014],[-64.1165,56.2975],[-64.075,56.2902],[-64.0798,56.2796],[-64.0848,56.2766],[-64.0927,56.2686],[-64.1226,56.2612],[-64.1102,56.26],[-64.0905,56.2558],[-64.0515,56.2611],[-64.0163,56.2679],[-64.0071,56.2661],[-63.9923,56.2597],[-63.979,56.2587],[-63.9731,56.2568],[-63.9559,56.2642],[-63.9416,56.2673],[-63.9348,56.2651],[-63.93,56.2596],[-63.9273,56.2516],[-63.9149,56.2433],[-63.9156,56.2419],[-63.9133,56.2362],[-63.9096,56.2352],[-63.9091,56.2309],[-63.9062,56.2267],[-63.9166,56.2239],[-63.9151,56.2217],[-63.9113,56.2205],[-63.9038,56.2213],[-63.8927,56.2243],[-63.8915,56.2266],[-63.8785,56.2287],[-63.8768,56.2302],[-63.8746,56.2286],[-63.8712,56.2292],[-63.8697,56.2338],[-63.8668,56.2353],[-63.8645,56.2344],[-63.8642,56.2307],[-63.8608,56.2278],[-63.8707,56.2238],[-63.8681,56.2223],[-63.8645,56.2169],[-63.8583,56.2162],[-63.8594,56.2106],[-63.8679,56.2075],[-63.8716,56.2024],[-63.8776,56.1984],[-63.8977,56.1949],[-63.9113,56.1892],[-63.9457,56.1816],[-63.9476,56.1821],[-63.9481,56.1842],[-63.9502,56.1844],[-64.0148,56.1702],[-64.0192,56.1667],[-64.0218,56.1613],[-64.0304,56.1576],[-64.0298,56.1541],[-64.0311,56.1527],[-64.0426,56.1492],[-64.0366,56.1501],[-64.0272,56.1492],[-64.0273,56.1478],[-64.0242,56.1467],[-64.0244,56.1457],[-64.0331,56.1419],[-64.0326,56.1405],[-64.0109,56.1377],[-64.0025,56.1319],[-64.004,56.1311],[-64.0117,56.1318],[-64.0166,56.1283],[-64.0155,56.1254],[-64.0059,56.1179],[-64.0092,56.1086],[-64.0185,56.1027],[-64.0146,56.0974],[-64.0178,56.0929],[-64.0266,56.0902],[-64.0516,56.088],[-64.0571,56.0865],[-64.0602,56.0835],[-64.0595,56.0798],[-64.0505,56.0821],[-64.0382,56.0777],[-64.0314,56.0682],[-64.0319,56.0655],[-64.0356,56.0632],[-64.0354,56.0617],[-64.0268,56.0649],[-64.0127,56.0664],[-64.0104,56.0687],[-64.016,56.0735],[-64.0095,56.0761],[-63.9772,56.0656],[-63.9638,56.0651],[-63.958,56.0582],[-63.9544,56.0556],[-63.9469,56.0558],[-63.9397,56.0591],[-63.9401,56.0659],[-63.9385,56.0702],[-63.9311,56.0683],[-63.9346,56.0716],[-63.9319,56.0736],[-63.9301,56.0797],[-63.9256,56.0787],[-63.9155,56.0805],[-63.918,56.0889],[-63.9072,56.0936],[-63.9008,56.0919],[-63.8955,56.0929],[-63.8891,56.0911],[-63.8907,56.0879],[-63.886,56.0872],[-63.8849,56.0847],[-63.8823,56.0832],[-63.8822,56.0792],[-63.8802,56.075],[-63.8756,56.0747],[-63.8716,56.0715],[-63.8665,56.073],[-63.8593,56.0769],[-63.8553,56.0806],[-63.8477,56.0834],[-63.8433,56.0826],[-63.8343,56.0853],[-63.8263,56.0826],[-63.8254,56.0813],[-63.8265,56.08],[-63.8262,56.0764],[-63.8224,56.0754],[-63.8202,56.0729],[-63.8254,56.0688],[-63.8277,56.0617],[-63.8327,56.0566],[-63.8273,56.0537],[-63.8395,56.0487],[-63.8332,56.0498],[-63.8271,56.0485],[-63.8164,56.0503],[-63.798,56.0506],[-63.7921,56.0536],[-63.7861,56.0534],[-63.7828,56.0563],[-63.7752,56.0575],[-63.7711,56.0567],[-63.7632,56.0589],[-63.7549,56.0639],[-63.7472,56.0629],[-63.7306,56.068],[-63.7266,56.0653],[-63.7153,56.0665],[-63.7069,56.0652],[-63.7093,56.0617],[-63.7055,56.0612],[-63.703,56.0593],[-63.6916,56.061],[-63.6885,56.0574],[-63.6816,56.056],[-63.6772,56.0473],[-63.6717,56.0452],[-63.6713,56.0417],[-63.6696,56.0396],[-63.6753,56.0392],[-63.674,56.0384],[-63.6752,56.0369],[-63.6836,56.0357],[-63.6701,56.0358],[-63.6698,56.0329],[-63.6714,56.0295],[-63.6797,56.0274],[-63.6929,56.0272],[-63.6885,56.0256],[-63.6652,56.0278],[-63.6518,56.0265],[-63.6411,56.0298],[-63.6385,56.0287],[-63.6368,56.024],[-63.634,56.0236],[-63.6254,56.0294],[-63.6236,56.0329],[-63.6151,56.0345],[-63.6134,56.0337],[-63.6164,56.0303],[-63.6106,56.0299],[-63.6093,56.0261],[-63.6013,56.0248],[-63.5838,56.0288],[-63.581,56.0272],[-63.5837,56.0253],[-63.5789,56.0253],[-63.5759,56.023],[-63.5719,56.0271],[-63.5652,56.0291],[-63.5635,56.0319],[-63.5605,56.0303],[-63.5568,56.0303],[-63.5546,56.0308],[-63.5518,56.0335],[-63.5438,56.0318],[-63.5331,56.0336],[-63.5309,56.039],[-63.5186,56.0413],[-63.5169,56.0395],[-63.5148,56.0395],[-63.5073,56.0423],[-63.5044,56.0447],[-63.5004,56.0416],[-63.4961,56.0406],[-63.4922,56.0415],[-63.4916,56.038],[-63.4834,56.0354],[-63.4696,56.0374],[-63.4646,56.0353],[-63.4455,56.0325],[-63.4495,56.0292],[-63.4503,56.027],[-63.446,56.024],[-63.4583,56.0212],[-63.4573,56.0194],[-63.4582,56.0158],[-63.4611,56.0117],[-63.4815,56.0125],[-63.4875,56.0113],[-63.4919,56.0066],[-63.4918,56.0058],[-63.4829,56.0068],[-63.4676,55.9987],[-63.4722,55.9953],[-63.4721,55.9909],[-63.4741,55.9894],[-63.4863,55.9885],[-63.4968,55.9958],[-63.5045,55.9972],[-63.5068,56.0004],[-63.5064,56.0027],[-63.5089,56.0035],[-63.5205,56.0015],[-63.5218,56.0018],[-63.523,56.0049],[-63.5251,56.0052],[-63.5388,56.0035],[-63.5474,56.0059],[-63.5531,56.0031],[-63.5612,56.004],[-63.5652,56.0015],[-63.5634,56.0001],[-63.564,55.9968],[-63.5786,55.9909],[-63.59,55.9885],[-63.6008,55.9903],[-63.6064,55.9828],[-63.6203,55.974],[-63.6216,55.9727],[-63.621,55.9693],[-63.6239,55.9674],[-63.6367,55.9654],[-63.6458,55.9689],[-63.6643,55.9707],[-63.667,55.9695],[-63.6711,55.9645],[-63.6848,55.961],[-63.6847,55.959],[-63.6809,55.9566],[-63.6859,55.9538],[-63.6811,55.9507],[-63.6817,55.9493],[-63.6925,55.948],[-63.6994,55.9511],[-63.7068,55.9522],[-63.7148,55.9499],[-63.7173,55.9475],[-63.7128,55.9446],[-63.7119,55.9401],[-63.7185,55.937],[-63.7221,55.9322],[-63.7254,55.9308],[-63.7368,55.931],[-63.7487,55.935],[-63.7588,55.9364],[-63.774,55.9318],[-63.7969,55.93],[-63.8141,55.9203],[-63.8169,55.9128],[-63.8292,55.9091],[-63.8302,55.9056],[-63.8267,55.8992],[-63.8269,55.8975],[-63.8305,55.894],[-63.8407,55.8904],[-63.8449,55.8874],[-63.8405,55.8803],[-63.83,55.8745],[-63.8252,55.8735],[-63.826,55.87],[-63.817,55.8647],[-63.812,55.8593],[-63.8062,55.8582],[-63.7949,55.86],[-63.7883,55.8579],[-63.7823,55.8542],[-63.7756,55.8559],[-63.7755,55.8508],[-63.7697,55.8467],[-63.7642,55.8462],[-63.7655,55.8433],[-63.77,55.8432],[-63.7764,55.8401],[-63.7872,55.838],[-63.7964,55.8392],[-63.7989,55.8406],[-63.8128,55.8375],[-63.8173,55.8396],[-63.8223,55.8383],[-63.8206,55.8359],[-63.817,55.8347],[-63.816,55.8302],[-63.8179,55.8288],[-63.8266,55.8289],[-63.8255,55.8226],[-63.8274,55.8194],[-63.8356,55.8154],[-63.8348,55.812],[-63.8282,55.8096],[-63.833,55.8062],[-63.832,55.8045],[-63.8031,55.8067],[-63.7901,55.8059],[-63.781,55.8092],[-63.7789,55.8112],[-63.7781,55.81],[-63.7721,55.8097],[-63.7698,55.8082],[-63.7734,55.8029],[-63.7739,55.7999],[-63.7709,55.7954],[-63.7597,55.7979],[-63.7579,55.7973],[-63.7607,55.7948],[-63.7694,55.791],[-63.7696,55.7899],[-63.7603,55.7879],[-63.7437,55.787],[-63.7386,55.7844],[-63.7335,55.7798],[-63.7278,55.779],[-63.7174,55.7789],[-63.7136,55.7802],[-63.7056,55.7854],[-63.7049,55.7907],[-63.7005,55.7885],[-63.6883,55.7907],[-63.6735,55.7905],[-63.6674,55.7925],[-63.6637,55.7916],[-63.6666,55.7864],[-63.6822,55.7771],[-63.6812,55.7719],[-63.6753,55.7692],[-63.6721,55.7656],[-63.6733,55.7617],[-63.6764,55.7581],[-63.6867,55.7545],[-63.6941,55.7547],[-63.7006,55.7565],[-63.7095,55.7541],[-63.714,55.7491],[-63.7034,55.7485],[-63.7007,55.7465],[-63.7007,55.7444],[-63.7234,55.7379],[-63.723,55.736],[-63.7192,55.7347],[-63.6949,55.7329],[-63.6946,55.7315],[-63.6979,55.7275],[-63.7001,55.7262],[-63.7087,55.7268],[-63.7308,55.7249],[-63.7268,55.7232],[-63.7025,55.7232],[-63.7137,55.718],[-63.7165,55.715],[-63.7223,55.7133],[-63.7267,55.7097],[-63.7208,55.7059],[-63.722,55.7004],[-63.7251,55.6957],[-63.7218,55.6913],[-63.7303,55.6869],[-63.7249,55.6796],[-63.7283,55.6767],[-63.7352,55.6744],[-63.7382,55.6715],[-63.7498,55.6711],[-63.7532,55.6653],[-63.7466,55.6647],[-63.7475,55.6629],[-63.7514,55.6606],[-63.7602,55.6599],[-63.7667,55.6542],[-63.7622,55.6522],[-63.7537,55.652],[-63.7498,55.6497],[-63.7381,55.6517],[-63.7315,55.6513],[-63.7182,55.6551],[-63.7162,55.6569],[-63.7159,55.6592],[-63.7138,55.6594],[-63.7038,55.6562],[-63.695,55.6567],[-63.675,55.6529],[-63.6656,55.6492],[-63.644,55.6449],[-63.6421,55.6433],[-63.6427,55.6387],[-63.6489,55.636],[-63.6509,55.6365],[-63.6519,55.6402],[-63.6549,55.6407],[-63.6574,55.6402],[-63.6608,55.6373],[-63.6719,55.6398],[-63.6826,55.6362],[-63.6785,55.6257],[-63.6857,55.621],[-63.6864,55.6165],[-63.6808,55.6149],[-63.6801,55.6103],[-63.6765,55.6085],[-63.6698,55.6078],[-63.6622,55.6106],[-63.6579,55.6106],[-63.6558,55.6098],[-63.6546,55.6067],[-63.6554,55.6046],[-63.6646,55.603],[-63.67,55.5997],[-63.6692,55.5938],[-63.6725,55.591],[-63.6718,55.5863],[-63.6766,55.5799],[-63.6804,55.5771],[-63.6809,55.5752],[-63.6773,55.5723],[-63.6636,55.5677],[-63.6646,55.5664],[-63.6711,55.5667],[-63.6724,55.5655],[-63.6713,55.5603],[-63.6692,55.5574],[-63.6534,55.5559],[-63.6595,55.5531],[-63.6585,55.549],[-63.6654,55.5444],[-63.6677,55.5387],[-63.6934,55.5387],[-63.6944,55.5349],[-63.6971,55.532],[-63.691,55.5302],[-63.6884,55.5235],[-63.6967,55.518],[-63.6916,55.5138],[-63.6913,55.5108],[-63.7016,55.5076],[-63.7059,55.5043],[-63.7158,55.5058],[-63.7202,55.4988],[-63.7231,55.4967],[-63.7338,55.4927],[-63.7455,55.4909],[-63.7513,55.4881],[-63.7558,55.4837],[-63.7622,55.4823],[-63.7718,55.4825],[-63.7744,55.4809],[-63.7765,55.476],[-63.7803,55.4737],[-63.7975,55.4749],[-63.7945,55.4661],[-63.7909,55.4643],[-63.7786,55.4664],[-63.7736,55.46],[-63.7583,55.4536],[-63.7456,55.4549],[-63.7445,55.4515],[-63.7368,55.448],[-63.7337,55.44],[-63.7201,55.4374],[-63.7146,55.4382],[-63.7039,55.4349],[-63.6971,55.4293],[-63.6733,55.4236],[-63.6585,55.425],[-63.6514,55.4226],[-63.6401,55.4255],[-63.6333,55.4303],[-63.606,55.43],[-63.5966,55.4287],[-63.5752,55.4224],[-63.572,55.4227],[-63.5622,55.4272],[-63.5531,55.423],[-63.5471,55.4226],[-63.5342,55.4274],[-63.5258,55.4222],[-63.5277,55.4206],[-63.5266,55.4194],[-63.5075,55.4211],[-63.499,55.4239],[-63.4931,55.4229],[-63.4831,55.4268],[-63.475,55.4255],[-63.4745,55.423],[-63.472,55.4216],[-63.4497,55.4205],[-63.4477,55.4183],[-63.4492,55.4126],[-63.4328,55.4096],[-63.4348,55.4058],[-63.4288,55.4021],[-63.4222,55.4034],[-63.4177,55.406],[-63.4103,55.4051],[-63.4092,55.408],[-63.3953,55.406],[-63.3868,55.4095],[-63.3716,55.4096],[-63.3667,55.4112],[-63.3613,55.415],[-63.3513,55.4172],[-63.3461,55.4167],[-63.3385,55.4106],[-63.334,55.4086],[-63.3223,55.4102],[-63.3194,55.4092],[-63.3269,55.3999],[-63.3263,55.3936],[-63.3308,55.3928],[-63.332,55.3905],[-63.3289,55.3789],[-63.3297,55.3755],[-63.3231,55.3685],[-63.3228,55.3642],[-63.34,55.3626],[-63.349,55.3579],[-63.356,55.3602],[-63.3703,55.3622],[-63.3802,55.3573],[-63.3922,55.3554],[-63.3987,55.352],[-63.4109,55.3512],[-63.4202,55.3474],[-63.4356,55.3454],[-63.4431,55.3429],[-63.4488,55.343],[-63.4589,55.3454],[-63.4679,55.3449],[-63.4903,55.3498],[-63.499,55.3494],[-63.5289,55.3432],[-63.5361,55.3433],[-63.5433,55.3451],[-63.5623,55.3397],[-63.5713,55.3405],[-63.5816,55.3394],[-63.583,55.3386],[-63.5808,55.3357],[-63.5822,55.3344],[-63.5911,55.3341],[-63.5972,55.3311],[-63.5956,55.3282],[-63.5929,55.3265],[-63.5947,55.3243],[-63.589,55.3203],[-63.5529,55.3211],[-63.5306,55.3246],[-63.5257,55.3215],[-63.5281,55.3155],[-63.52,55.311],[-63.5202,55.3097],[-63.532,55.3067],[-63.5413,55.308],[-63.5505,55.3014],[-63.5614,55.2996],[-63.5721,55.2994],[-63.5826,55.3018],[-63.5906,55.2993],[-63.6176,55.2952],[-63.6329,55.2889],[-63.6442,55.2863],[-63.6442,55.2836],[-63.6412,55.2796],[-63.6492,55.2777],[-63.6547,55.2795],[-63.6633,55.2747],[-63.6759,55.2737],[-63.6836,55.2669],[-63.6826,55.2651],[-63.6755,55.264],[-63.6748,55.2608],[-63.6709,55.2587],[-63.6565,55.2571],[-63.6536,55.2526],[-63.6499,55.2514],[-63.6433,55.2528],[-63.6357,55.252],[-63.6248,55.2543],[-63.6138,55.2511],[-63.6041,55.2536],[-63.5968,55.2533],[-63.5976,55.2516],[-63.6034,55.2501],[-63.6057,55.2456],[-63.6216,55.2434],[-63.625,55.2415],[-63.6253,55.2393],[-63.6214,55.2363],[-63.6208,55.2341],[-63.6174,55.2328],[-63.6146,55.2288],[-63.6009,55.2341],[-63.5971,55.2383],[-63.5835,55.2362],[-63.5751,55.241],[-63.5664,55.2437],[-63.5606,55.2416],[-63.5492,55.2293],[-63.541,55.2258],[-63.5355,55.2285],[-63.5161,55.2314],[-63.5055,55.2349],[-63.4981,55.2382],[-63.4984,55.2413],[-63.4957,55.2442],[-63.4893,55.2427],[-63.485,55.2451],[-63.4678,55.2484],[-63.4651,55.2528],[-63.4627,55.2541],[-63.4404,55.2525],[-63.4085,55.2556],[-63.4,55.2537],[-63.3973,55.2501],[-63.3993,55.2485],[-63.4151,55.2451],[-63.4229,55.241],[-63.4218,55.2398],[-63.4149,55.2394],[-63.4133,55.2378],[-63.4166,55.2348],[-63.4161,55.2304],[-63.4267,55.2257],[-63.421,55.223],[-63.4213,55.2217],[-63.4254,55.2196],[-63.4228,55.2168],[-63.4274,55.2153],[-63.4272,55.2133],[-63.4291,55.2123],[-63.4412,55.2113],[-63.4533,55.2025],[-63.4643,55.2025],[-63.4746,55.1989],[-63.486,55.1996],[-63.4903,55.1987],[-63.4913,55.1993],[-63.4915,55.2024],[-63.5006,55.2023],[-63.509,55.1966],[-63.554,55.1889],[-63.5546,55.1869],[-63.5525,55.1825],[-63.5552,55.1772],[-63.5505,55.173],[-63.5301,55.1741],[-63.5272,55.1723],[-63.5258,55.168],[-63.5305,55.165],[-63.5453,55.1597],[-63.5668,55.1557],[-63.576,55.1524],[-63.5744,55.1447],[-63.5687,55.1418],[-63.5669,55.139],[-63.5797,55.133],[-63.5937,55.1294],[-63.5975,55.1263],[-63.5885,55.1196],[-63.5815,55.1118],[-63.58,55.109],[-63.5815,55.1058],[-63.5872,55.1007],[-63.5921,55.0981],[-63.6022,55.0966],[-63.6121,55.0974],[-63.62,55.0954],[-63.6219,55.0937],[-63.6223,55.0904],[-63.6209,55.0878],[-63.6092,55.0841],[-63.6058,55.0813],[-63.6059,55.0761],[-63.611,55.0678],[-63.6106,55.0659],[-63.5964,55.0596],[-63.5733,55.0531],[-63.5727,55.0515],[-63.5765,55.0449],[-63.5667,55.0342],[-63.5671,55.0321],[-63.5698,55.0302],[-63.5754,55.029],[-63.5829,55.0248],[-63.5975,55.0212],[-63.6001,55.0169],[-63.5975,55.0123],[-63.5929,55.0085],[-63.5852,55.0054],[-63.5611,55.0027],[-63.5543,55.0001],[-66.2596,55.0001],[-66.2587,55.0015],[-66.2602,55.0057],[-66.2654,55.0093],[-66.2734,55.0189],[-66.2809,55.0246],[-66.2863,55.0309],[-66.292,55.034],[-66.3015,55.0347],[-66.3104,55.041],[-66.3181,55.0533],[-66.3331,55.066],[-66.3483,55.0774],[-66.3647,55.0868],[-66.3716,55.0933],[-66.3915,55.107],[-66.3984,55.1104],[-66.4067,55.1179],[-66.415,55.1219],[-66.4168,55.1273],[-66.4264,55.1357],[-66.4292,55.1366],[-66.4337,55.1355],[-66.4435,55.14],[-66.4496,55.1444],[-66.4707,55.1648],[-66.4814,55.1814],[-66.4907,55.1919],[-66.491,55.1931],[-66.489,55.1951],[-66.4937,55.2027],[-66.5098,55.2013],[-66.5104,55.1984],[-66.5061,55.1924],[-66.5105,55.1927],[-66.5122,55.1893],[-66.5141,55.1894],[-66.5146,55.1924],[-66.5223,55.2049],[-66.528,55.2107],[-66.5294,55.2146],[-66.54,55.2279],[-66.5466,55.2345],[-66.5522,55.2377],[-66.5547,55.2373],[-66.5585,55.2344],[-66.5613,55.2347],[-66.5628,55.2366],[-66.5681,55.2363],[-66.5694,55.239],[-66.5752,55.2434],[-66.5782,55.2509],[-66.5843,55.2549],[-66.5855,55.2573],[-66.5929,55.2602],[-66.608,55.2692],[-66.6156,55.2768],[-66.6254,55.2763],[-66.6176,55.2675],[-66.6187,55.2653],[-66.6328,55.2644],[-66.641,55.2674],[-66.6428,55.2635],[-66.6458,55.2607],[-66.6457,55.2576],[-66.6569,55.2525],[-66.6588,55.2566],[-66.6653,55.2622],[-66.6721,55.2722],[-66.6789,55.2766],[-66.6862,55.2774],[-66.6981,55.2856],[-66.6992,55.2893],[-66.7032,55.2927],[-66.7034,55.296],[-66.7018,55.2987],[-66.6947,55.3014],[-66.7051,55.31],[-66.7044,55.3129],[-66.7135,55.3165],[-66.7203,55.3218],[-66.7245,55.3206],[-66.73,55.3224],[-66.7327,55.3183],[-66.7349,55.3176],[-66.7407,55.3265],[-66.7408,55.3298],[-66.7439,55.3298],[-66.75,55.3343],[-66.7546,55.3334],[-66.7634,55.3373],[-66.7694,55.342],[-66.7705,55.3449],[-66.7737,55.3461],[-66.7783,55.351],[-66.7871,55.3509],[-66.792,55.3549],[-66.7968,55.3517],[-66.807,55.3569],[-66.8092,55.3561],[-66.8085,55.3538],[-66.8131,55.3549],[-66.8144,55.354],[-67.2335,55.3551],[-67.2246,55.0041],[-67.2472,55.0107],[-67.2505,55.0164],[-67.267,55.0208],[-67.2871,55.0283],[-67.2784,55.0323],[-67.2675,55.0339],[-67.2667,55.0385],[-67.2704,55.0411],[-67.2671,55.0426],[-67.2705,55.0473],[-67.2703,55.0517],[-67.2643,55.0518],[-67.2603,55.0482],[-67.2564,55.0468],[-67.256,55.0481],[-67.2597,55.0522],[-67.2518,55.0561],[-67.2522,55.0598],[-67.2611,55.0658],[-67.2687,55.0677],[-67.2732,55.0735],[-67.2873,55.0784],[-67.2897,55.0762],[-67.2916,55.0762],[-67.3094,55.0806],[-67.3292,55.0886],[-67.3454,55.0833],[-67.3585,55.0891],[-67.3626,55.0884],[-67.369,55.0903],[-67.3721,55.0887],[-67.372,55.0855],[-67.3782,55.0847],[-67.3805,55.0828],[-67.3844,55.0844],[-67.3862,55.0803],[-67.3892,55.0791],[-67.3903,55.0823],[-67.4013,55.0872],[-67.4023,55.0899],[-67.4129,55.0937],[-67.4139,55.0928],[-67.4132,55.0903],[-67.4174,55.0895],[-67.4165,55.0863],[-67.4191,55.0854],[-67.4208,55.0802],[-67.4243,55.0805],[-67.43,55.076],[-67.4401,55.0738],[-67.4385,55.0683],[-67.4337,55.0635],[-67.4332,55.0593],[-67.4428,55.0591],[-67.4477,55.0605],[-67.4523,55.0638],[-67.4613,55.0586],[-67.4616,55.0502],[-67.4646,55.0475],[-67.4611,55.0451],[-67.4537,55.0441],[-67.4472,55.0409],[-67.444,55.0407],[-67.4388,55.0353],[-67.4338,55.0329],[-67.4304,55.0335],[-67.4262,55.0313],[-67.424,55.0342],[-67.4209,55.0335],[-67.4248,55.0292],[-67.4316,55.0276],[-67.4331,55.0258],[-67.4364,55.0262],[-67.4375,55.0245],[-67.4395,55.0241],[-67.4362,55.0207],[-67.4371,55.0183],[-67.4358,55.0163],[-67.4391,55.0149],[-67.4403,55.0127],[-67.4374,55.009],[-67.4281,55.0117],[-67.4254,55.0086],[-67.4186,55.0063],[-67.4135,55.0071],[-67.4142,55.0031],[-67.4172,55.0001],[-70.0299,55.0001],[-70.0299,52.8326],[-70.0355,52.8332],[-70.0436,52.83],[-70.0502,52.8313],[-70.0558,52.8272],[-70.0539,52.8252],[-70.0596,52.8232],[-70.0643,52.824],[-70.0688,52.8272],[-70.0792,52.8263],[-70.0834,52.8294],[-70.0877,52.8291],[-70.0992,52.8234],[-70.0997,52.8217],[-70.0982,52.8199],[-70.1006,52.8187],[-70.1109,52.8179],[-70.1261,52.8107],[-70.127,52.8087],[-70.1246,52.8067],[-70.114,52.8064],[-70.1159,52.8021],[-70.12,52.7989],[-70.1271,52.7967],[-70.1303,52.793],[-70.1388,52.7893],[-70.146,52.783],[-70.1555,52.7797],[-70.1538,52.7699],[-70.1564,52.765],[-70.1545,52.7619],[-70.151,52.7623],[-70.1397,52.7593],[-70.1429,52.7562],[-70.1402,52.7523],[-70.1296,52.7515],[-70.1231,52.7523],[-70.1376,52.7453],[-70.1436,52.7453],[-70.1452,52.7409],[-70.1609,52.7339],[-70.1661,52.7274],[-70.1714,52.7253],[-70.1726,52.7217],[-70.1811,52.7223],[-70.1882,52.7264],[-70.1902,52.7239],[-70.2033,52.7151],[-70.2105,52.7125],[-70.2199,52.7115],[-70.2197,52.7077],[-70.2225,52.7051],[-70.2132,52.7059],[-70.2051,52.7047],[-70.2013,52.7027],[-70.1989,52.6975],[-70.202,52.692],[-70.1969,52.687],[-70.1982,52.6829],[-70.1953,52.6807],[-70.1909,52.6802],[-70.1927,52.6773],[-70.1924,52.6743],[-70.1843,52.6702],[-70.1849,52.6668],[-70.1808,52.6647],[-70.1868,52.6556],[-70.1974,52.6487],[-70.2065,52.6517],[-70.2081,52.6592],[-70.2068,52.6633],[-70.2115,52.6623],[-70.2187,52.657],[-70.2251,52.6545],[-70.2275,52.6485],[-70.2245,52.6439],[-70.2276,52.6401],[-70.2293,52.6343],[-70.2204,52.6281],[-70.2114,52.625],[-70.2064,52.6248],[-70.202,52.6269],[-70.1939,52.6235],[-70.1922,52.621],[-70.1807,52.6218],[-70.1753,52.6202],[-70.1745,52.6197],[-70.175,52.615],[-70.1681,52.6105],[-70.1659,52.6052],[-70.1697,52.6036],[-70.1705,52.6017],[-70.1738,52.6008],[-70.1902,52.6024],[-70.1933,52.5978],[-70.1979,52.597],[-70.2009,52.5944],[-70.2012,52.589],[-70.1997,52.5856],[-70.2007,52.5842],[-70.2176,52.5817],[-70.2233,52.5797],[-70.2363,52.5714],[-70.2416,52.5623],[-70.2417,52.5604],[-70.2404,52.5594],[-70.2348,52.5581],[-70.2355,52.555],[-70.2267,52.55],[-70.2225,52.5513],[-70.2184,52.5556],[-70.2077,52.555],[-70.2078,52.5512],[-70.2021,52.5462],[-70.2054,52.54],[-70.1957,52.5387],[-70.1779,52.5409],[-70.1857,52.5239],[-70.1886,52.512],[-70.1957,52.5107],[-70.2022,52.5022],[-70.2104,52.4953],[-70.2107,52.4908],[-70.2156,52.4874],[-70.2178,52.4741],[-70.2314,52.4618],[-70.2416,52.4615],[-70.2422,52.4599],[-70.2515,52.4576],[-70.2595,52.4536],[-70.2589,52.4509],[-70.2609,52.4489],[-70.2602,52.4434],[-70.2612,52.4408],[-70.2672,52.4376],[-70.2717,52.4301],[-70.2755,52.4302],[-70.2788,52.4283],[-70.2844,52.422],[-70.2841,52.42],[-70.2732,52.4222],[-70.2738,52.4144],[-70.2704,52.4127],[-70.2554,52.4128],[-70.2418,52.4153],[-70.2325,52.4187],[-70.2316,52.4171],[-70.2353,52.4158],[-70.2325,52.4117],[-70.2337,52.4097],[-70.2329,52.4082],[-70.2514,52.4023],[-70.2515,52.3986],[-70.2576,52.3961],[-70.2611,52.3901],[-70.2673,52.3865],[-70.2655,52.3848],[-70.2662,52.3824],[-70.2608,52.3772],[-70.2618,52.3755],[-70.2608,52.3723],[-70.2622,52.37],[-70.2661,52.3678],[-70.264,52.3661],[-70.2644,52.3649],[-70.2704,52.3619],[-70.2732,52.3583],[-70.2867,52.3575],[-70.29,52.3526],[-70.2969,52.3509],[-70.2989,52.3473],[-70.3056,52.3468],[-70.3069,52.3453],[-70.3262,52.3405],[-70.3309,52.3415],[-70.3444,52.3383],[-70.3518,52.3397],[-70.3594,52.3391],[-70.3705,52.3402],[-70.375,52.3384],[-70.3842,52.3378],[-70.3938,52.333],[-70.4026,52.3304],[-70.4127,52.3314],[-70.418,52.3294],[-70.4338,52.3268],[-70.4363,52.3246],[-70.4534,52.3189],[-70.4547,52.3142],[-70.4603,52.3126],[-70.4659,52.3077],[-70.4711,52.308],[-70.4764,52.3065],[-70.4874,52.3129],[-70.4945,52.3147],[-70.4989,52.3134],[-70.5042,52.3088],[-70.5128,52.3084],[-70.5188,52.3059],[-70.5221,52.301],[-70.5303,52.3026],[-70.5319,52.3057],[-70.5394,52.3059],[-70.5414,52.3103],[-70.5485,52.316],[-70.5639,52.3176],[-70.5801,52.309],[-70.582,52.3045],[-70.5908,52.3027],[-70.597,52.3033],[-70.6034,52.2956],[-70.6217,52.2937],[-70.6298,52.2909],[-70.6327,52.2879],[-70.6401,52.2876],[-70.6479,52.2832],[-70.6576,52.2828],[-70.6663,52.2854],[-70.6785,52.28],[-70.687,52.2817],[-70.6983,52.2807],[-70.7012,52.2786],[-70.7026,52.2751],[-70.7098,52.2744],[-70.7153,52.271],[-70.7174,52.2669],[-70.7206,52.2658],[-70.7277,52.2579],[-70.7304,52.2565],[-70.7413,52.2539],[-70.7467,52.2502],[-70.756,52.2468],[-70.7693,52.2464],[-70.7723,52.2426],[-70.7787,52.2444],[-70.7798,52.2419],[-70.7856,52.2411],[-70.7904,52.2373],[-70.7974,52.2339],[-70.8067,52.2343],[-70.8077,52.2389],[-70.8131,52.2434],[-70.8241,52.2463],[-70.8257,52.2479],[-70.8212,52.2514],[-70.8114,52.2547],[-70.8073,52.2586],[-70.807,52.2617],[-70.8047,52.265],[-70.8077,52.2738],[-70.8195,52.2711],[-70.8341,52.2757],[-70.8499,52.2706],[-70.8492,52.2677],[-70.8534,52.2671],[-70.8582,52.2683],[-70.8629,52.2734],[-70.8672,52.274],[-70.8705,52.2722],[-70.8763,52.2733],[-70.8836,52.2784],[-70.8877,52.2732],[-70.8917,52.2705],[-70.8922,52.2684],[-70.9012,52.2648],[-70.9138,52.2498],[-70.9202,52.2468],[-70.9256,52.2421],[-70.9558,52.2378],[-70.9595,52.233],[-70.9671,52.2347],[-70.9701,52.2313],[-70.9893,52.2198],[-70.9955,52.2189],[-70.9997,52.2205],[-71.0031,52.2175],[-71.0104,52.218],[-71.0167,52.22],[-71.0264,52.2163],[-71.0284,52.2126],[-71.0352,52.2104],[-71.0484,52.2094],[-71.0528,52.2112],[-71.065,52.2098],[-71.07,52.2113],[-71.0773,52.2115],[-71.0845,52.2065],[-71.0877,52.202],[-71.0884,52.1985],[-71.092,52.1963],[-71.0961,52.191],[-71.0932,52.1835],[-71.0933,52.1807],[-71.0951,52.1804],[-71.1,52.1831],[-71.1053,52.1829],[-71.1118,52.1798],[-71.1115,52.1779],[-71.1154,52.1761],[-71.124,52.169],[-71.1352,52.169],[-71.1414,52.1664],[-71.141,52.1613],[-71.1478,52.1557],[-71.149,52.1526],[-71.1563,52.1517],[-71.1619,52.1478],[-71.1522,52.1472],[-71.1466,52.144],[-71.1494,52.1419],[-71.1513,52.1364],[-71.1633,52.1245],[-71.1645,52.12],[-71.1671,52.1196],[-71.1675,52.1181],[-71.1711,52.1181],[-71.1748,52.1156],[-71.1779,52.1155],[-71.179,52.1171],[-71.1828,52.1176],[-71.1886,52.1163],[-71.1971,52.1036],[-71.1999,52.0932],[-71.2121,52.0864],[-71.223,52.0785],[-71.2301,52.0774],[-71.2378,52.0739],[-71.2421,52.0672],[-71.2433,52.0619],[-71.247,52.0598],[-71.2539,52.0591],[-71.2586,52.0548],[-71.2633,52.0467],[-71.2638,52.0429],[-71.2683,52.0404],[-71.2666,52.0367],[-71.2545,52.0382],[-71.2409,52.035],[-71.2103,52.0398],[-71.2088,52.0389],[-71.2134,52.0333],[-71.2188,52.029],[-71.2198,52.0241],[-71.224,52.0217],[-71.2379,52.0198],[-71.2449,52.0207],[-71.2503,52.0179],[-71.255,52.0138],[-71.2556,52.0117],[-71.2615,52.0097],[-71.2706,51.995],[-71.2889,51.9839],[-71.2935,51.9759],[-71.306,51.9718],[-71.3086,51.9696],[-71.3126,51.9645],[-71.3114,51.9573],[-71.3124,51.955],[-71.3095,51.9515],[-71.3103,51.9476],[-71.3119,51.9466],[-71.3143,51.9386],[-71.3192,51.93],[-71.3249,51.9237],[-71.327,51.9193],[-71.3383,51.9137],[-71.3469,51.9134],[-71.3522,51.9081],[-71.3524,51.9021],[-71.3629,51.8858],[-71.3652,51.8727],[-71.369,51.867],[-71.3765,51.8504],[-71.3792,51.8474],[-71.4056,51.8402],[-71.4133,51.8407],[-71.4187,51.8442],[-71.427,51.8418],[-71.4344,51.8429],[-71.4503,51.837],[-71.4533,51.8389],[-71.4587,51.8353],[-71.468,51.8326],[-71.4726,51.8336],[-71.4784,51.8377],[-71.4854,51.8393],[-71.4981,51.8322],[-71.4992,51.8283],[-71.5018,51.8276],[-71.5081,51.8278],[-71.5114,51.8311],[-71.5238,51.832],[-71.5326,51.835],[-71.5414,51.824],[-71.5501,51.8221],[-71.5559,51.8187],[-71.5576,51.8162],[-71.5716,51.8137],[-71.5758,51.8056],[-71.5741,51.7997],[-71.5752,51.7953],[-71.5709,51.7914],[-71.5665,51.7924],[-71.5582,51.7919],[-71.5537,51.7908],[-71.5531,51.7884],[-71.5586,51.7848],[-71.5624,51.7847],[-71.566,51.783],[-71.5664,51.7813],[-71.5631,51.7802],[-71.5642,51.7787],[-71.57,51.7789],[-71.5746,51.7773],[-71.5747,51.7743],[-71.5799,51.7646],[-71.58,51.762],[-71.5838,51.7589],[-71.5811,51.755],[-71.5818,51.7506],[-71.5773,51.7476],[-71.5773,51.7412],[-71.5829,51.7345],[-71.5923,51.7168],[-71.5984,51.7147],[-71.6022,51.7101],[-71.6107,51.6929],[-71.6067,51.6913],[-71.6037,51.6927],[-71.6013,51.6921],[-71.6028,51.6853],[-71.5996,51.6841],[-71.5997,51.6813],[-71.597,51.6808],[-71.6026,51.6741],[-71.6075,51.6721],[-71.6077,51.6668],[-71.6104,51.6626],[-71.6042,51.6603],[-71.5974,51.6611],[-71.5968,51.6566],[-71.5997,51.6518],[-71.5945,51.6485],[-71.5951,51.6471],[-71.5931,51.6451],[-71.5915,51.632],[-71.5956,51.6286],[-71.5958,51.6249],[-71.6017,51.616],[-71.5969,51.6131],[-71.5976,51.6093],[-71.5959,51.6073],[-71.5982,51.5922],[-71.5952,51.5884],[-71.5872,51.5878],[-71.582,51.5894],[-71.5767,51.5864],[-71.5797,51.5815],[-71.5799,51.5783],[-71.5825,51.5762],[-71.5866,51.5675],[-71.5825,51.564],[-71.5831,51.5599],[-71.5846,51.5561],[-71.5891,51.5527],[-71.5889,51.5493],[-71.5854,51.5487],[-71.5834,51.5461],[-71.587,51.5432],[-71.5872,51.5416],[-71.5746,51.5434],[-71.5726,51.5424],[-71.5772,51.5386],[-71.573,51.5364],[-71.5712,51.524],[-71.575,51.5154],[-71.5815,51.5094],[-71.5819,51.5041],[-71.5858,51.5059],[-71.6056,51.5056],[-71.6122,51.5041],[-71.6265,51.5052],[-71.6293,51.4996],[-71.6352,51.4954],[-71.6403,51.4881],[-71.6451,51.4802],[-71.6451,51.4764],[-71.6506,51.4776],[-71.6586,51.4763],[-71.6625,51.4727],[-71.6685,51.4619],[-71.6716,51.4625],[-71.6715,51.4599],[-71.6762,51.4574],[-71.6831,51.4474],[-71.6868,51.4442],[-71.6973,51.4403],[-71.7063,51.4399],[-71.7096,51.4319],[-71.7127,51.4282],[-71.707,51.4248],[-71.6985,51.4218],[-71.6944,51.4188],[-71.6929,51.4158],[-71.6859,51.4147],[-71.6863,51.4128],[-71.6902,51.4098],[-71.6899,51.4064],[-71.6857,51.4046],[-71.6869,51.4012],[-71.689,51.399],[-71.6983,51.398],[-71.7021,51.3916],[-71.7051,51.3907],[-71.7076,51.3826],[-71.7106,51.3811],[-71.7113,51.3758],[-71.7134,51.3733],[-71.7177,51.3736],[-71.7196,51.3713],[-71.7195,51.3682],[-71.7221,51.365],[-71.7244,51.3588],[-71.7302,51.3576],[-71.7382,51.3581],[-71.742,51.3514],[-71.7476,51.3506],[-71.7517,51.348],[-71.7568,51.3383],[-71.7696,51.3391],[-71.764,51.349],[-71.7641,51.3533],[-71.7613,51.3561],[-71.7613,51.358],[-71.7634,51.3589],[-71.7624,51.3602],[-71.764,51.3613],[-71.7677,51.3618],[-71.7701,51.3658],[-71.7736,51.367],[-71.7776,51.3644],[-71.7901,51.3608],[-71.7904,51.3586],[-71.7924,51.3572],[-71.791,51.3551],[-71.792,51.3541],[-71.8013,51.3538],[-71.8044,51.3523],[-71.8046,51.3546],[-71.808,51.3588],[-71.8106,51.3601],[-71.8138,51.3577],[-71.8148,51.3587],[-71.8174,51.3653],[-71.8163,51.3716],[-71.82,51.3732],[-71.827,51.3728],[-71.8304,51.3713],[-71.8303,51.3695],[-71.8335,51.3678],[-71.834,51.3639],[-71.8325,51.3617],[-71.834,51.3613],[-71.8355,51.3539],[-71.8369,51.3532],[-71.8419,51.3553],[-71.8462,51.3509],[-71.8518,51.3513],[-71.8529,51.35],[-71.8565,51.35],[-71.8675,51.3451],[-71.8692,51.3421],[-71.8778,51.3349],[-71.8731,51.3326],[-71.8703,51.3279],[-71.8642,51.3251],[-71.8683,51.3217],[-71.8677,51.3199],[-71.8688,51.3182],[-71.8738,51.316],[-71.8829,51.3016],[-71.8819,51.2993],[-71.871,51.2953],[-71.8744,51.2866],[-71.8706,51.2841],[-71.8677,51.2778],[-71.8735,51.2776],[-71.8789,51.2758],[-71.885,51.271],[-71.8917,51.2726],[-71.8944,51.2756],[-71.9047,51.277],[-71.9086,51.2756],[-71.9113,51.2777],[-71.9163,51.2789],[-71.9234,51.2788],[-71.9245,51.2762],[-71.9391,51.2698],[-71.9393,51.2651],[-71.9416,51.2621],[-71.9413,51.2575],[-71.9507,51.2579],[-71.9515,51.2554],[-71.9582,51.2511],[-71.9558,51.2474],[-71.9575,51.2439],[-71.9717,51.245],[-71.978,51.2432],[-71.981,51.2437],[-71.9803,51.2391],[-71.9784,51.2369],[-71.9805,51.2333],[-71.9823,51.2321],[-71.9896,51.232],[-71.9917,51.229],[-71.9851,51.2256],[-71.985,51.2217],[-71.9804,51.2189],[-71.9766,51.2124],[-71.991,51.2128],[-71.9924,51.2143],[-71.9932,51.2185],[-71.9985,51.2187],[-72.0,51.2226],[-72.0027,51.2235],[-72.0062,51.2234],[-72.0131,51.2205],[-72.0129,51.2188],[-72.0041,51.2171],[-72.007,51.2107],[-72.0051,51.2056],[-72.0137,51.2058],[-72.0138,51.2041],[-72.0092,51.2015],[-72.0139,51.1979],[-72.009,51.1934],[-71.9986,51.1918],[-72.0032,51.1823],[-71.9993,51.1781],[-71.9996,51.1756],[-72.0042,51.174],[-72.0083,51.1748],[-72.0119,51.1775],[-72.0207,51.1787],[-72.0261,51.1779],[-72.0294,51.1759],[-72.026,51.1724],[-72.0219,51.1705],[-72.0245,51.1659],[-72.0223,51.1585],[-72.0249,51.156],[-72.0224,51.1505],[-72.0256,51.1445],[-72.0201,51.1404],[-72.0198,51.1384],[-72.0214,51.1369],[-72.0332,51.139],[-72.0344,51.1412],[-72.0412,51.1456],[-72.0538,51.1469],[-72.0688,51.1515],[-72.0742,51.1508],[-72.0765,51.1445],[-72.0814,51.1416],[-72.0849,51.1352],[-72.0924,51.1306],[-72.0951,51.1216],[-72.1054,51.1194],[-72.1053,51.1135],[-72.107,51.1106],[-72.1081,51.1037],[-72.1151,51.1042],[-72.1171,51.1021],[-72.1229,51.0916],[-72.1222,51.0903],[-72.1245,51.0838],[-72.1309,51.0783],[-72.1309,51.074],[-72.1425,51.0719],[-72.1449,51.0695],[-72.1467,51.0653],[-72.1421,51.0625],[-72.1419,51.0595],[-72.1379,51.053],[-72.1386,51.0513],[-72.1411,51.0511],[-72.1463,51.0475],[-72.1477,51.0412],[-72.1514,51.0383],[-72.1527,51.0347],[-72.1559,51.0333],[-72.1557,51.0311],[-72.153,51.0291],[-72.1528,51.0254],[-72.1553,51.0228],[-72.1556,51.0165],[-72.1596,51.012],[-72.1522,51.0052],[-72.1613,50.9904],[-72.1597,50.9878],[-72.1535,50.984],[-72.1555,50.9823],[-72.1565,50.9787],[-72.1657,50.9785],[-72.176,50.9824],[-72.1802,50.9821],[-72.1863,50.9838],[-72.1901,50.9853],[-72.1891,50.9898],[-72.1981,50.9911],[-72.1978,50.9943],[-72.1935,50.996],[-72.192,50.9984],[-72.1895,51.0043],[-72.1901,51.0062],[-72.1858,51.0145],[-72.1874,51.0169],[-72.1912,51.0179],[-72.19,51.0211],[-72.1903,51.0253],[-72.1871,51.0268],[-72.1925,51.0298],[-72.1944,51.0288],[-72.1944,51.0266],[-72.2033,51.0281],[-72.2046,51.0249],[-72.2125,51.0227],[-72.2156,51.0227],[-72.2211,51.0255],[-72.2256,51.0235],[-72.2284,51.0109],[-72.2306,51.0091],[-72.2307,51.0074],[-72.2574,51.0055],[-72.2591,51.0034],[-72.264,51.002],[-72.2674,50.9984],[-72.2608,50.9937],[-72.2607,50.9904],[-72.2644,50.9835],[-72.2605,50.9802],[-72.26,50.9721],[-72.2651,50.9642],[-72.2652,50.9607],[-72.2697,50.9511],[-72.2752,50.9475],[-72.2864,50.954],[-72.294,50.9537],[-72.2995,50.942],[-72.2968,50.9372],[-72.299,50.9345],[-72.2977,50.9305],[-72.3025,50.9246],[-72.3001,50.9206],[-72.303,50.9188],[-72.3019,50.9166],[-72.3078,50.915],[-72.3143,50.9076],[-72.3205,50.9079],[-72.3217,50.9044],[-72.3213,50.9009],[-72.3292,50.8977],[-72.3303,50.8948],[-72.3346,50.8927],[-72.337,50.888],[-72.3397,50.8855],[-72.3569,50.8848],[-72.3593,50.886],[-72.3757,50.888],[-72.3792,50.8783],[-72.3853,50.8694],[-72.3793,50.8659],[-72.3804,50.8647],[-72.379,50.8636],[-72.3794,50.8623],[-72.3758,50.8613],[-72.3759,50.8569],[-72.379,50.851],[-72.3812,50.8494],[-72.3811,50.8455],[-72.3855,50.8389],[-72.385,50.8362],[-72.3871,50.8349],[-72.3858,50.8309],[-72.3975,50.822],[-72.3976,50.8132],[-72.4016,50.8107],[-72.4074,50.8104],[-72.4088,50.8084],[-72.4079,50.8068],[-72.4132,50.8068],[-72.416,50.8037],[-72.422,50.8027],[-72.4252,50.7928],[-72.4356,50.7931],[-72.4342,50.7838],[-72.4492,50.7816],[-72.4603,50.7893],[-72.4669,50.7875],[-72.4784,50.7701],[-72.4813,50.7589],[-72.4812,50.7539],[-72.4885,50.7567],[-72.4957,50.7573],[-72.503,50.7557],[-72.5058,50.7519],[-72.5114,50.7515],[-72.5101,50.7565],[-72.5068,50.7594],[-72.5112,50.7593],[-72.5179,50.7546],[-72.5238,50.7568],[-72.5305,50.7576],[-72.532,50.7587],[-72.5323,50.762],[-72.5296,50.7667],[-72.5335,50.7676],[-72.5406,50.7648],[-72.5561,50.7534],[-72.5643,50.7538],[-72.5686,50.7478],[-72.5726,50.7486],[-72.5716,50.7499],[-72.5746,50.7518],[-72.5747,50.7544],[-72.5698,50.7602],[-72.5649,50.7634],[-72.562,50.7694],[-72.5641,50.7774],[-72.5637,50.786],[-72.5592,50.7946],[-72.5591,50.7981],[-72.5571,50.7994],[-72.556,50.8024],[-72.5589,50.8057],[-72.5632,50.8077],[-72.5629,50.8154],[-72.5595,50.8262],[-72.568,50.8286],[-72.5647,50.8353],[-72.5606,50.8388],[-72.5637,50.8418],[-72.5592,50.8471],[-72.5522,50.8509],[-72.5492,50.8594],[-72.5557,50.8612],[-72.5536,50.8642],[-72.5562,50.8683],[-72.5553,50.8745],[-72.5583,50.881],[-72.5622,50.8819],[-72.564,50.8845],[-72.5673,50.8854],[-72.5702,50.8849],[-72.5752,50.8795],[-72.5753,50.8765],[-72.5738,50.874],[-72.5684,50.8726],[-72.5696,50.8709],[-72.5747,50.8686],[-72.5781,50.8597],[-72.5845,50.8578],[-72.5871,50.8552],[-72.585,50.8534],[-72.588,50.8494],[-72.5976,50.8445],[-72.6002,50.8395],[-72.5997,50.8372],[-72.6067,50.836],[-72.6065,50.8349],[-72.6001,50.8322],[-72.6099,50.8312],[-72.6032,50.826],[-72.605,50.8236],[-72.6038,50.8224],[-72.6038,50.8177],[-72.6089,50.8056],[-72.6143,50.7992],[-72.62,50.7958],[-72.6216,50.7932],[-72.6253,50.7846],[-72.6251,50.7785],[-72.6302,50.7753],[-72.6384,50.7746],[-72.6419,50.7698],[-72.6443,50.7603],[-72.6485,50.7579],[-72.6512,50.7534],[-72.6537,50.7519],[-72.6551,50.7474],[-72.6585,50.7526],[-72.6623,50.7521],[-72.6667,50.7443],[-72.6701,50.7422],[-72.672,50.7421],[-72.6732,50.7441],[-72.6759,50.7438],[-72.6772,50.7453],[-72.6768,50.7497],[-72.6805,50.7499],[-72.685,50.7526],[-72.6842,50.7596],[-72.6857,50.76],[-72.6861,50.7615],[-72.6833,50.7652],[-72.6848,50.7686],[-72.6922,50.7714],[-72.6952,50.7776],[-72.7011,50.7786],[-72.7029,50.7813],[-72.7048,50.7804],[-72.7075,50.7763],[-72.7116,50.7767],[-72.7203,50.7653],[-72.7243,50.7643],[-72.7288,50.7657],[-72.7303,50.7744],[-72.7333,50.7752],[-72.7273,50.7775],[-72.7276,50.7819],[-72.7225,50.7839],[-72.7228,50.7883],[-72.7279,50.79],[-72.7275,50.7935],[-72.7258,50.796],[-72.7334,50.7993],[-72.7352,50.7968],[-72.7419,50.7966],[-72.7404,50.7991],[-72.7418,50.8009],[-72.7479,50.8034],[-72.7514,50.8026],[-72.7511,50.8046],[-72.7485,50.8061],[-72.7503,50.8076],[-72.7444,50.8101],[-72.7463,50.8116],[-72.7506,50.812],[-72.7535,50.8146],[-72.7531,50.8165],[-72.75,50.8191],[-72.7524,50.821],[-72.7599,50.8211],[-72.7701,50.8235],[-72.7725,50.8252],[-72.7806,50.8258],[-72.7827,50.8203],[-72.7842,50.8198],[-72.7884,50.8203],[-72.7928,50.8189],[-72.7994,50.8201],[-72.8183,50.8172],[-72.8244,50.814],[-72.826,50.8144],[-72.8253,50.816],[-72.828,50.8164],[-72.8358,50.8133],[-72.84,50.8142],[-72.8523,50.8096],[-72.8575,50.8129],[-72.8656,50.8067],[-72.8684,50.8069],[-72.8723,50.8051],[-72.8783,50.8061],[-72.8773,50.8015],[-72.881,50.7957],[-72.8803,50.7937],[-72.8901,50.7895],[-72.8938,50.7866],[-72.8928,50.7827],[-72.8945,50.7754],[-72.8961,50.7736],[-72.9022,50.7715],[-72.9011,50.7703],[-72.903,50.7683],[-72.9167,50.7666],[-72.9249,50.7683],[-72.9344,50.7628],[-72.9285,50.7588],[-72.9295,50.7557],[-72.9292,50.7473],[-72.9401,50.7142],[-72.9444,50.7133],[-72.9516,50.7146],[-72.955,50.7082],[-72.9638,50.7044],[-72.9674,50.6999],[-72.968,50.6961],[-72.9714,50.6957],[-72.974,50.693],[-72.9781,50.6926],[-72.979,50.6894],[-72.9853,50.689],[-72.9877,50.6855],[-72.9898,50.6755],[-72.993,50.6731],[-72.9983,50.672],[-72.9989,50.6698],[-73.0128,50.6735],[-73.0162,50.6725],[-73.0175,50.6703],[-73.026,50.6698],[-73.0273,50.6685],[-73.029,50.6617],[-73.0415,50.66],[-73.0445,50.6548],[-73.0482,50.6542],[-73.0514,50.656],[-73.0484,50.6625],[-73.0485,50.6677],[-73.0402,50.669],[-73.0351,50.6772],[-73.0308,50.689],[-73.0265,50.6912],[-73.0225,50.6979],[-73.0334,50.6979],[-73.0376,50.7001],[-73.0364,50.7024],[-73.0386,50.7038],[-73.0414,50.7023],[-73.0462,50.7024],[-73.0478,50.7004],[-73.0509,50.7011],[-73.0551,50.7032],[-73.0532,50.7054],[-73.0633,50.7089],[-73.0684,50.7042],[-73.0746,50.7037],[-73.0752,50.7079],[-73.0801,50.7091],[-73.0675,50.7266],[-73.0812,50.7321],[-73.0842,50.7366],[-73.0899,50.7405],[-73.0965,50.7375],[-73.1039,50.738],[-73.108,50.7432],[-73.1076,50.7455],[-73.1094,50.7467],[-73.1059,50.7514],[-73.1124,50.7524],[-73.1237,50.7493],[-73.1275,50.7475],[-73.1292,50.7434],[-73.1402,50.7482],[-73.1478,50.7501],[-73.1673,50.7348],[-73.1738,50.7269],[-73.1751,50.7203],[-73.1791,50.7117],[-73.1781,50.7084],[-73.1825,50.7032],[-73.1931,50.7052],[-73.1989,50.7036],[-73.2046,50.7059],[-73.2053,50.7028],[-73.2094,50.7038],[-73.2135,50.7021],[-73.226,50.7018],[-73.2277,50.6977],[-73.2332,50.6945],[-73.2447,50.6947],[-73.2506,50.6927],[-73.2534,50.6863],[-73.2581,50.6821],[-73.2542,50.6784],[-73.2557,50.6774],[-73.2568,50.6735],[-73.2659,50.6652],[-73.2681,50.6596],[-73.2662,50.6594],[-73.2667,50.6566],[-73.2658,50.6552],[-73.2602,50.6519],[-73.2698,50.6477],[-73.2747,50.6425],[-73.2845,50.6362],[-73.2899,50.6309],[-73.2945,50.629],[-73.2965,50.6245],[-73.2943,50.6193],[-73.2973,50.614],[-73.3059,50.6111],[-73.3069,50.6037],[-73.3088,50.6006],[-73.308,50.5964],[-73.3113,50.5919],[-73.3067,50.5874],[-73.3087,50.5823],[-73.3116,50.5824],[-73.3164,50.5799],[-73.326,50.5792],[-73.3331,50.5812],[-73.3396,50.5699],[-73.3456,50.5647],[-73.345,50.5622],[-73.3469,50.5569],[-73.3455,50.5524],[-73.3505,50.5408],[-73.3527,50.539],[-73.3534,50.5331],[-73.3562,50.5317],[-73.3558,50.5297],[-73.3567,50.5286],[-73.3674,50.5288],[-73.3739,50.5303],[-73.3708,50.5269],[-73.3716,50.5251],[-73.3707,50.5223],[-73.3811,50.5153],[-73.3851,50.5159],[-73.388,50.509],[-73.3883,50.5046],[-73.392,50.4989],[-73.3919,50.4912],[-73.3947,50.4846],[-73.3989,50.4848],[-73.4017,50.4807],[-73.4016,50.4782],[-73.3982,50.4764],[-73.4007,50.4714],[-73.4003,50.4676],[-73.4031,50.4653],[-73.411,50.4667],[-73.4195,50.4562],[-73.426,50.4434],[-73.4348,50.4433],[-73.439,50.4293],[-73.443,50.4209],[-73.4523,50.4117],[-73.4587,50.4009],[-73.4596,50.392],[-73.4531,50.3881],[-73.4572,50.3838],[-73.4586,50.3785],[-73.4561,50.3767],[-73.4591,50.3707],[-73.4713,50.3682],[-73.4778,50.3683],[-73.478,50.3716],[-73.4827,50.3814],[-73.4802,50.384],[-73.4798,50.3867],[-73.4811,50.3952],[-73.4834,50.3974],[-73.4838,50.4006],[-73.4897,50.3998],[-73.4918,50.3974],[-73.4942,50.3929],[-73.4924,50.3882],[-73.4941,50.3856],[-73.5073,50.3862],[-73.5168,50.3787],[-73.5306,50.3781],[-73.5416,50.3665],[-73.5533,50.3646],[-73.5569,50.3697],[-73.56,50.3705],[-73.5655,50.3682],[-73.5703,50.3633],[-73.5749,50.3635],[-73.58,50.3656],[-73.584,50.3712],[-73.5795,50.378],[-73.5788,50.3858],[-73.5744,50.3946],[-73.5753,50.3986],[-73.5807,50.4063],[-73.5843,50.4073],[-73.588,50.4063],[-73.5964,50.4008],[-73.6023,50.3932],[-73.6101,50.3865],[-73.6098,50.3782],[-73.6116,50.3736],[-73.6091,50.3702],[-73.6116,50.3653],[-73.6099,50.3541],[-73.6081,50.3511],[-73.5996,50.3468],[-73.5991,50.3454],[-73.6079,50.3421],[-73.612,50.3388],[-73.6133,50.3338],[-73.6096,50.3322],[-73.6105,50.3279],[-73.6161,50.3231],[-73.6167,50.3138],[-73.6191,50.3049],[-73.6262,50.3015],[-73.6274,50.2961],[-73.6313,50.2927],[-73.6305,50.2837],[-73.6411,50.2789],[-73.6495,50.2682],[-73.6551,50.2576],[-73.6727,50.2455],[-73.6711,50.2418],[-73.6737,50.2356],[-73.6715,50.2316],[-73.6719,50.2285],[-73.6737,50.2253],[-73.6827,50.2182],[-73.6851,50.2147],[-73.685,50.2115],[-73.6966,50.2149],[-73.7002,50.2126],[-73.7084,50.2126],[-73.7151,50.2144],[-73.7166,50.2172],[-73.7264,50.2159],[-73.7328,50.2165],[-73.7381,50.2215],[-73.7376,50.2248],[-73.739,50.2289],[-73.7469,50.232],[-73.7513,50.2297],[-73.7516,50.2266],[-73.7578,50.2255],[-73.7567,50.2236],[-73.7573,50.2223],[-73.7699,50.216],[-73.7695,50.2132],[-73.7714,50.2119],[-73.772,50.2091],[-73.7746,50.2078],[-73.7804,50.1937],[-73.7841,50.1901],[-73.7788,50.1867],[-73.779,50.1843],[-73.7831,50.1822],[-73.7846,50.172],[-73.7823,50.1689],[-73.7759,50.167],[-73.7794,50.1622],[-73.7788,50.1608],[-73.7719,50.1555],[-73.7698,50.1552],[-73.7743,50.1493],[-73.7847,50.1469],[-73.7924,50.1354],[-73.7883,50.1326],[-73.7812,50.1312],[-73.7836,50.1285],[-73.7832,50.1252],[-73.7787,50.1207],[-73.775,50.1199],[-73.7759,50.1174],[-73.7808,50.1155],[-73.7789,50.1126],[-73.7787,50.1097],[-73.7836,50.1087],[-73.79,50.1022],[-73.7904,50.0992],[-73.7881,50.0945],[-73.7811,50.091],[-73.7816,50.0857],[-73.778,50.0835],[-73.7793,50.0783],[-73.7838,50.0786],[-73.783,50.0721],[-73.7878,50.0606],[-73.7876,50.0561],[-73.7896,50.0526],[-73.7934,50.0505],[-73.7944,50.0442],[-73.7986,50.0439],[-73.8011,50.0421],[-73.8021,50.0379],[-73.801,50.0353],[-73.8044,50.03],[-73.8076,50.0288],[-73.8121,50.0305],[-73.8187,50.0214],[-73.8195,50.0164],[-73.8228,50.0135],[-73.8291,50.011],[-73.8297,50.0129],[-73.8322,50.0137],[-73.8358,50.0096],[-73.8516,50.0114],[-73.8529,50.0044],[-73.8473,50.0018],[-73.8476,49.9997],[-73.855,49.9969],[-73.8553,49.9927],[-73.8578,49.9904],[-73.8576,49.9879],[-73.8614,49.9801],[-73.8647,49.9773],[-73.8695,49.9658],[-73.8749,49.9647],[-73.8778,49.9605],[-73.8848,49.9598],[-73.887,49.9619],[-73.8887,49.9612],[-73.8917,49.9572],[-73.8964,49.9546],[-73.8986,49.9472],[-73.9012,49.9423],[-73.9052,49.9386],[-73.9054,49.9358],[-73.91,49.9278],[-73.9092,49.9198],[-73.9072,49.9167],[-73.9086,49.9132],[-73.9068,49.911],[-73.9042,49.9105],[-73.9079,49.9055],[-73.9062,49.9034],[-73.9075,49.899],[-73.9111,49.8968],[-73.9134,49.8917],[-73.9178,49.893],[-73.9215,49.8907],[-73.9235,49.8861],[-73.9231,49.8811],[-73.9418,49.8629],[-73.9453,49.8608],[-73.956,49.842],[-73.9692,49.8413],[-73.9838,49.8331],[-73.9948,49.8185],[-73.9965,49.815],[-73.996,49.8137],[-74.0004,49.8078],[-74.0166,49.8019],[-74.0166,49.7353],[-74.0985,49.7354],[-74.1112,49.7205],[-74.1111,49.7191],[-74.1096,49.7192],[-74.1066,49.7161],[-74.1104,49.7106],[-74.1095,49.7075],[-74.1106,49.7058],[-74.1123,49.7044],[-74.1179,49.7034],[-74.119,49.6984],[-74.1223,49.6933],[-74.1257,49.6908],[-74.1293,49.6905],[-74.1386,49.6842],[-74.1389,49.6823],[-74.1415,49.6797],[-74.1514,49.6783],[-74.1533,49.6817],[-74.1556,49.6826],[-74.1615,49.6808],[-74.1738,49.6856],[-74.1785,49.6838],[-74.1828,49.676],[-74.1834,49.668],[-74.1915,49.6553],[-74.1846,49.6461],[-74.1866,49.64],[-74.1917,49.6353],[-74.1939,49.6307],[-74.1929,49.6276],[-74.1947,49.6206],[-74.1989,49.6196],[-74.1996,49.6178],[-74.1976,49.6145],[-74.1984,49.6115],[-74.2019,49.6062],[-74.2038,49.6061],[-74.21,49.602],[-74.2162,49.5938],[-74.2252,49.5872],[-74.2282,49.5794],[-74.2262,49.5729],[-74.2281,49.569],[-74.2435,49.5686],[-74.2505,49.5702],[-74.2528,49.5669],[-74.2513,49.5647],[-74.2509,49.5585],[-74.2534,49.5535],[-74.2505,49.5514],[-74.2524,49.5449],[-74.2575,49.5345],[-74.2618,49.5289],[-74.2681,49.5241],[-74.2533,49.5178],[-74.2522,49.5168],[-74.2531,49.5128],[-74.2673,49.5083],[-74.281,49.4974],[-74.2888,49.4954],[-74.2922,49.4924],[-74.2957,49.4861],[-74.3026,49.4851],[-74.3067,49.4825],[-74.3145,49.4804],[-74.3184,49.4777],[-74.3303,49.4761],[-74.3363,49.4778],[-74.3345,49.4841],[-74.3284,49.4864],[-74.3224,49.4903],[-74.3214,49.4923],[-74.3282,49.4965],[-74.3334,49.4981],[-74.3356,49.5007],[-74.3404,49.502],[-74.3402,49.5046],[-74.3462,49.5039],[-74.3501,49.4998],[-74.3587,49.4979],[-74.3693,49.4843],[-74.3733,49.4823],[-74.3811,49.4812],[-74.3876,49.4822],[-74.3939,49.4743],[-74.3934,49.4714],[-74.3902,49.4672],[-74.3877,49.4572],[-74.3792,49.4571],[-74.3769,49.4547],[-74.3795,49.4448],[-74.3776,49.4437],[-74.3774,49.4414],[-74.3839,49.4332],[-74.389,49.4349],[-74.3947,49.4347],[-74.4012,49.4323],[-74.4055,49.4281],[-74.407,49.4211],[-74.4054,49.4156],[-74.4073,49.41],[-74.4047,49.3943],[-74.4073,49.3878],[-74.4147,49.3843],[-74.4162,49.3818],[-74.4146,49.3793],[-74.4149,49.3769],[-74.4129,49.3751],[-74.4021,49.3748],[-74.3948,49.3726],[-74.3939,49.3697],[-74.3959,49.3669],[-74.4015,49.3638],[-74.4052,49.359],[-74.4093,49.3574],[-74.4097,49.3509],[-74.418,49.3444],[-74.4261,49.3348],[-74.4264,49.332],[-74.4323,49.3274],[-74.4309,49.3262],[-74.4332,49.3255],[-74.433,49.3238],[-74.4259,49.3222],[-74.4199,49.3193],[-74.4032,49.3186],[-74.3925,49.3166],[-74.3851,49.3196],[-74.3749,49.3165],[-74.3734,49.3144],[-74.3743,49.3106],[-74.3766,49.3087],[-74.378,49.305],[-74.3804,49.3046],[-74.3817,49.3022],[-74.3661,49.3003],[-74.3616,49.3011],[-74.3582,49.298],[-74.3545,49.2972],[-74.3535,49.2957],[-74.3547,49.2948],[-74.3541,49.294],[-74.3493,49.2907],[-74.3343,49.2865],[-74.3342,49.2848],[-74.3307,49.2839],[-74.3303,49.2825],[-74.336,49.2722],[-74.3298,49.2721],[-74.3246,49.2736],[-74.3207,49.271],[-74.3128,49.2709],[-74.315,49.2603],[-74.312,49.2583],[-74.306,49.2594],[-74.3022,49.2704],[-74.3053,49.2753],[-74.3031,49.284],[-74.2982,49.285],[-74.2939,49.2899],[-74.293,49.2896],[-74.2931,49.2868],[-74.2905,49.2851],[-74.2906,49.2812],[-74.2891,49.2801],[-74.284,49.2868],[-74.2704,49.2868],[-74.2696,49.2856],[-74.2711,49.2829],[-74.269,49.2795],[-74.2711,49.2753],[-74.2609,49.2739],[-74.2579,49.2757],[-74.2548,49.2805],[-74.2503,49.2831],[-74.2506,49.2884],[-74.2495,49.2898],[-74.2452,49.2901],[-74.2357,49.2874],[-74.2358,49.284],[-74.2306,49.2833],[-74.2295,49.2796],[-74.2325,49.2679],[-74.2278,49.2624],[-74.2306,49.2593],[-74.2278,49.2542],[-74.2286,49.2437],[-74.2276,49.2373],[-74.2294,49.2331],[-74.23,49.2249],[-74.2274,49.2181],[-74.2292,49.2111],[-74.2382,49.2115],[-74.2399,49.2096],[-74.2431,49.2022],[-74.2393,49.1958],[-74.2426,49.1912],[-74.2419,49.1876],[-74.2436,49.1837],[-74.2492,49.1815],[-74.2502,49.1745],[-74.2535,49.1697],[-74.244,49.1658],[-74.2443,49.1633],[-74.2504,49.1602],[-74.2488,49.1534],[-74.2496,49.1495],[-74.2489,49.1477],[-74.2455,49.1461],[-74.246,49.1406],[-74.2443,49.136],[-74.2506,49.1357],[-74.253,49.1385],[-74.2643,49.137],[-74.263,49.1334],[-74.2642,49.1297],[-74.2633,49.1232],[-74.264,49.1198],[-74.2709,49.1129],[-74.2681,49.1097],[-74.2667,49.1054],[-74.2679,49.103],[-74.2741,49.1013],[-74.2782,49.1029],[-74.2802,49.0996],[-74.2761,49.0963],[-74.2761,49.0937],[-74.2734,49.0894],[-74.2764,49.0862],[-74.2751,49.083],[-74.2766,49.0802],[-74.2793,49.0788],[-74.2792,49.0739],[-74.2778,49.0704],[-74.2814,49.0693],[-74.2872,49.0707],[-74.2902,49.064],[-74.291,49.057],[-74.2894,49.0526],[-74.2905,49.048],[-74.2872,49.045],[-74.292,49.042],[-74.2969,49.041],[-74.3068,49.0416],[-74.3041,49.0356],[-74.3053,49.0343],[-74.3051,49.0319],[-74.3029,49.0301],[-74.3032,49.0279],[-74.2976,49.026],[-74.2978,49.0203],[-74.3014,49.0178],[-74.3034,49.015],[-74.3029,49.0132],[-74.297,49.0136],[-74.294,49.0108],[-74.2882,49.0096],[-74.2897,49.0063],[-74.2891,49.0031],[-74.2832,48.9992],[-74.2858,48.9951],[-74.2846,48.9932],[-74.2858,48.992],[-74.2852,48.9904],[-74.2894,48.9901],[-74.294,48.9873],[-74.295,48.978],[-74.2962,48.9765],[-74.2999,48.975],[-74.3035,48.9766],[-74.306,48.975],[-74.311,48.9772],[-74.3116,48.974],[-74.3143,48.9707],[-74.318,48.9702],[-74.3249,48.9718],[-74.3296,48.9679],[-74.3343,48.9685],[-74.3383,48.9571],[-74.3357,48.9556],[-74.3351,48.9539],[-74.3362,48.9525],[-74.3351,48.9502],[-74.3298,48.9484],[-74.3321,48.944],[-74.3363,48.9408],[-74.3345,48.9387],[-74.3347,48.935],[-74.332,48.9355],[-74.3306,48.9336],[-74.3325,48.9278],[-74.3318,48.9268],[-74.3329,48.9262],[-74.3303,48.9237],[-74.3338,48.92],[-74.3363,48.9228],[-74.3459,48.9232],[-74.3543,48.9198],[-74.363,48.9183],[-74.3632,48.9234],[-74.3582,48.9253],[-74.3552,48.9281],[-74.3547,48.9351],[-74.3574,48.9361],[-74.3592,48.9349],[-74.3619,48.9361],[-74.3681,48.9362],[-74.3692,48.9372],[-74.3683,48.9386],[-74.3695,48.939],[-74.3897,48.9362],[-74.3918,48.9333],[-74.3907,48.9291],[-74.3915,48.9271],[-74.3951,48.9256],[-74.3992,48.9262],[-74.4021,48.9222],[-74.4068,48.9228],[-74.4076,48.9247],[-74.4115,48.9257],[-74.4119,48.9275],[-74.4156,48.9293],[-74.4171,48.9348],[-74.4221,48.9341],[-74.4335,48.9362],[-74.4412,48.9321],[-74.4451,48.9347],[-74.445,48.937],[-74.4483,48.9386],[-74.4481,48.9408],[-74.4502,48.9435],[-74.4494,48.9453],[-74.4471,48.9464],[-74.4466,48.9499],[-74.4386,48.9499],[-74.4361,48.952],[-74.4377,48.956],[-74.4359,48.9587],[-74.4404,48.9606],[-74.4388,48.9625],[-74.4403,48.9646],[-74.4368,48.9717],[-74.4409,48.9744],[-74.4484,48.9741],[-74.4536,48.9718],[-74.4542,48.9677],[-74.4599,48.9544],[-74.4668,48.9544],[-74.4701,48.9493],[-74.4765,48.9439],[-74.4799,48.9377],[-74.4874,48.9325],[-74.491,48.9333],[-74.4952,48.9295],[-74.5004,48.9296],[-74.503,48.9276],[-74.5042,48.9303],[-74.5093,48.9323],[-74.5147,48.9365],[-74.5147,48.9389],[-74.5193,48.9433],[-74.5199,48.9454],[-74.5235,48.9464],[-74.5223,48.9491],[-74.5184,48.9514],[-74.5193,48.953],[-74.5225,48.9532],[-74.5225,48.9546],[-74.5265,48.9561],[-74.5269,48.959],[-74.5337,48.9605],[-74.5397,48.9634],[-74.5334,48.967],[-74.5327,48.9771],[-74.5417,48.9781],[-74.5444,48.9839],[-74.5481,48.9852],[-74.5457,48.989],[-74.5502,48.9893],[-74.551,48.9911],[-74.5554,48.9928],[-74.5565,48.9979],[-74.5542,49.0003],[-74.5614,49.0009],[-74.5628,49.0009],[-74.5674,48.9955],[-74.5707,48.9945],[-74.5753,48.9938],[-74.5844,48.9956],[-74.5866,48.9948],[-74.5886,48.9931],[-74.5895,48.9856],[-74.5869,48.9831],[-74.5867,48.9783],[-74.5891,48.976],[-74.5955,48.9756],[-74.5963,48.9712],[-74.5924,48.9684],[-74.5979,48.9639],[-74.6066,48.9634],[-74.6077,48.9622],[-74.6103,48.963],[-74.6112,48.9685],[-74.6158,48.9702],[-74.6201,48.971],[-74.6285,48.9679],[-74.6763,49.0001],[-78.9033,48.9996],[-79.0535,49.0],[-79.0535,49.0095],[-79.5178,49.0091],[-79.5185,51.568],[-79.5108,51.5704],[-79.5069,51.5743],[-79.5082,51.5771],[-79.5183,51.5827],[-79.5179,51.5851],[-79.5086,51.5909],[-79.4947,51.5914],[-79.4892,51.5953],[-79.4755,51.5999],[-79.4648,51.6074],[-79.4496,51.6229],[-79.4479,51.6261],[-79.4343,51.6323],[-79.4309,51.6384],[-79.4057,51.6439],[-79.4018,51.6481],[-79.399,51.656],[-79.3934,51.6593],[-79.3846,51.6598],[-79.3755,51.663],[-79.3567,51.6635],[-79.3355,51.6673],[-79.3231,51.6712],[-79.3192,51.6765],[-79.3144,51.6798],[-79.3055,51.6811],[-79.3032,51.6794],[-79.302,51.6756],[-79.3053,51.6675],[-79.3049,51.6636],[-79.3011,51.6597],[-79.2911,51.6536],[-79.2788,51.6483],[-79.2538,51.644],[-79.2408,51.6441],[-79.2278,51.6477],[-79.2172,51.6393],[-79.219,51.6343],[-79.2181,51.6276],[-79.2196,51.6201],[-79.2297,51.6089],[-79.2401,51.5941],[-79.2414,51.5899],[-79.2389,51.5832],[-79.2428,51.578],[-79.2429,51.5759],[-79.2394,51.572],[-79.2332,51.5693],[-79.2331,51.5672],[-79.2378,51.5598],[-79.2231,51.5466],[-79.2114,51.5422],[-79.2064,51.5385],[-79.1799,51.5298],[-79.1539,51.5261],[-79.1373,51.529],[-79.1222,51.5351],[-79.1086,51.5375],[-79.0979,51.5379],[-79.0888,51.5334],[-79.081,51.5272],[-79.0443,51.5074],[-79.0031,51.4781],[-78.9848,51.4672],[-78.9798,51.4615],[-78.8197,51.4506],[-78.8124,51.4549],[-78.8049,51.4614],[-78.8012,51.4727],[-78.8236,51.5073],[-78.8275,51.5103],[-78.8282,51.513],[-78.8161,51.5267],[-78.8156,51.5382],[-78.821,51.5519],[-78.8227,51.5628],[-78.8262,51.5718],[-78.8414,51.6002],[-78.8437,51.6022],[-78.8453,51.6085],[-78.85,51.6164],[-78.8654,51.6291],[-78.8714,51.6305],[-78.8707,51.6321],[-78.8759,51.6337],[-78.8826,51.6387],[-78.8917,51.6425],[-78.9089,51.646],[-78.928,51.6453],[-78.9358,51.6541],[-78.9453,51.6608],[-78.9438,51.6659],[-78.9367,51.6751],[-78.9366,51.6853],[-78.9411,51.693],[-78.9454,51.6962],[-78.9508,51.6977],[-78.9632,51.6963],[-78.9679,51.6942],[-78.9677,51.6977],[-78.9661,51.6997],[-78.9668,51.7008],[-78.9736,51.703],[-78.9923,51.7041],[-78.9899,51.7103],[-78.9926,51.7117],[-78.9918,51.7127],[-78.9929,51.7156],[-78.9962,51.7162],[-78.9952,51.7181],[-78.9917,51.7197],[-78.9916,51.7223],[-78.9976,51.7244],[-78.9954,51.7261],[-78.9957,51.7315],[-78.9987,51.7396],[-79.0035,51.7421],[-79.0091,51.7426],[-79.0119,51.7449],[-79.0246,51.7446],[-79.0256,51.7459],[-79.0299,51.7447],[-79.0292,51.746],[-79.0324,51.7469],[-79.0334,51.75],[-79.0365,51.7508],[-79.0368,51.7546],[-79.0471,51.7605],[-79.0477,51.7624],[-79.0509,51.7631],[-79.0512,51.7642],[-79.0494,51.7664],[-79.0354,51.7679],[-79.0244,51.7793],[-79.0085,51.7843],[-78.9749,51.7996],[-78.9697,51.7997],[-78.8994,51.8999],[-78.8992,51.9017],[-78.9024,51.9041],[-78.9019,51.906],[-78.8992,51.9074],[-78.8971,51.9107],[-78.8898,51.9133],[-78.8935,51.9336],[-78.8856,51.9382],[-78.8853,51.94],[-78.894,51.9453],[-78.8889,51.9513],[-78.8864,51.9561],[-78.8876,51.9572],[-78.8826,51.959],[-78.8781,51.9572],[-78.8767,51.9542],[-78.8738,51.9547],[-78.8707,51.9528],[-78.8634,51.9531],[-78.8555,51.9579],[-78.8594,51.9618],[-78.8597,51.9638],[-78.8575,51.9671],[-78.8527,51.9697],[-78.8457,51.9703],[-78.8463,51.9678],[-78.841,51.9635],[-78.8487,51.9583],[-78.8498,51.9558],[-78.8534,51.9559],[-78.8563,51.9541],[-78.8549,51.9514],[-78.845,51.95],[-78.8488,51.9453],[-78.8465,51.9439],[-78.8383,51.9469],[-78.8371,51.9501],[-78.8327,51.9528],[-78.8217,51.9512],[-78.8123,51.9563],[-78.811,51.9583],[-78.8011,51.9586],[-78.7997,51.9622],[-78.7947,51.9668],[-78.7839,51.9702],[-78.7797,51.9699],[-78.7354,52.0065],[-78.7304,52.0144],[-78.7286,52.0146],[-78.7283,52.0166],[-78.7026,52.0289],[-78.7004,52.0329],[-78.7069,52.0381],[-78.7111,52.0385],[-78.7203,52.048],[-78.7262,52.0494],[-78.7218,52.0529],[-78.7149,52.0538],[-78.7149,52.052],[-78.7096,52.0478],[-78.7096,52.0487],[-78.7072,52.0481],[-78.7051,52.0495],[-78.6997,52.0485],[-78.6844,52.0536],[-78.683,52.0535],[-78.6828,52.0514],[-78.6804,52.0507],[-78.6663,52.054],[-78.6582,52.0609],[-78.6555,52.0693],[-78.6521,52.0722],[-78.6538,52.0739],[-78.6535,52.0755],[-78.6612,52.0766],[-78.6611,52.0778],[-78.6515,52.0808],[-78.6497,52.0834],[-78.6324,52.0914],[-78.6287,52.0945],[-78.6209,52.0978],[-78.6171,52.0976],[-78.61,52.1011],[-78.6024,52.1067],[-78.5962,52.1086],[-78.5946,52.1133],[-78.5873,52.1198],[-78.5806,52.1291],[-78.5774,52.1371],[-78.5732,52.1399],[-78.5607,52.1579],[-78.5518,52.1782],[-78.5506,52.1839],[-78.5529,52.1854],[-78.5501,52.1892],[-78.5518,52.1926],[-78.55,52.1996],[-78.5576,52.2094],[-78.567,52.2085],[-78.5757,52.2093],[-78.5812,52.2424],[-78.5884,52.2429],[-78.5818,52.2448],[-78.5832,52.2533],[-78.5697,52.2575],[-78.5676,52.2609],[-78.5689,52.2643],[-78.5581,52.2694],[-78.5578,52.2723],[-78.5603,52.2745],[-78.5576,52.2771],[-78.5577,52.2785],[-78.5625,52.2799],[-78.5571,52.2831],[-78.5592,52.2837],[-78.5587,52.285],[-78.5602,52.2858],[-78.5589,52.2878],[-78.5661,52.2881],[-78.5352,52.3026],[-78.5327,52.3026],[-78.5328,52.3062],[-78.5281,52.3079],[-78.523,52.3079],[-78.523,52.3107],[-78.5195,52.3153],[-78.5188,52.3239],[-78.516,52.331],[-78.5202,52.3427],[-78.5212,52.3508],[-78.5244,52.3524],[-78.5289,52.3518],[-78.5315,52.3529],[-78.5372,52.3518],[-78.5439,52.3715],[-78.5805,52.3935],[-78.5834,52.3962],[-78.5881,52.4166],[-78.5788,52.4211],[-78.576,52.4243],[-78.5732,52.4308],[-78.5738,52.4356],[-78.577,52.4364],[-78.5757,52.4393],[-78.5627,52.4495],[-78.5557,52.4532],[-78.5593,52.4615],[-78.5587,52.4655],[-78.5663,52.472],[-78.5652,52.4764],[-78.5678,52.4785],[-78.5667,52.4805],[-78.5692,52.485],[-78.5706,52.4852],[-78.5656,52.4942],[-78.5655,52.4971],[-78.5679,52.5001],[-78.5779,52.5039],[-78.5863,52.5046],[-78.5867,52.5058],[-78.5834,52.5081],[-78.5895,52.5172],[-78.6047,52.5166],[-78.6105,52.514],[-78.6149,52.5145],[-78.6251,52.5117],[-78.6362,52.5146],[-78.6406,52.5135],[-78.6455,52.5143],[-78.6499,52.5166],[-78.6568,52.5135],[-78.6732,52.5136],[-78.7099,52.5215],[-78.714,52.5211],[-78.7181,52.5232],[-78.7186,52.5267],[-78.7205,52.5282],[-78.7234,52.5283],[-78.7226,52.5298],[-78.7301,52.5293],[-78.7616,52.5408],[-78.7661,52.541],[-78.7673,52.542],[-78.7662,52.5438],[-78.7693,52.5447],[-78.7672,52.5491],[-78.7674,52.5561],[-78.7657,52.5594],[-78.7681,52.5606],[-78.7648,52.5694],[-78.7671,52.5768],[-78.7715,52.5737],[-78.7741,52.5754],[-78.7732,52.5782],[-78.7692,52.5798],[-78.7682,52.582],[-78.7713,52.5879],[-78.7702,52.5891],[-78.7729,52.5985],[-78.7751,52.5958],[-78.7766,52.5967],[-78.7759,52.5983],[-78.773,52.5997],[-78.7787,52.6225],[-78.803,52.6337],[-78.8032,52.6389],[-78.8093,52.6376],[-78.8143,52.6388],[-78.8153,52.6416],[-78.8187,52.64],[-78.8211,52.6407],[-78.8156,52.6428],[-78.8233,52.6732],[-78.8275,52.6726],[-78.8236,52.6755],[-78.8281,52.6923],[-78.8263,52.696],[-78.8275,52.6991],[-78.8572,52.7258],[-78.859,52.7246],[-78.8619,52.7274],[-78.8658,52.7276],[-78.8651,52.7291],[-78.8606,52.7294],[-78.8726,52.7405],[-78.8723,52.7552],[-78.8736,52.7581],[-78.8745,52.759],[-78.8795,52.7586],[-78.8789,52.76],[-78.8728,52.7602],[-78.8749,52.7611],[-78.8775,52.7665],[-78.8733,52.7669],[-78.8738,52.7705],[-78.8768,52.7708],[-78.8735,52.7724],[-78.8752,52.8191],[-78.8806,52.8181],[-78.8751,52.8211],[-78.8766,52.8551],[-78.8828,52.8596],[-78.8767,52.8707],[-78.8861,52.88],[-78.8945,52.8826],[-78.9003,52.8993],[-78.9092,52.9044],[-78.9116,52.9046],[-78.9229,52.914],[-78.928,52.9155],[-78.9263,52.9173],[-78.9509,52.9397],[-78.9538,52.9402],[-78.9563,52.94],[-78.958,52.9377],[-78.9605,52.937],[-78.9589,52.9358],[-78.9591,52.934],[-78.9562,52.9324],[-78.9607,52.9288],[-78.9609,52.9269],[-78.9602,52.9261],[-78.9498,52.9284],[-78.9518,52.9257],[-78.9661,52.9185],[-78.9683,52.9196],[-78.9644,52.924],[-78.9735,52.9238],[-78.9742,52.9226],[-78.9732,52.9208],[-78.9758,52.9165],[-78.9855,52.9146],[-78.9862,52.9125],[-78.991,52.9097],[-79.0058,52.9059],[-79.009,52.9074],[-79.001,52.9148],[-78.9829,52.9203],[-78.9819,52.9236],[-78.974,52.9296],[-78.9705,52.9307],[-78.9605,52.9432],[-78.9566,52.9455],[-78.9687,52.9571],[-78.9598,52.9633],[-78.9679,52.9976],[-78.9659,53.0001],[-78.969,53.003],[-78.9773,53.0037],[-78.9798,53.0062],[-78.98,53.0091],[-78.9951,53.0127],[-78.9933,53.0143],[-78.9941,53.0175],[-78.9896,53.0202],[-78.9932,53.024],[-78.9912,53.0373],[-78.9927,53.0652],[-78.9916,53.068],[-78.988,53.0705],[-78.9904,53.0717],[-78.9974,53.0894],[-78.9988,53.0902],[-78.998,53.0935],[-78.993,53.0965],[-78.9846,53.098],[-78.9745,53.1019],[-78.9758,53.1234],[-78.9682,53.1274],[-78.9528,53.1315],[-78.947,53.1387],[-78.9476,53.1439],[-78.952,53.148],[-78.9599,53.1518],[-78.9653,53.1521],[-78.9688,53.1571],[-78.9697,53.1619],[-78.9731,53.1623],[-78.9769,53.1586],[-78.9795,53.1613],[-78.9701,53.1665],[-78.9721,53.1711],[-78.971,53.1731],[-78.9651,53.1815],[-78.9391,53.2117],[-78.9407,53.2127],[-78.9399,53.2138],[-78.9442,53.2229],[-78.9458,53.2234],[-78.9444,53.2241],[-78.9493,53.2349],[-79.0168,53.2695],[-79.0179,53.2718],[-79.0133,53.2891],[-79.0315,53.2911],[-79.033,53.2878],[-79.0384,53.2859],[-79.0398,53.2889],[-79.0467,53.2875],[-79.0536,53.2895],[-79.0544,53.2915],[-79.0509,53.2938],[-79.0461,53.2919],[-79.0449,53.2945],[-79.0479,53.2938],[-79.0472,53.2956],[-79.0492,53.2966],[-79.0469,53.2988],[-79.0445,53.2978],[-79.0442,53.299],[-79.037,53.2982],[-79.0408,53.3016],[-79.0408,53.3032],[-79.0489,53.303],[-79.0454,53.3059],[-79.0414,53.3045],[-79.0378,53.3062],[-79.0352,53.3048],[-79.0342,53.3019],[-79.0324,53.3009],[-79.0363,53.3],[-79.0328,53.2989],[-79.0343,53.2982],[-79.033,53.2975],[-79.0247,53.2985],[-79.0214,53.2979],[-79.0225,53.2964],[-79.0135,53.2989],[-79.0119,53.2986],[-79.0123,53.296],[-79.0099,53.2967],[-79.0044,53.3121],[-78.989,53.3215],[-78.9881,53.3239],[-78.9787,53.3261],[-78.9734,53.3323],[-78.9721,53.3393],[-78.984,53.3443],[-78.9822,53.3473],[-78.9828,53.352],[-78.9587,53.3645],[-78.9575,53.3663],[-78.9593,53.3688],[-78.9588,53.37],[-78.9502,53.3754],[-78.9495,53.3779],[-78.9517,53.3812],[-78.9638,53.384],[-78.9665,53.3866],[-78.9761,53.3885],[-78.9828,53.3878],[-78.9835,53.3895],[-78.9861,53.3886],[-78.9851,53.3904],[-78.9831,53.3907],[-78.9836,53.4],[-78.9864,53.4019],[-78.9954,53.402],[-78.9989,53.4035],[-79.0076,53.4019],[-79.0058,53.4047],[-79.0125,53.4056],[-79.0158,53.4077],[-79.0318,53.4052],[-79.0321,53.407],[-79.0359,53.4082],[-79.0433,53.4064],[-79.0453,53.4067],[-79.0458,53.4082],[-79.0653,53.408],[-79.0665,53.4189],[-79.0714,53.4313],[-79.0752,53.4372],[-79.0781,53.4391],[-79.0774,53.4409],[-79.0821,53.4426],[-79.0877,53.4468],[-79.0949,53.4424],[-79.1016,53.4412],[-79.1048,53.4425],[-79.1025,53.4473],[-79.0988,53.4468],[-79.0994,53.4486],[-79.094,53.4513],[-79.0965,53.4547],[-79.0926,53.461],[-79.0986,53.4633],[-79.0992,53.4659],[-79.1041,53.4672],[-79.1121,53.4654],[-79.1171,53.4806],[-79.1246,53.4847],[-79.1324,53.4854],[-79.1353,53.4889],[-79.1418,53.4901],[-79.1428,53.4912],[-79.1399,53.492],[-79.1409,53.4932],[-79.1367,53.5001],[-79.1366,53.503],[-79.1311,53.505],[-79.1211,53.503],[-79.1116,53.5083],[-79.0869,53.5464],[-79.0875,53.5479],[-79.0735,53.5876],[-79.0697,53.5907],[-79.0714,53.5957],[-79.0654,53.6004],[-79.0598,53.6009],[-79.0554,53.6063],[-79.0589,53.611],[-79.0582,53.6123],[-79.0612,53.6125],[-79.0752,53.6324],[-79.0777,53.6329],[-79.0762,53.6338],[-79.1034,53.6715],[-79.1095,53.6751],[-79.111,53.678],[-79.1157,53.6811],[-79.1503,53.692],[-79.1527,53.6944],[-79.1513,53.6969],[-79.155,53.7051],[-79.1519,53.7067],[-79.1417,53.7074],[-79.1304,53.7123],[-79.1237,53.7189],[-79.1268,53.7192],[-79.1177,53.7236],[-79.1302,53.7219],[-79.1151,53.7266],[-79.1004,53.7406],[-79.101,53.742],[-79.097,53.7433],[-79.09,53.7495],[-79.0924,53.7499],[-79.0993,53.7556],[-79.0963,53.7563],[-79.0936,53.7529],[-79.0881,53.7513],[-79.0825,53.7576],[-79.0824,53.7629],[-79.084,53.7634],[-79.0824,53.7636],[-79.0836,53.7876],[-79.0824,53.7879],[-79.0818,53.7915],[-79.0799,53.7923],[-79.0825,53.7958],[-79.0866,53.7981],[-79.0882,53.8132],[-79.0959,53.815],[-79.0887,53.8236],[-79.0896,53.8286],[-79.0904,53.826],[-79.1032,53.8263],[-79.1085,53.829],[-79.1136,53.8296],[-79.1161,53.8318],[-79.1146,53.8332],[-79.1067,53.8345],[-79.0897,53.8349],[-79.0925,53.8639],[-79.0913,53.8653],[-79.0842,53.8671],[-79.0826,53.8686],[-79.0835,53.8698],[-79.0809,53.871],[-79.0919,53.8792],[-79.0972,53.8802],[-79.1039,53.8923],[-79.1007,53.8935],[-79.1014,53.8978],[-79.1053,53.8996],[-79.104,53.9012],[-79.1063,53.9034],[-79.1091,53.9033],[-79.1105,53.9017],[-79.1087,53.8996],[-79.1112,53.899],[-79.1099,53.8969],[-79.1151,53.8955],[-79.1175,53.896],[-79.1139,53.8969],[-79.1165,53.897],[-79.1134,53.8994],[-79.1156,53.9008],[-79.1255,53.8988],[-79.1281,53.9005],[-79.1276,53.9014],[-79.1428,53.901],[-79.1222,53.9025],[-79.1258,53.9038],[-79.1243,53.9046],[-79.1261,53.9065],[-79.1248,53.9065],[-79.1246,53.9078],[-79.1101,53.907],[-79.2024,53.9893],[-79.2041,53.9885],[-79.2099,53.9896],[-79.2035,53.9911],[-79.206,53.9915],[-79.2048,53.9921],[-79.257,54.0365],[-79.2601,54.0368],[-79.2617,54.0382],[-79.2592,54.0383],[-79.2641,54.0399],[-79.262,54.0409],[-79.2882,54.0634],[-79.2946,54.0631],[-79.2937,54.064],[-79.2954,54.0683],[-79.2944,54.069],[-79.3105,54.0849],[-79.3123,54.0834],[-79.3205,54.0844],[-79.3194,54.0878],[-79.3134,54.0885],[-79.3173,54.0905],[-79.3158,54.0911],[-79.3331,54.1093],[-79.335,54.1089],[-79.3333,54.11],[-79.3754,54.1551],[-79.3843,54.1643],[-79.3955,54.1631],[-79.386,54.1666],[-79.3952,54.1764],[-79.3995,54.1777],[-79.3987,54.1784],[-79.4062,54.1833],[-79.4081,54.1827],[-79.4073,54.184],[-79.4633,54.2211],[-79.4679,54.221],[-79.4667,54.2234],[-79.4694,54.2249],[-79.4767,54.2205],[-79.4789,54.2213],[-79.4782,54.2248],[-79.4728,54.2245],[-79.47,54.2256],[-79.4766,54.2301],[-79.4818,54.2296],[-79.4786,54.2313],[-79.4801,54.2333],[-79.4823,54.2603],[-79.4872,54.2616],[-79.4845,54.2621],[-79.4862,54.2631],[-79.4844,54.263],[-79.4842,54.2764],[-79.4905,54.2771],[-79.4843,54.2795],[-79.4861,54.2912],[-79.4818,54.294],[-79.4813,54.3009],[-79.4868,54.3044],[-79.4868,54.3058],[-79.4834,54.3082],[-79.4843,54.3101],[-79.483,54.3113],[-79.474,54.315],[-79.4736,54.3239],[-79.4723,54.3268],[-79.478,54.3331],[-79.4851,54.3352],[-79.486,54.338],[-79.4829,54.3422],[-79.4859,54.3496],[-79.5139,54.3656],[-79.4998,54.3703],[-79.4984,54.3716],[-79.499,54.3729],[-79.496,54.3744],[-79.4974,54.3768],[-79.4924,54.3778],[-79.4926,54.3795],[-79.4944,54.3805],[-79.4933,54.382],[-79.4965,54.383],[-79.4968,54.3855],[-79.4996,54.3867],[-79.5017,54.3907],[-79.5159,54.3863],[-79.5117,54.3905],[-79.5072,54.3908],[-79.5108,54.3939],[-79.5045,54.3969],[-79.5058,54.4025],[-79.5176,54.4041],[-79.5083,54.4125],[-79.5089,54.4145],[-79.5249,54.4324],[-79.5305,54.4317],[-79.5349,54.4329],[-79.5275,54.4356],[-79.5366,54.4461],[-79.5311,54.4516],[-79.5332,54.4582],[-79.5356,54.4613],[-79.5403,54.4606],[-79.536,54.4632],[-79.5428,54.4637],[-79.5466,54.4607],[-79.5491,54.4615],[-79.5757,54.4591],[-79.5786,54.4603],[-79.575,54.4624],[-79.5762,54.4633],[-79.5885,54.4635],[-79.5927,54.4656],[-79.5966,54.4658],[-79.5905,54.4677],[-79.5904,54.4692],[-79.5832,54.4688],[-79.5796,54.4705],[-79.5787,54.4711],[-79.5803,54.4725],[-79.5784,54.4748],[-79.5727,54.4751],[-79.5641,54.4778],[-79.5633,54.4772],[-79.5675,54.4714],[-79.5662,54.4699],[-79.5661,54.4662],[-79.5547,54.4664],[-79.5542,54.465],[-79.5507,54.4642],[-79.5438,54.4646],[-79.5361,54.4671],[-79.5367,54.473],[-79.5443,54.4708],[-79.5463,54.4731],[-79.551,54.473],[-79.557,54.475],[-79.5536,54.4776],[-79.5374,54.4811],[-79.5386,54.4904],[-79.5437,54.5002],[-79.5394,54.5026],[-79.5386,54.5059],[-79.5406,54.5059],[-79.5379,54.5065],[-79.5364,54.5123],[-79.5421,54.5106],[-79.5418,54.5094],[-79.5445,54.5079],[-79.5456,54.5091],[-79.5477,54.5085],[-79.5466,54.5117],[-79.5506,54.5121],[-79.5348,54.5164],[-79.5339,54.5192],[-79.5479,54.5276],[-79.5559,54.5304],[-79.5629,54.5272],[-79.5748,54.525],[-79.5834,54.526],[-79.5872,54.528],[-79.5923,54.5271],[-79.5972,54.5288],[-79.5969,54.53],[-79.5918,54.5309],[-79.5916,54.5295],[-79.5862,54.5296],[-79.5846,54.5318],[-79.5779,54.5331],[-79.5715,54.5323],[-79.5659,54.5334],[-79.5663,54.5314],[-79.5638,54.5315],[-79.5637,54.5305],[-79.5592,54.5316],[-79.5731,54.5363],[-79.5735,54.5386],[-79.583,54.5373],[-79.5987,54.5463],[-79.5991,54.5477],[-79.6122,54.5568],[-79.6199,54.5532],[-79.6215,54.551],[-79.6328,54.5479],[-79.6302,54.5506],[-79.6325,54.5516],[-79.6368,54.551],[-79.6332,54.5525],[-79.6295,54.5515],[-79.6244,54.5533],[-79.626,54.5546],[-79.6235,54.5563],[-79.62,54.5556],[-79.6126,54.5573],[-79.619,54.5628],[-79.6258,54.5635],[-79.6272,54.5655],[-79.6248,54.5666],[-79.625,54.5676],[-79.629,54.569],[-79.6284,54.5705],[-79.6571,54.5947],[-79.659,54.5959],[-79.6618,54.5954],[-79.6621,54.5965],[-79.6594,54.5964],[-79.6674,54.6034],[-79.672,54.6017],[-79.6717,54.6034],[-79.6682,54.6039],[-79.6744,54.609],[-79.6788,54.6105],[-79.6779,54.6119],[-79.682,54.6134],[-79.6819,54.6153],[-79.6859,54.6184],[-79.7338,54.6271],[-79.7411,54.6298],[-79.7464,54.6277],[-79.7528,54.6292],[-79.7568,54.6242],[-79.7646,54.6227],[-79.7654,54.6235],[-79.7613,54.6265],[-79.7635,54.632],[-79.7602,54.6353],[-79.7557,54.6355],[-79.7562,54.6378],[-79.7535,54.6385],[-79.7519,54.6411],[-79.7516,54.6491],[-79.715,54.6574],[-79.7102,54.6605],[-79.7046,54.6586],[-79.6982,54.6593],[-79.6977,54.661],[-79.692,54.6626],[-79.6915,54.6641],[-79.686,54.6665],[-79.6864,54.6692],[-79.6731,54.6715],[-79.6693,54.6748],[-79.6641,54.676],[-79.6605,54.6785],[-79.6552,54.6851],[-79.654,54.6897],[-79.646,54.6948],[-79.6186,54.7026],[-79.6169,54.7023],[-79.6142,54.6985],[-79.6001,54.7008],[-79.5859,54.709],[-79.5793,54.7178],[-79.5649,54.7238],[-79.5479,54.7272],[-79.5365,54.7246],[-79.5275,54.7247],[-79.4931,54.7348],[-79.47,54.7456],[-79.4489,54.76],[-79.3886,54.7662],[-79.3791,54.7659],[-79.3694,54.7637],[-79.3607,54.7643],[-79.3486,54.7667],[-79.34,54.7702],[-79.3071,54.7771],[-79.274,54.7895],[-79.26,54.7874],[-79.2504,54.7896],[-79.2416,54.7942],[-79.2324,54.7954],[-79.2276,54.7982],[-79.2103,54.797],[-79.1905,54.7978],[-79.1491,54.8076],[-79.1466,54.8069],[-79.1304,54.8119],[-79.1186,54.8122],[-79.1094,54.8147],[-79.1017,54.8189],[-79.0945,54.8198],[-79.0857,54.8184],[-79.0787,54.8209],[-79.0709,54.8196],[-79.0636,54.8201],[-79.0615,54.8227],[-79.0527,54.8246],[-79.0443,54.8237],[-79.0287,54.8289],[-79.017,54.8367],[-79.0101,54.8386],[-79.0051,54.8383],[-79.0035,54.8363],[-78.9956,54.8328],[-78.9826,54.8335],[-78.9699,54.8396],[-78.971,54.8407],[-78.9698,54.8421],[-78.9628,54.8441],[-78.9557,54.851],[-78.9426,54.8546],[-78.9426,54.8597],[-78.9406,54.8628],[-78.9418,54.8672],[-78.9476,54.8709],[-78.9472,54.8727],[-78.9534,54.8744],[-78.9455,54.8764],[-78.9445,54.8733],[-78.9431,54.873],[-78.9323,54.8757],[-78.9241,54.8798],[-78.9118,54.8837],[-78.8962,54.886],[-78.8917,54.8879],[-78.8944,54.8897],[-78.8961,54.8945],[-78.8915,54.8975],[-78.8909,54.8956],[-78.8786,54.8961],[-78.8796,54.8982],[-78.8757,54.9005],[-78.8412,54.9085],[-78.8378,54.9121],[-78.8334,54.9139],[-78.8297,54.9105],[-78.8225,54.9105],[-78.8087,54.9075],[-78.7847,54.9073],[-78.7827,54.9085],[-78.7844,54.9122],[-78.763,54.9169],[-78.7521,54.9239],[-78.7409,54.9244],[-78.7422,54.9226],[-78.7384,54.9199],[-78.7315,54.9219],[-78.7384,54.9224],[-78.7269,54.9257],[-78.7259,54.9273],[-78.7209,54.9295],[-78.7201,54.9313],[-78.7125,54.935],[-78.7003,54.9354],[-78.6952,54.9337],[-78.6796,54.9349],[-78.6728,54.9382],[-78.6684,54.9382],[-78.6665,54.9406],[-78.6537,54.9454],[-78.6526,54.9481],[-78.6502,54.9467],[-78.6314,54.9491],[-78.6305,54.9497],[-78.6337,54.9518],[-78.6306,54.9544],[-78.6189,54.9556],[-78.6104,54.9599],[-78.5912,54.9656],[-78.5709,54.9815],[-78.5684,54.9823],[-78.5664,54.9815],[-78.5674,54.9834],[-78.5574,54.9869],[-78.5539,54.9893],[-78.5565,54.9895],[-78.5528,54.9914],[-78.5464,54.9924],[-78.5381,54.9904],[-78.5309,54.9913],[-78.5215,54.9958],[-78.513,54.9979],[-78.5081,54.9972],[-78.5053,55.0002],[-78.4958,55.0032],[-78.4874,55.0049],[-78.4746,55.0045],[-78.4637,55.008],[-78.461,55.0101],[-78.4515,55.01],[-78.4383,55.013],[-78.4264,55.0207],[-78.4179,55.0186],[-78.4107,55.0185],[-78.4014,55.0216],[-78.394,55.0218],[-78.3808,55.0265],[-78.3687,55.0286],[-78.3645,55.0316],[-78.3541,55.0319],[-78.3475,55.0344],[-78.3461,55.0361],[-78.3391,55.0367],[-78.3334,55.0395],[-78.3346,55.0408],[-78.3324,55.0414],[-78.3179,55.0423],[-78.3076,55.0491],[-78.3085,55.0504],[-78.3061,55.0527],[-78.3062,55.0542],[-78.3029,55.0557],[-78.2939,55.0557],[-78.2935,55.0574],[-78.287,55.0596],[-78.2816,55.0633],[-78.2825,55.0669],[-78.2733,55.0797],[-78.266,55.0839],[-78.2393,55.0932],[-78.2194,55.1039],[-78.2157,55.1031],[-78.2062,55.1062],[-78.202,55.1105],[-78.2013,55.1161],[-78.1997,55.1193],[-78.1978,55.1204],[-78.1548,55.1361],[-78.1272,55.1497],[-78.1166,55.1521],[-78.1103,55.1549],[-78.1039,55.1538],[-78.0893,55.1592],[-78.084,55.1633],[-78.0768,55.1661],[-78.072,55.1665],[-78.0659,55.1699],[-78.0496,55.1718],[-78.0402,55.1761],[-78.0326,55.1768],[-78.032,55.1802],[-78.0284,55.1799],[-78.0217,55.1831],[-78.0139,55.1897],[-78.0125,55.19],[-78.0107,55.1882],[-78.0081,55.1885],[-77.9911,55.1972],[-77.9718,55.205],[-77.9573,55.2079],[-77.9491,55.2112],[-77.9404,55.2112],[-77.9383,55.212],[-77.9382,55.2133],[-77.9306,55.2163],[-77.9154,55.2183],[-77.909,55.2222],[-77.9088,55.2249],[-77.9027,55.2259],[-77.9006,55.2288],[-77.9022,55.2323],[-77.9005,55.2336],[-77.8838,55.2362],[-77.8761,55.241],[-77.8751,55.2428],[-77.8701,55.2428],[-77.8681,55.2443],[-77.8684,55.2492],[-77.8612,55.2485],[-77.8573,55.2496],[-77.8507,55.2525],[-77.8483,55.2573],[-77.843,55.2584],[-77.8338,55.2549],[-77.8285,55.2588],[-77.7939,55.2694],[-77.7897,55.2696],[-77.771,55.2814],[-77.7634,55.2909],[-77.7636,55.293],[-77.7606,55.2953],[-77.7599,55.2982],[-77.7569,55.3007],[-77.7529,55.3003],[-77.7501,55.3021],[-77.747,55.3068],[-77.7478,55.31],[-77.7469,55.3126],[-77.7349,55.3172],[-77.7357,55.3247],[-77.7271,55.3276],[-77.7262,55.3287],[-77.7275,55.3303],[-77.7258,55.333],[-77.7202,55.3335],[-77.7115,55.3321],[-77.6988,55.3379],[-77.6964,55.3399],[-77.6954,55.3451],[-77.681,55.3491],[-77.6793,55.3509],[-77.6791,55.3542],[-77.6747,55.3581],[-77.6672,55.3611],[-77.6641,55.364],[-77.64,55.378],[-77.6235,55.3859],[-77.6076,55.3856],[-77.6055,55.3868],[-77.598,55.3863],[-77.5914,55.3877],[-77.5866,55.3857],[-77.583,55.3856],[-77.5569,55.3983],[-77.5472,55.4088],[-77.5284,55.4191],[-77.5239,55.4234],[-77.51,55.4294],[-77.4873,55.4441],[-77.4691,55.4568],[-77.4588,55.4679],[-77.4548,55.4705],[-77.4456,55.4733],[-77.434,55.4803],[-77.4298,55.4858],[-77.4118,55.4976],[-77.41,55.5002],[-77.403,55.5027],[-77.3951,55.5037],[-77.3842,55.5118],[-77.3731,55.5139],[-77.3599,55.5213],[-77.3559,55.5248],[-77.3532,55.531],[-77.3381,55.5366],[-77.3367,55.5386],[-77.3368,55.5455],[-77.3322,55.5489],[-77.3245,55.5518],[-77.3019,55.5648],[-77.2782,55.572],[-77.2773,55.5758],[-77.271,55.5799],[-77.2625,55.5831],[-77.2581,55.5816],[-77.2542,55.5828],[-77.2392,55.5924],[-77.2377,55.5979],[-77.2316,55.6046],[-77.2288,55.6058],[-77.2257,55.6108],[-77.2207,55.6121],[-77.217,55.611],[-77.2042,55.6168],[-77.2026,55.6232],[-77.1953,55.6279],[-77.1847,55.6385],[-77.1762,55.644],[-77.1902,55.659],[-77.2023,55.6599],[-77.1977,55.6627],[-77.1977,55.6645],[-77.1953,55.6648],[-77.1984,55.6689],[-77.1981,55.6706],[-77.188,55.6766],[-77.188,55.678],[-77.1913,55.6798],[-77.1746,55.6839],[-77.1716,55.6884],[-77.1659,55.6928],[-77.1526,55.6983],[-77.1487,55.7011],[-77.1485,55.7029],[-77.146,55.7026],[-77.1394,55.7058],[-77.1329,55.7106],[-77.1301,55.7146],[-77.1276,55.715],[-77.12,55.7216],[-77.1186,55.724],[-77.1118,55.7254],[-77.1077,55.7292],[-77.1076,55.7307],[-77.0983,55.738],[-77.0931,55.7446],[-77.0763,55.7537],[-77.0671,55.7635],[-77.0574,55.7653],[-77.0466,55.7739],[-77.0409,55.7811],[-77.0369,55.783],[-77.0354,55.7851],[-77.0117,55.8001],[-77.0039,55.8031],[-76.9996,55.8072],[-76.9975,55.8145],[-76.9946,55.8156],[-76.9949,55.8229],[-76.9791,55.8281],[-76.9703,55.8356],[-76.9587,55.8405],[-76.9616,55.8475],[-76.9582,55.8486],[-76.9534,55.8541],[-76.9501,55.8544],[-76.9455,55.8577],[-76.944,55.8607],[-76.9409,55.8615],[-76.9407,55.8668],[-76.933,55.8722],[-76.9302,55.8711],[-76.9271,55.8718],[-76.9236,55.8746],[-76.9238,55.8776],[-76.9161,55.879],[-76.9072,55.8844],[-76.8964,55.8914],[-76.8941,55.8949],[-76.8862,55.9006],[-76.8852,55.9048],[-76.8841,55.9052],[-76.8847,55.91],[-76.8819,55.9133],[-76.878,55.9148],[-76.8754,55.9235],[-76.8677,55.9229],[-76.8504,55.9261],[-76.8424,55.9261],[-76.8306,55.9298],[-76.8279,55.9345],[-76.8295,55.9358],[-76.8239,55.9415],[-76.8231,55.9493],[-76.8211,55.9497],[-76.8101,55.9591],[-76.8125,55.9614],[-76.8096,55.9639],[-76.8065,55.9737],[-76.8082,55.9821],[-76.799,55.9871],[-76.7986,55.9886],[-76.7996,55.9906],[-76.7986,55.9928],[-76.8003,55.9965],[-76.7991,56.0002],[-76.8014,56.0004],[-76.8007,56.0011],[-76.7765,56.0123],[-76.7639,56.0125],[-76.7356,56.0177],[-76.7276,56.0208],[-76.7191,56.0271],[-76.716,56.0318],[-76.7087,56.0343],[-76.6984,56.0478],[-76.693,56.0503],[-76.69,56.0586],[-76.6874,56.0713],[-76.6864,56.0788],[-76.6882,56.0834],[-76.6875,56.0865],[-76.6848,56.0896],[-76.68,56.0915],[-76.6802,56.0955],[-76.6754,56.1021],[-76.6744,56.1064],[-76.6672,56.1099],[-76.6581,56.1187],[-76.6553,56.1232],[-76.6509,56.126],[-76.6493,56.1387],[-76.6443,56.1463],[-76.6492,56.1538],[-76.6605,56.1626],[-76.6595,56.1652],[-76.6547,56.1683],[-76.6506,56.1729],[-76.6531,56.1826],[-76.6525,56.1879],[-76.6508,56.1895],[-76.6521,56.1914],[-76.6708,56.1939],[-76.6658,56.1951],[-76.6527,56.1944],[-76.6408,56.196],[-76.6267,56.1943],[-76.622,56.197],[-76.6207,56.1998],[-76.6175,56.2001],[-76.6188,56.2083],[-76.6224,56.2096],[-76.6199,56.2108],[-76.6196,56.217],[-76.6224,56.2178],[-76.6238,56.2235],[-76.6266,56.2238],[-76.6255,56.2349],[-76.6268,56.2376],[-76.6248,56.2416],[-76.6182,56.2481],[-76.6138,56.2502],[-76.6142,56.2516],[-76.6057,56.2555],[-76.6038,56.254],[-76.5987,56.2553],[-76.5882,56.2617],[-76.5831,56.2669],[-76.5664,56.2785],[-76.5619,56.2875],[-76.567,56.2913],[-76.5568,56.2942],[-76.5493,56.3016],[-76.5502,56.3054],[-76.5486,56.307],[-76.5499,56.3082],[-76.5477,56.3135],[-76.5518,56.3216],[-76.5485,56.3327],[-76.5517,56.3377],[-76.5492,56.3407],[-76.5593,56.3494],[-76.5559,56.3513],[-76.5521,56.3515],[-76.5453,56.3555],[-76.5427,56.3607],[-76.5435,56.3624],[-76.5389,56.3637],[-76.5386,56.3675],[-76.5356,56.3677],[-76.5343,56.3692],[-76.5311,56.3735],[-76.5315,56.3768],[-76.5298,56.379],[-76.5311,56.3827],[-76.5306,56.3856],[-76.5339,56.3871],[-76.5319,56.3887],[-76.5339,56.3903],[-76.5333,56.3918],[-76.5359,56.3987],[-76.5393,56.4015],[-76.5399,56.4054],[-76.5441,56.4085],[-76.5447,56.4105],[-76.5422,56.4119],[-76.5345,56.412],[-76.5318,56.4142],[-76.5327,56.4153],[-76.5305,56.4186],[-76.5287,56.4193],[-76.5283,56.4225],[-76.5249,56.427],[-76.5256,56.4295],[-76.5312,56.4331],[-76.5274,56.4375],[-76.5275,56.446],[-76.5212,56.449],[-76.5231,56.456],[-76.5213,56.4584],[-76.5236,56.461],[-76.5236,56.4635],[-76.5281,56.467],[-76.5355,56.4697],[-76.5433,56.4703],[-76.5525,56.4758],[-76.5504,56.496],[-76.5529,56.5002],[-76.5516,56.5014],[-76.5477,56.5012],[-76.5467,56.5052],[-76.5491,56.5105],[-76.5512,56.5105],[-76.5539,56.5131],[-76.5524,56.5137],[-76.5537,56.5142],[-76.5534,56.5162],[-76.5559,56.5177],[-76.5551,56.5192],[-76.5528,56.5193],[-76.5525,56.5219],[-76.5504,56.523],[-76.5527,56.5236],[-76.5436,56.5279],[-76.5409,56.5322],[-76.5454,56.5424],[-76.5502,56.5485],[-76.5532,56.549],[-76.5583,56.5556],[-76.556,56.5591],[-76.5501,56.5621],[-76.5456,56.5661],[-76.5451,56.5719],[-76.5403,56.5842],[-76.5392,56.5928],[-76.5365,56.5975],[-76.5412,56.601],[-76.5503,56.6029],[-76.5484,56.6164],[-76.5453,56.6239],[-76.5483,56.6274],[-76.5341,56.6379],[-76.5318,56.6421],[-76.5328,56.6479],[-76.535,56.652],[-76.5418,56.6591],[-76.5422,56.6647],[-76.5405,56.6694],[-76.5415,56.6726],[-76.5405,56.6782],[-76.537,56.6893],[-76.5379,56.6954],[-76.5368,56.7116],[-76.5395,56.7222],[-76.5387,56.7255],[-76.5361,56.728],[-76.539,56.7315],[-76.539,56.741],[-76.5341,56.7542],[-76.5358,56.7615],[-76.5392,56.7668],[-76.5377,56.7886],[-76.5345,56.7972],[-76.5355,56.806],[-76.5346,56.808],[-76.5361,56.8103],[-76.5346,56.817],[-76.5361,56.8226],[-76.535,56.8246],[-76.5381,56.8288],[-76.5384,56.8329],[-76.5434,56.84],[-76.5426,56.8479],[-76.5452,56.8513],[-76.5446,56.8526],[-76.5468,56.8565],[-76.5434,56.8585],[-76.5437,56.8615],[-76.5502,56.8874],[-76.5527,56.8916],[-76.5525,56.8992],[-76.5583,56.903],[-76.5632,56.9089],[-76.5638,56.9119],[-76.5607,56.92],[-76.5641,56.9233],[-76.5689,56.9242],[-76.5682,56.929],[-76.5694,56.9308],[-76.5684,56.9338],[-76.5713,56.9406],[-76.568,56.951],[-76.5691,56.9559],[-76.5675,56.9591],[-76.5675,56.9633],[-76.5699,56.9676],[-76.5683,56.9718],[-76.5703,56.9766],[-76.5649,56.985],[-76.5665,56.9894],[-76.5618,56.9913],[-76.5671,56.9968],[-76.5637,56.9999],[-76.5642,57.0048],[-76.5709,57.0109],[-76.5706,57.0133],[-76.5733,57.015],[-76.5726,57.019],[-76.5769,57.0248],[-76.5755,57.0295],[-76.5717,57.0353],[-76.574,57.0402],[-76.5733,57.0438],[-76.5751,57.0459],[-76.5741,57.0472],[-76.5761,57.0488],[-76.5744,57.0519],[-76.5745,57.0584],[-76.567,57.0586],[-76.5625,57.0639],[-76.5618,57.0698],[-76.567,57.086],[-76.5662,57.0911],[-76.562,57.0952],[-76.5667,57.1024],[-76.5663,57.1048],[-76.5816,57.1292],[-76.5837,57.1409],[-76.5865,57.1462],[-76.5928,57.1779],[-76.5924,57.184],[-76.5875,57.1891],[-76.5929,57.1933],[-76.5962,57.1986],[-76.5985,57.2099],[-76.6039,57.2158],[-76.6041,57.2199],[-76.6065,57.2231],[-76.6066,57.2287],[-76.6114,57.2312],[-76.6164,57.2371],[-76.6172,57.24],[-76.6162,57.2449],[-76.6206,57.2502],[-76.6176,57.2535],[-76.6179,57.258],[-76.6221,57.2645],[-76.623,57.2685],[-76.622,57.2726],[-76.6242,57.2768],[-76.6254,57.2873],[-76.6321,57.2956],[-76.6392,57.3],[-76.6343,57.3063],[-76.6364,57.3102],[-76.6384,57.3105],[-76.6365,57.3133],[-76.6428,57.3178],[-76.6467,57.3252],[-76.6502,57.3265],[-76.6566,57.3338],[-76.6674,57.34],[-76.6613,57.3414],[-76.6573,57.3444],[-76.6579,57.3481],[-76.6617,57.3516],[-76.6652,57.3526],[-76.6593,57.357],[-76.6575,57.3617],[-76.6597,57.3623],[-76.6599,57.3656],[-76.6624,57.37],[-76.6683,57.3722],[-76.6707,57.3763],[-76.6796,57.3801],[-76.6804,57.382],[-76.6878,57.3863],[-76.6866,57.3886],[-76.6833,57.388],[-76.6772,57.3903],[-76.6786,57.3928],[-76.6754,57.3976],[-76.6757,57.3996],[-76.6892,57.4068],[-76.694,57.4062],[-76.6977,57.4076],[-76.6974,57.4116],[-76.7002,57.4127],[-76.6989,57.4137],[-76.7004,57.414],[-76.699,57.4159],[-76.7003,57.4173],[-76.7007,57.4196],[-76.6995,57.4212],[-76.7005,57.4225],[-76.6989,57.4235],[-76.7048,57.4263],[-76.701,57.4326],[-76.7005,57.4368],[-76.7107,57.4382],[-76.7127,57.4433],[-76.7157,57.4467],[-76.7219,57.4486],[-76.7304,57.449],[-76.7603,57.4611],[-76.7585,57.4618],[-76.7592,57.463],[-76.7581,57.4637],[-76.7605,57.4661],[-76.7629,57.4786],[-76.77,57.4848],[-76.7696,57.4886],[-76.7772,57.4935],[-76.777,57.4953],[-76.7806,57.501],[-76.7779,57.5024],[-76.7781,57.5058],[-76.7736,57.5093],[-76.7739,57.5114],[-76.7793,57.5154],[-76.7792,57.517],[-76.782,57.5207],[-76.7872,57.5241],[-76.7877,57.5282],[-76.7944,57.5307],[-76.7955,57.5328],[-76.7912,57.5355],[-76.7912,57.5366],[-76.8039,57.5465],[-76.8043,57.5504],[-76.8098,57.5542],[-76.8122,57.56],[-76.8208,57.5632],[-76.8238,57.5656],[-76.8249,57.5687],[-76.8226,57.5718],[-76.8223,57.5744],[-76.8257,57.5762],[-76.8271,57.5821],[-76.8308,57.5834],[-76.8361,57.5902],[-76.8396,57.5922],[-76.8419,57.5985],[-76.8452,57.5993],[-76.8454,57.6038],[-76.8494,57.6056],[-76.8494,57.6099],[-76.8525,57.6146],[-76.8567,57.6155],[-76.862,57.6239],[-76.8663,57.6258],[-76.8668,57.6273],[-76.8646,57.6286],[-76.8602,57.6288],[-76.8554,57.6308],[-76.8479,57.6305],[-76.8443,57.6323],[-76.8411,57.6367],[-76.8408,57.6403],[-76.8446,57.6458],[-76.8441,57.65],[-76.8469,57.6519],[-76.8536,57.6522],[-76.8549,57.6571],[-76.8598,57.6608],[-76.8658,57.6757],[-76.8657,57.6846],[-76.8727,57.6868],[-76.8724,57.689],[-76.874,57.6912],[-76.8856,57.6943],[-76.8842,57.6976],[-76.8925,57.7024],[-76.8913,57.7065],[-76.8956,57.7076],[-76.8931,57.7102],[-76.8931,57.7161],[-76.8963,57.7192],[-76.9012,57.7209],[-76.9018,57.7224],[-76.9001,57.7233],[-76.8999,57.7253],[-76.9039,57.7269],[-76.9038,57.7288],[-76.9107,57.7321],[-76.9074,57.7337],[-76.9079,57.7364],[-76.9147,57.7393],[-76.9166,57.744],[-76.9214,57.7458],[-76.921,57.7479],[-76.9192,57.7486],[-76.9194,57.7516],[-76.9223,57.7526],[-76.9234,57.7561],[-76.9261,57.7565],[-76.9275,57.7592],[-76.949,57.7669],[-76.948,57.7694],[-76.9462,57.77],[-76.9473,57.7724],[-76.9532,57.7735],[-76.9563,57.7784],[-76.9606,57.7794],[-76.9621,57.7817],[-76.9616,57.784],[-76.9638,57.7849],[-76.964,57.7871],[-76.9668,57.791],[-76.9714,57.7925],[-76.9766,57.7972],[-76.9771,57.7992],[-76.9793,57.7999],[-76.9769,57.8002],[-76.9768,57.8016],[-76.9809,57.8061],[-76.9842,57.8072],[-76.9859,57.8108],[-76.9847,57.8116],[-76.9853,57.8134],[-76.9885,57.8148],[-76.9938,57.8143],[-76.9961,57.8164],[-77.0046,57.8332],[-77.004,57.8367],[-77.0118,57.8472],[-77.0242,57.8502],[-77.0352,57.8552],[-77.0398,57.8598],[-77.0406,57.8622],[-77.0452,57.8637],[-77.0504,57.8674],[-77.0492,57.8697],[-77.0558,57.8781],[-77.0463,57.8872],[-77.0495,57.8906],[-77.0491,57.8928],[-77.0534,57.8949],[-77.057,57.8951],[-77.0617,57.8936],[-77.0642,57.8955],[-77.0713,57.8976],[-77.074,57.8969],[-77.0768,57.9011],[-77.0806,57.9024],[-77.082,57.9038],[-77.0838,57.9135],[-77.0857,57.9159],[-77.0902,57.9156],[-77.0925,57.92],[-77.0904,57.9224],[-77.0937,57.9251],[-77.0875,57.9271],[-77.0898,57.9299],[-77.1239,57.944],[-77.1323,57.9462],[-77.1437,57.9545],[-77.1504,57.9561],[-77.1554,57.9621],[-77.1596,57.9619],[-77.1622,57.9631],[-77.1584,57.9657],[-77.1599,57.9678],[-77.1706,57.9744],[-77.1718,57.9772],[-77.1741,57.9779],[-77.1739,57.9931],[-77.1854,57.9964],[-77.1906,58.0003],[-77.2,58.0008],[-77.2078,58.0111],[-77.2111,58.0096],[-77.2164,58.01],[-77.2178,58.0086],[-77.226,58.0076],[-77.2331,58.0076],[-77.2367,58.0089],[-77.2312,58.0123],[-77.2395,58.0138],[-77.2413,58.0151],[-77.2402,58.0174],[-77.2267,58.02],[-77.2133,58.0191],[-77.2231,58.0273],[-77.2274,58.0271],[-77.2369,58.0301],[-77.2477,58.0399],[-77.2541,58.0425],[-77.2554,58.0468],[-77.26,58.0504],[-77.2705,58.0509],[-77.2922,58.0561],[-77.2961,58.0681],[-77.3048,58.07],[-77.3121,58.0753],[-77.3222,58.0764],[-77.3231,58.0776],[-77.3223,58.0796],[-77.3344,58.082],[-77.3422,58.0873],[-77.3566,58.0899],[-77.3606,58.0883],[-77.3672,58.0887],[-77.3741,58.0934],[-77.3934,58.0973],[-77.3975,58.1033],[-77.3954,58.1075],[-77.399,58.1147],[-77.4011,58.1154],[-77.3991,58.117],[-77.3997,58.1186],[-77.4045,58.1205],[-77.4045,58.1228],[-77.4083,58.1252],[-77.408,58.127],[-77.4095,58.1288],[-77.4141,58.1298],[-77.4156,58.1315],[-77.4292,58.1322],[-77.4336,58.1369],[-77.4411,58.1409],[-77.4476,58.1411],[-77.4483,58.139],[-77.4505,58.1391],[-77.4624,58.1441],[-77.4693,58.1442],[-77.4706,58.1433],[-77.4772,58.1448],[-77.478,58.1464],[-77.4828,58.1483],[-77.4918,58.1489],[-77.4972,58.1518],[-77.4977,58.1532],[-77.501,58.1533],[-77.5097,58.1589],[-77.5226,58.159],[-77.5274,58.1607],[-77.5287,58.1624],[-77.5263,58.1618],[-77.5226,58.1633],[-77.5612,58.2102],[-77.5671,58.2106],[-77.5734,58.2137],[-77.5764,58.2169],[-77.5875,58.2201],[-77.5909,58.2199],[-77.595,58.2221],[-77.5931,58.2244],[-77.5789,58.2219],[-77.5712,58.2231],[-77.5725,58.2243],[-77.5873,58.226],[-77.5868,58.2275],[-77.5891,58.2301],[-77.5972,58.2287],[-77.5973,58.23],[-77.6003,58.2308],[-77.6045,58.2303],[-77.6126,58.235],[-77.6193,58.2349],[-77.6193,58.233],[-77.6207,58.2343],[-77.6431,58.2366],[-77.6441,58.2376],[-77.6429,58.2382],[-77.6262,58.2368],[-77.6178,58.238],[-77.6302,58.2444],[-77.6376,58.2534],[-77.6517,58.2571],[-77.6502,58.264],[-77.6626,58.2672],[-77.6638,58.2686],[-77.6682,58.269],[-77.6718,58.2672],[-77.6771,58.2714],[-77.6825,58.2732],[-77.6963,58.2721],[-77.6996,58.2742],[-77.7068,58.2759],[-77.721,58.2746],[-77.738,58.2812],[-77.7484,58.2809],[-77.7493,58.2832],[-77.7578,58.2862],[-77.7693,58.2867],[-77.7723,58.2933],[-77.7779,58.2966],[-77.782,58.2963],[-77.8036,58.301],[-77.8056,58.3023],[-77.8058,58.3045],[-77.8101,58.3068],[-77.8311,58.3088],[-77.8419,58.3126],[-77.843,58.3139],[-77.8421,58.3157],[-77.8464,58.3143],[-77.8547,58.3163],[-77.8559,58.3191],[-77.8609,58.3205],[-77.8676,58.3191],[-77.8801,58.3237],[-77.8834,58.3238],[-77.8853,58.322],[-77.8903,58.3252],[-77.9007,58.3273],[-77.9034,58.33],[-77.906,58.3291],[-77.9068,58.3295],[-77.9056,58.3308],[-77.9103,58.3328],[-77.909,58.3343],[-77.9103,58.3352],[-77.9085,58.3361],[-77.9099,58.3383],[-77.9323,58.3391],[-77.9441,58.3375],[-77.959,58.3404],[-77.9639,58.34],[-77.9671,58.3441],[-77.9779,58.3441],[-77.9817,58.3472],[-77.9889,58.3476],[-77.9904,58.3485],[-77.9907,58.3518],[-78.0,58.3528],[-78.004,58.3559],[-78.025,58.3617],[-78.0351,58.3671],[-78.0752,58.367],[-78.0838,58.3691],[-78.0906,58.3675],[-78.0946,58.3697],[-78.0949,58.3717],[-78.1029,58.3726],[-78.1061,58.3757],[-78.1145,58.3757],[-78.136,58.3799],[-78.1434,58.3793],[-78.145,58.3809],[-78.1427,58.3834],[-78.1521,58.3853],[-78.1531,58.3871],[-78.1576,58.3878],[-78.1653,58.3932],[-78.1697,58.3933],[-78.1737,58.3952],[-78.1811,58.3944],[-78.1857,58.3994],[-78.1938,58.3989],[-78.1967,58.4008],[-78.2038,58.4015],[-78.2068,58.4037],[-78.2094,58.4112],[-78.213,58.4114],[-78.2099,58.4126],[-78.2203,58.4392],[-78.2318,58.4414],[-78.2395,58.447],[-78.2431,58.4483],[-78.2457,58.4478],[-78.2467,58.4492],[-78.2429,58.4497],[-78.2461,58.4512],[-78.2434,58.4517],[-78.2547,58.4571],[-78.2537,58.4586],[-78.2351,58.4571],[-78.2262,58.4543],[-78.2403,58.4942],[-78.2541,58.4977],[-78.2623,58.4977],[-78.2649,58.4958],[-78.2648,58.4975],[-78.2612,58.5002],[-78.268,58.5024],[-78.2693,58.5012],[-78.2842,58.5016],[-78.2771,58.5051],[-78.2913,58.509],[-78.2953,58.5114],[-78.3029,58.5112],[-78.3078,58.5126],[-78.3657,58.5317],[-78.3838,58.5336],[-78.3972,58.5397],[-78.4036,58.5389],[-78.4069,58.5405],[-78.4126,58.5397],[-78.4129,58.5409],[-78.4166,58.5416],[-78.4263,58.5412],[-78.4274,58.5429],[-78.4256,58.5452],[-78.4269,58.5469],[-78.4406,58.5487],[-78.4426,58.5519],[-78.4457,58.5538],[-78.4472,58.5576],[-78.4542,58.5607],[-78.4543,58.5621],[-78.4603,58.5634],[-78.4588,58.5671],[-78.4602,58.5683],[-78.4636,58.5688],[-78.4647,58.5707],[-78.469,58.5727],[-78.48,58.5742],[-78.4818,58.5767],[-78.4818,58.589],[-78.4829,58.5902],[-78.4784,58.5942],[-78.4771,58.5994],[-78.4784,58.6023],[-78.4776,58.6043],[-78.4811,58.6103],[-78.4857,58.6133],[-78.4879,58.6178],[-78.508,58.624],[-78.5059,58.6282],[-78.5064,58.6299],[-78.5208,58.6349],[-78.5225,58.6371],[-78.5406,58.6409],[-78.5416,58.6422],[-78.5528,58.6437],[-78.5586,58.6417],[-78.5683,58.6424],[-78.5688,58.6439],[-78.5762,58.6445],[-78.5832,58.6436],[-78.5867,58.6489],[-78.5896,58.6485],[-78.5933,58.6503],[-78.594,58.6531],[-78.5883,58.6535],[-78.5917,58.6686],[-78.5938,58.6692],[-78.5941,58.6737],[-78.5977,58.675],[-78.5978,58.6765],[-78.5547,58.6925],[-78.5532,58.6978],[-78.5601,58.6983],[-78.5597,58.7004],[-78.5571,58.7006],[-78.5603,58.7032],[-78.5585,58.7047],[-78.5555,58.7045],[-78.5532,58.7027],[-78.5538,58.701],[-78.5526,58.7],[-78.5433,58.73],[-78.5458,58.7313],[-78.5466,58.7335],[-78.5454,58.7356],[-78.5416,58.7355],[-78.5392,58.743],[-78.5414,58.747],[-78.538,58.7502],[-78.5472,58.7543],[-78.5597,58.7561],[-78.5634,58.7582],[-78.5637,58.7607],[-78.5759,58.7664],[-78.5794,58.7664],[-78.5795,58.7679],[-78.5827,58.7696],[-78.5862,58.7744],[-78.5844,58.7757],[-78.5863,58.7787],[-78.5909,58.78],[-78.5929,58.7829],[-78.5961,58.7839],[-78.5983,58.7889],[-78.6024,58.7921],[-78.6019,58.7956],[-78.5978,58.7983],[-78.6084,58.7946],[-78.615,58.7961],[-78.6147,58.7976],[-78.6134,58.7978],[-78.6159,58.7993],[-78.6157,58.8004],[-78.6294,58.8063],[-78.6292,58.8089],[-78.6258,58.8087],[-78.6243,58.8103],[-78.6312,58.8126],[-78.6274,58.8155],[-78.6234,58.8137],[-78.6144,58.8131],[-78.6119,58.8111],[-78.6089,58.8121],[-78.6039,58.811],[-78.5977,58.8142],[-78.5857,58.8116],[-78.583,58.815],[-78.5861,58.8172],[-78.5822,58.8201],[-78.5844,58.8249],[-78.5808,58.8247],[-78.5781,58.8201],[-78.5751,58.8236],[-78.5791,58.824],[-78.5798,58.828],[-78.5767,58.8291],[-78.572,58.8274],[-78.5603,58.8402],[-78.5632,58.842],[-78.5569,58.8436],[-78.5581,58.846],[-78.5561,58.848],[-78.5577,58.8494],[-78.557,58.8515],[-78.5617,58.8541],[-78.5601,58.8573],[-78.5658,58.8664],[-78.5646,58.8706],[-78.5675,58.872],[-78.5717,58.8775],[-78.5707,58.8785],[-78.5719,58.8801],[-78.5705,58.8925],[-78.5746,58.8969],[-78.5804,58.8985],[-78.5806,58.9033],[-78.5842,58.9053],[-78.5831,58.9065],[-78.5797,58.9065],[-78.581,58.9105],[-78.5792,58.9122],[-78.5801,58.9147],[-78.5762,58.9197],[-78.5681,58.9226],[-78.5511,58.9321],[-78.5511,58.9331],[-78.5482,58.9327],[-78.5426,58.9376],[-78.5422,58.942],[-78.5466,58.9442],[-78.5479,58.947],[-78.5549,58.9488],[-78.5415,58.9505],[-78.5375,58.9529],[-78.5337,58.9517],[-78.5261,58.952],[-78.3573,59.0316],[-78.3551,59.033],[-78.3548,59.0346],[-78.3512,59.034],[-78.3435,59.0374],[-78.343,59.0397],[-78.3336,59.042],[-78.3127,59.0516],[-78.3119,59.0533],[-78.2988,59.0556],[-78.3038,59.0566],[-78.2989,59.0566],[-78.2973,59.0579],[-78.2984,59.0605],[-78.2961,59.0636],[-78.2468,59.1163],[-78.2513,59.1176],[-78.2502,59.1161],[-78.2507,59.1144],[-78.2537,59.118],[-78.2521,59.12],[-78.2573,59.1209],[-78.2503,59.1213],[-78.2495,59.1251],[-78.2458,59.1249],[-78.2445,59.1261],[-78.2416,59.1231],[-78.2429,59.1221],[-78.2405,59.1218],[-78.1993,59.1579],[-78.1958,59.1584],[-78.1917,59.164],[-78.1924,59.1656],[-78.1959,59.1648],[-78.1961,59.1666],[-78.1909,59.1681],[-78.1867,59.1679],[-78.1845,59.1696],[-78.1904,59.1698],[-78.1957,59.1716],[-78.1896,59.1761],[-78.192,59.1782],[-78.1917,59.1792],[-78.1825,59.18],[-78.1791,59.1779],[-78.1821,59.1759],[-78.1782,59.1748],[-78.1654,59.186],[-78.1707,59.1861],[-78.168,59.1913],[-78.1689,59.1924],[-78.1901,59.1941],[-78.1657,59.1944],[-78.1585,59.1918],[-78.155,59.1945],[-78.1519,59.1951],[-78.152,59.1983],[-78.1494,59.1999],[-78.1503,59.2013],[-78.1463,59.2044],[-78.1467,59.2064],[-78.1429,59.2183],[-78.1122,59.2196],[-78.1142,59.2202],[-78.1058,59.2216],[-78.1032,59.2208],[-78.1036,59.2199],[-78.0851,59.2214],[-78.0793,59.2262],[-78.0562,59.2298],[-78.0232,59.2448],[-78.0172,59.2503],[-77.9969,59.2594],[-78.002,59.2601],[-78.0056,59.2589],[-78.0066,59.2608],[-78.0033,59.2625],[-77.9943,59.2608],[-77.9891,59.2622],[-77.9887,59.2661],[-77.9942,59.2662],[-77.9954,59.2685],[-77.988,59.2673],[-77.9872,59.2707],[-77.9912,59.2725],[-77.9866,59.2723],[-77.9855,59.2752],[-77.9892,59.2761],[-77.9856,59.2759],[-77.9845,59.2788],[-77.9861,59.2793],[-77.9843,59.2801],[-77.9503,59.4035],[-77.9526,59.4055],[-77.9527,59.4103],[-77.9481,59.4108],[-77.9458,59.4125],[-77.9467,59.4143],[-77.9382,59.4336],[-77.9407,59.4369],[-77.9158,59.481],[-77.9093,59.486],[-77.9094,59.4902],[-77.9052,59.501],[-77.9018,59.5018],[-77.9087,59.507],[-77.8949,59.5069],[-77.8919,59.5087],[-77.8917,59.5101],[-77.8821,59.5121],[-77.8832,59.5163],[-77.8695,59.5188],[-77.8648,59.5292],[-77.8699,59.5344],[-77.8461,59.5523],[-77.8521,59.5709],[-77.8473,59.5758],[-77.8406,59.5801],[-77.8379,59.5867],[-77.8353,59.5886],[-77.8348,59.6012],[-77.8429,59.6118],[-77.866,59.6177],[-77.8767,59.6219],[-77.8791,59.6245],[-77.8781,59.6358],[-77.8705,59.6412],[-77.8666,59.6421],[-77.8618,59.6466],[-77.8637,59.6512],[-77.8557,59.6555],[-77.8577,59.6593],[-77.8563,59.6623],[-77.8631,59.6701],[-77.8642,59.679],[-77.8614,59.6814],[-77.8599,59.693],[-77.8498,59.7057],[-77.8536,59.7189],[-77.8476,59.7263],[-77.8068,59.7458],[-77.7905,59.7505],[-77.7687,59.7596],[-77.753,59.7629],[-77.7273,59.7634],[-77.5877,59.7558],[-77.5762,59.7574],[-77.5665,59.756],[-77.5567,59.7571],[-77.5451,59.7564],[-77.5097,59.7754],[-77.4945,59.7765],[-77.4763,59.7869],[-77.476,59.7894],[-77.4685,59.7946],[-77.4763,59.7991],[-77.4723,59.8677],[-77.4736,59.8702],[-77.4714,59.87],[-77.4692,59.9106],[-77.4667,59.9112],[-77.4663,59.913],[-77.4673,59.9181],[-77.5609,60.0003],[-77.6116,60.0432],[-77.6194,60.0474],[-77.619,60.0494],[-77.6247,60.0533],[-77.6237,60.0537],[-77.6358,60.0575],[-77.6487,60.0637],[-77.662,60.065],[-77.6701,60.0633],[-77.674,60.0657],[-77.6676,60.067],[-77.6653,60.0693],[-77.6568,60.0709],[-77.6467,60.0702],[-77.6403,60.0725],[-77.6436,60.0737],[-77.6434,60.0757],[-77.6384,60.0757],[-77.635,60.0742],[-77.6293,60.0763],[-77.6271,60.0781],[-77.6286,60.0825],[-77.6163,60.0939],[-77.6124,60.0945],[-77.6076,60.0974],[-77.6073,60.0997],[-77.6135,60.1028],[-77.6142,60.1092],[-77.6161,60.1101],[-77.6143,60.1125],[-77.6152,60.1142],[-77.6175,60.1153],[-77.6235,60.1147],[-77.6255,60.116],[-77.6226,60.1157],[-77.622,60.1162],[-77.6249,60.1174],[-77.6226,60.1178],[-77.6129,60.1152],[-77.5718,60.187],[-77.5694,60.1885],[-77.5726,60.1947],[-77.5715,60.1974],[-77.58,60.1997],[-77.5792,60.2008],[-77.6077,60.2271],[-77.6135,60.229],[-77.6105,60.23],[-77.6131,60.2325],[-77.6166,60.2315],[-77.6173,60.2339],[-77.6153,60.2344],[-77.6354,60.2533],[-77.6328,60.2568],[-77.635,60.2589],[-77.6328,60.2612],[-77.6339,60.2677],[-77.6161,60.2716],[-77.6156,60.2766],[-77.6126,60.283],[-77.6078,60.2863],[-77.607,60.291],[-77.6144,60.2949],[-77.6153,60.2986],[-77.619,60.3014],[-77.6329,60.3075],[-77.6343,60.3098],[-77.6337,60.3115],[-77.6356,60.3135],[-77.6464,60.3163],[-77.6447,60.3237],[-77.6547,60.3315],[-77.6613,60.3299],[-77.6666,60.331],[-77.6683,60.3318],[-77.6667,60.3326],[-77.6665,60.3344],[-77.6739,60.3404],[-77.6858,60.3469],[-77.7067,60.3515],[-77.7125,60.3541],[-77.7141,60.3571],[-77.7251,60.3659],[-77.7372,60.3693],[-77.7409,60.372],[-77.7539,60.3742],[-77.7545,60.3756],[-77.7528,60.3759],[-77.7433,60.3742],[-77.7502,60.3811],[-77.7577,60.3856],[-77.7649,60.3873],[-77.7758,60.386],[-77.7762,60.3881],[-77.7743,60.3888],[-77.7749,60.3931],[-77.7717,60.3996],[-77.7734,60.4053],[-77.7623,60.4076],[-77.7635,60.416],[-77.7569,60.4186],[-77.7531,60.422],[-77.7607,60.4278],[-77.7631,60.4335],[-77.7542,60.4389],[-77.7399,60.4446],[-77.7373,60.4482],[-77.7382,60.4526],[-77.7439,60.455],[-77.7499,60.4605],[-77.7638,60.4647],[-77.7652,60.4683],[-77.7626,60.4691],[-77.762,60.4723],[-77.7661,60.4728],[-77.8751,60.5581],[-77.8954,60.5691],[-77.9015,60.5679],[-77.9051,60.5697],[-77.908,60.5886],[-77.9073,60.5911],[-77.9109,60.5946],[-77.909,60.5958],[-77.908,60.5995],[-77.9121,60.6029],[-77.9074,60.6049],[-77.8924,60.6073],[-77.846,60.6422],[-77.843,60.6479],[-77.8428,60.6525],[-77.8448,60.6548],[-77.8446,60.66],[-78.076,60.7915],[-78.0858,60.7914],[-78.1363,60.7969],[-78.1599,60.7942],[-78.1649,60.7921],[-78.1805,60.7919],[-78.1851,60.7899],[-78.1833,60.7876],[-78.1895,60.7843],[-78.2205,60.7784],[-78.2218,60.7811],[-78.2264,60.783],[-78.2253,60.7868],[-78.2278,60.7886],[-78.224,60.8078],[-78.2258,60.8105],[-78.2213,60.8161],[-78.2114,60.8198],[-78.2116,60.822],[-78.2166,60.8231],[-78.2052,60.8276],[-78.2049,60.8295],[-78.2079,60.8308],[-78.2062,60.8321],[-78.2074,60.8337],[-78.2036,60.8344],[-78.2045,60.8353],[-78.2016,60.8388],[-78.1915,60.8416],[-78.1896,60.8431],[-78.1911,60.8446],[-78.1886,60.8447],[-78.1892,60.8474],[-78.1994,60.8501],[-78.2004,60.8518],[-78.194,60.8554],[-78.1951,60.8574],[-78.193,60.8591],[-78.167,60.8682],[-78.1673,60.8692],[-78.1658,60.8698],[-78.1585,60.8712],[-78.1531,60.8754],[-78.1466,60.876],[-78.1453,60.8786],[-78.1417,60.8801],[-78.1428,60.8825],[-78.141,60.8854],[-78.1424,60.8925],[-78.1383,60.897],[-78.1201,60.9004],[-78.1197,60.9027],[-78.1169,60.9029],[-78.1176,60.9063],[-78.1155,60.9074],[-78.118,60.9088],[-78.1143,60.9115],[-78.1138,60.918],[-78.1085,60.9177],[-78.1043,60.9194],[-78.098,60.9297],[-78.0829,60.9307],[-78.0765,60.9341],[-78.0722,60.9381],[-78.0582,60.9373],[-78.0462,60.9412],[-78.0392,60.9466],[-78.0314,60.95],[-78.0283,60.9552],[-78.0301,60.9561],[-78.0293,60.957],[-78.0346,60.9586],[-78.0326,60.9636],[-78.0253,60.9728],[-77.9932,60.9826],[-77.9899,60.988],[-77.9922,60.9903],[-77.9878,60.9939],[-77.9787,60.9954],[-77.9736,60.9986],[-77.9669,61.0085],[-77.9606,61.011],[-77.9543,61.0091],[-77.9449,61.0119],[-77.9436,61.0132],[-77.9453,61.0151],[-77.9286,61.0267],[-77.9256,61.0269],[-77.9153,61.0346],[-77.9136,61.0413],[-77.9063,61.0391],[-77.8931,61.0402],[-77.8919,61.0433],[-77.8856,61.0421],[-77.8748,61.0458],[-77.8743,61.047],[-77.8757,61.0478],[-77.8721,61.0491],[-77.8703,61.0535],[-77.8676,61.0549],[-77.843,61.0535],[-77.841,61.0538],[-77.8396,61.0557],[-77.8314,61.0578],[-77.832,61.0612],[-77.8274,61.064],[-77.8267,61.0677],[-77.8275,61.0733],[-77.8323,61.076],[-77.8307,61.0784],[-77.8327,61.083],[-77.8264,61.0894],[-77.8253,61.0911],[-77.8274,61.0941],[-77.8245,61.0944],[-77.8182,61.1047],[-77.82,61.1118],[-77.8264,61.112],[-77.8256,61.1138],[-77.8278,61.1179],[-77.8264,61.1201],[-77.8271,61.1224],[-77.8255,61.124],[-77.8279,61.1271],[-77.8276,61.1284],[-77.8202,61.1334],[-77.8202,61.1344],[-77.8221,61.1342],[-77.8206,61.1349],[-77.8215,61.1366],[-77.8193,61.1374],[-77.8238,61.1397],[-77.8259,61.1428],[-77.8253,61.1464],[-77.8212,61.149],[-77.81,61.1498],[-77.8051,61.1527],[-77.8044,61.1562],[-77.8059,61.1582],[-77.7991,61.1636],[-77.7907,61.1668],[-77.791,61.1704],[-77.7885,61.1759],[-77.7932,61.2406],[-77.756,61.2483],[-77.7549,61.2503],[-77.7558,61.252],[-77.7436,61.259],[-77.7485,61.2661],[-77.7557,61.2671],[-77.7597,61.2718],[-77.7667,61.2738],[-77.7732,61.2792],[-77.774,61.2822],[-77.7701,61.2838],[-77.769,61.2871],[-77.7624,61.2907],[-77.7635,61.2948],[-77.7618,61.296],[-77.7627,61.2985],[-77.7615,61.3032],[-77.7719,61.3072],[-77.7764,61.3073],[-77.7721,61.3091],[-77.7727,61.3116],[-77.7789,61.3133],[-77.7836,61.3177],[-77.7835,61.3192],[-77.7798,61.3191],[-77.7779,61.3224],[-77.7753,61.3235],[-77.7757,61.3254],[-77.7781,61.3261],[-77.7749,61.3283],[-77.7788,61.3308],[-77.7744,61.3328],[-77.7735,61.3347],[-77.7773,61.3421],[-77.7798,61.3531],[-77.7847,61.3651],[-77.7863,61.3656],[-77.7853,61.3661],[-77.789,61.3767],[-77.7889,61.3779],[-77.7831,61.3813],[-77.7907,61.3854],[-77.7869,61.3859],[-77.7879,61.3893],[-77.7852,61.3946],[-77.7871,61.3976],[-77.7941,61.4015],[-77.7942,61.4051],[-77.7965,61.4063],[-77.7982,61.4124],[-77.7982,61.4181],[-77.8037,61.4211],[-77.809,61.4212],[-77.8084,61.4239],[-77.8052,61.4255],[-77.8155,61.4299],[-77.815,61.4324],[-77.8165,61.4338],[-77.8138,61.4354],[-77.8197,61.4425],[-77.8157,61.445],[-77.8172,61.4492],[-77.8122,61.4517],[-77.8157,61.4578],[-77.8123,61.4596],[-77.8136,61.4607],[-77.8124,61.463],[-77.8086,61.4634],[-77.8065,61.4664],[-77.8228,61.5004],[-77.8875,61.6237],[-77.8916,61.6272],[-77.8925,61.6305],[-77.8878,61.6348],[-77.8926,61.6398],[-77.9297,61.6433],[-77.9309,61.6511],[-77.9419,61.6563],[-77.9399,61.6601],[-77.9414,61.6631],[-77.9496,61.6648],[-77.965,61.6644],[-77.9628,61.6674],[-77.964,61.6708],[-77.9806,61.6745],[-77.9808,61.6754],[-77.9776,61.6767],[-77.9779,61.6777],[-77.9918,61.682],[-77.9907,61.6867],[-77.993,61.6901],[-78.0003,61.6923],[-78.0058,61.6989],[-78.0107,61.7011],[-78.0103,61.7056],[-78.0176,61.7072],[-78.0158,61.7101],[-78.0127,61.7115],[-78.0275,61.7235],[-78.0277,61.7251],[-78.025,61.7294],[-78.0281,61.7325],[-78.0293,61.7363],[-78.0276,61.7428],[-78.0301,61.7534],[-78.0295,61.7612],[-78.0314,61.7644],[-78.0373,61.7695],[-78.0361,61.7763],[-78.0384,61.7799],[-78.0375,61.7826],[-78.0533,61.7917],[-78.0543,61.7973],[-78.0511,61.802],[-78.0587,61.8098],[-78.0585,61.8139],[-78.0612,61.8182],[-78.0577,61.8252],[-78.0582,61.8276],[-78.0647,61.835],[-78.0769,61.8422],[-78.0788,61.8444],[-78.0786,61.8461],[-78.0852,61.8495],[-78.0908,61.8547],[-78.0995,61.8566],[-78.1007,61.858],[-78.1002,61.8632],[-78.1041,61.8673],[-78.0972,61.8712],[-78.0968,61.8736],[-78.1024,61.8832],[-78.1062,61.8841],[-78.1076,61.8875],[-78.0999,61.8924],[-78.0966,61.9125],[-78.106,61.9146],[-78.1084,61.9165],[-78.109,61.9193],[-78.0924,61.9263],[-78.0916,61.9281],[-78.0927,61.9303],[-78.0988,61.935],[-78.1044,61.9369],[-78.1057,61.9386],[-78.122,61.944],[-78.1226,61.9448],[-78.1156,61.9488],[-78.1138,61.951],[-78.113,61.9565],[-78.1265,61.9617],[-78.124,61.9676],[-78.1253,61.9703],[-78.1318,61.9701],[-78.1345,61.9711],[-78.1352,61.9769],[-78.1494,61.9876],[-78.1549,61.9888],[-78.1537,61.9923],[-78.1547,61.9942],[-78.1629,61.9976],[-78.1595,62.0017],[-78.1593,62.0054],[-78.1635,62.0087],[-78.1643,62.0111],[-78.1506,62.0199],[-78.1483,62.0251],[-78.1495,62.0294],[-78.1488,62.0371],[-78.15,62.0407],[-78.1537,62.0445],[-78.1534,62.0544],[-78.1604,62.0614],[-78.158,62.0671],[-78.1643,62.0837],[-78.1639,62.0867],[-78.1594,62.0917],[-78.16,62.0971],[-78.1644,62.1072],[-78.1614,62.1114],[-78.1619,62.1141],[-78.1807,62.1299],[-78.1801,62.137],[-78.1857,62.1452],[-78.1855,62.1494],[-78.1821,62.1558],[-78.1747,62.161],[-78.1765,62.1674],[-78.1726,62.1725],[-78.1745,62.1788],[-78.1819,62.185],[-78.1769,62.1915],[-78.1793,62.1978],[-78.1717,62.1984],[-78.1692,62.2025],[-78.1642,62.2055],[-78.1644,62.2193],[-78.1684,62.2237],[-78.182,62.2295],[-78.1907,62.2414],[-78.1975,62.2425],[-78.1962,62.2451],[-78.194,62.2454],[-78.2019,62.2548],[-78.1959,62.2604],[-78.1876,62.2607],[-78.177,62.2665],[-78.1784,62.2707],[-78.1707,62.2728],[-78.1721,62.2735],[-78.1718,62.275],[-78.1691,62.2774],[-78.1752,62.2798],[-78.1764,62.2855],[-78.1715,62.2901],[-78.1656,62.2921],[-78.166,62.2952],[-78.1626,62.3],[-78.1558,62.3011],[-78.1535,62.303],[-78.1532,62.3118],[-78.1456,62.3165],[-78.1454,62.3184],[-78.1485,62.3199],[-78.1457,62.3215],[-78.1412,62.3213],[-78.1378,62.3237],[-78.1197,62.3266],[-78.1189,62.3304],[-78.1164,62.3335],[-78.1179,62.3352],[-78.1175,62.3371],[-78.1087,62.3398],[-78.1074,62.3421],[-78.1005,62.3457],[-78.0974,62.3499],[-78.0969,62.3532],[-78.0898,62.3587],[-78.0916,62.3602],[-78.0903,62.3629],[-78.0762,62.3649],[-78.0679,62.3687],[-78.0593,62.3647],[-78.0405,62.3643],[-78.039,62.3658],[-78.0439,62.3672],[-78.0434,62.3679],[-78.0365,62.3676],[-78.0374,62.3665],[-78.036,62.3659],[-78.0307,62.3666],[-78.032,62.365],[-78.0299,62.3649],[-78.0245,62.3664],[-78.0288,62.3674],[-78.0275,62.3685],[-78.0149,62.3707],[-78.0079,62.3704],[-78.0058,62.373],[-78.0072,62.3749],[-78.0055,62.3779],[-77.9912,62.3797],[-77.9805,62.3846],[-77.9756,62.3875],[-77.9416,62.4174],[-77.9291,62.4247],[-77.9235,62.4256],[-77.9205,62.4279],[-77.9131,62.4298],[-77.8794,62.4313],[-77.8718,62.4304],[-77.8592,62.4325],[-77.8338,62.4301],[-77.8325,62.4349],[-77.8207,62.4411],[-77.8181,62.4443],[-77.7926,62.4499],[-77.794,62.4537],[-77.7881,62.4567],[-77.7862,62.4593],[-77.7808,62.4599],[-77.7739,62.4636],[-77.7489,62.4654],[-77.7399,62.4683],[-77.7327,62.4677],[-77.7218,62.4688],[-77.7166,62.4712],[-77.7044,62.4824],[-77.6931,62.4866],[-77.6912,62.4963],[-77.6948,62.4977],[-77.6938,62.4992],[-77.6897,62.5007],[-77.6882,62.5033],[-77.6777,62.511],[-77.6697,62.5145],[-77.6589,62.5108],[-77.6497,62.5127],[-77.6471,62.5151],[-77.6381,62.5159],[-77.6368,62.5188],[-77.6293,62.5221],[-77.6253,62.5205],[-77.6193,62.5208],[-77.6172,62.5228],[-77.6056,62.5264],[-77.5688,62.5329],[-77.565,62.5361],[-77.5608,62.5373],[-77.5574,62.5413],[-77.539,62.5477],[-77.5379,62.5491],[-77.5396,62.5506],[-77.5352,62.5533],[-77.5196,62.5549],[-77.5191,62.5573],[-77.5206,62.5588],[-77.5179,62.5594],[-77.5172,62.5616],[-77.519,62.565],[-77.5179,62.5678],[-77.5198,62.5689],[-77.5158,62.5742],[-77.51,62.5758],[-77.5093,62.5775],[-77.5108,62.5783],[-77.5085,62.5792],[-77.5106,62.5803],[-77.5106,62.582],[-77.5055,62.5822],[-77.4952,62.5786]]]]}},{"type":"Feature","properties":{"CO_CEP":827,"NM_CEP":"Lac-Saint-Jean"},"geometry":{"type":"MultiPolygon","coordinates":[[[[-70.8705,52.2722],[-70.8672,52.274],[-70.8629,52.2734],[-70.8564,52.2675],[-70.8492,52.2677],[-70.8499,52.2706],[-70.8448,52.2685],[-70.846,52.2663],[-70.8632,52.2644],[-70.8707,52.2601],[-70.8713,52.2567],[-70.8781,52.2561],[-70.8815,52.2492],[-70.8835,52.2478],[-70.8817,52.2467],[-70.8833,52.2451],[-70.8885,52.2469],[-70.8924,52.2459],[-70.8937,52.2419],[-70.8929,52.2403],[-70.8957,52.2397],[-70.8976,52.2359],[-70.9102,52.2246],[-70.9108,52.2219],[-70.9203,52.2177],[-70.9209,52.2157],[-70.9246,52.2137],[-70.9271,52.209],[-70.9306,52.2083],[-70.9322,52.2096],[-70.9341,52.2088],[-70.9347,52.2066],[-70.9379,52.2057],[-70.939,52.2028],[-70.9381,52.2014],[-70.943,52.1982],[-70.9528,52.1852],[-70.964,52.1802],[-70.9633,52.1785],[-70.9655,52.1764],[-70.9717,52.1734],[-70.9744,52.174],[-70.987,52.1721],[-70.9967,52.1647],[-71.0019,52.1638],[-71.0038,52.1611],[-71.0135,52.1607],[-71.0128,52.1576],[-71.0196,52.1538],[-71.0264,52.1568],[-71.027,52.1555],[-71.0253,52.1527],[-71.0285,52.151],[-71.0298,52.1478],[-71.0348,52.142],[-71.0338,52.1404],[-71.0283,52.14],[-71.0318,52.136],[-71.0417,52.1337],[-71.0416,52.1358],[-71.0434,52.1381],[-71.0405,52.1407],[-71.0453,52.1446],[-71.0495,52.1416],[-71.0567,52.1402],[-71.0621,52.141],[-71.0653,52.1397],[-71.0682,52.1361],[-71.067,52.1318],[-71.0707,52.1274],[-71.0677,52.1248],[-71.0736,52.1219],[-71.0788,52.1221],[-71.0771,52.1194],[-71.0778,52.1184],[-71.0902,52.1183],[-71.0952,52.1166],[-71.0946,52.1126],[-71.0926,52.111],[-71.0946,52.1083],[-71.0931,52.1029],[-71.0954,52.1],[-71.0945,52.0971],[-71.0968,52.0955],[-71.0977,52.0893],[-71.1047,52.0836],[-71.1113,52.0712],[-71.1102,52.0665],[-71.1121,52.0643],[-71.1105,52.0616],[-71.1144,52.0568],[-71.1182,52.0549],[-71.122,52.0469],[-71.1214,52.0441],[-71.1251,52.042],[-71.1287,52.0259],[-71.1372,52.0157],[-71.144,52.0031],[-71.1489,52.0001],[-71.1519,51.9941],[-71.1587,51.9897],[-71.1604,51.9841],[-71.1706,51.9827],[-71.1805,51.9664],[-71.1803,51.9606],[-71.1897,51.9497],[-71.1906,51.9469],[-71.1959,51.9433],[-71.196,51.9404],[-71.1996,51.9366],[-71.2014,51.9298],[-71.2049,51.9284],[-71.2091,51.9211],[-71.2125,51.9187],[-71.2193,51.9096],[-71.2245,51.9067],[-71.2324,51.8917],[-71.234,51.8866],[-71.2338,51.8828],[-71.24,51.8779],[-71.2388,51.875],[-71.2399,51.8708],[-71.2388,51.8674],[-71.2406,51.862],[-71.2434,51.8598],[-71.2438,51.8569],[-71.2573,51.8429],[-71.2637,51.8413],[-71.2671,51.8391],[-71.2731,51.8304],[-71.2842,51.8258],[-71.2911,51.8203],[-71.2937,51.8125],[-71.302,51.8034],[-71.3039,51.7977],[-71.307,51.7946],[-71.3061,51.7895],[-71.3085,51.7864],[-71.3085,51.7829],[-71.3058,51.7713],[-71.296,51.7694],[-71.2931,51.7669],[-71.2971,51.7627],[-71.3002,51.7557],[-71.3027,51.7543],[-71.3013,51.7472],[-71.3092,51.7423],[-71.3121,51.7373],[-71.3119,51.7348],[-71.3082,51.7303],[-71.3078,51.7238],[-71.3087,51.7224],[-71.3155,51.72],[-71.3158,51.7178],[-71.3126,51.7147],[-71.3168,51.7105],[-71.3209,51.7095],[-71.3201,51.7075],[-71.3213,51.703],[-71.3254,51.6985],[-71.3311,51.6975],[-71.3329,51.6939],[-71.3374,51.6902],[-71.3387,51.6859],[-71.3501,51.6806],[-71.3518,51.6726],[-71.3596,51.6702],[-71.3634,51.6661],[-71.3682,51.6649],[-71.3711,51.6626],[-71.3766,51.6557],[-71.3778,51.6497],[-71.3796,51.6473],[-71.3875,51.6424],[-71.391,51.638],[-71.4057,51.6359],[-71.41,51.6259],[-71.4254,51.6202],[-71.4258,51.6183],[-71.4218,51.6131],[-71.4292,51.6129],[-71.4321,51.6111],[-71.4321,51.6088],[-71.4294,51.6071],[-71.4237,51.6079],[-71.4194,51.6068],[-71.4201,51.6006],[-71.4241,51.5975],[-71.4258,51.5898],[-71.4304,51.582],[-71.4302,51.5787],[-71.4256,51.5763],[-71.4241,51.5733],[-71.4287,51.5677],[-71.4282,51.5607],[-71.4316,51.5581],[-71.4295,51.5525],[-71.4332,51.5443],[-71.4349,51.5431],[-71.4346,51.5402],[-71.4327,51.5385],[-71.4346,51.5367],[-71.4345,51.535],[-71.4239,51.5302],[-71.4283,51.5289],[-71.4294,51.5269],[-71.427,51.5176],[-71.4229,51.514],[-71.4325,51.5049],[-71.4479,51.4971],[-71.4513,51.49],[-71.4508,51.4878],[-71.4534,51.4818],[-71.4445,51.4691],[-71.4476,51.4648],[-71.4506,51.4571],[-71.4481,51.4522],[-71.4491,51.4472],[-71.4464,51.4442],[-71.4453,51.4367],[-71.4536,51.4304],[-71.4533,51.4179],[-71.4585,51.4099],[-71.4651,51.4079],[-71.4667,51.3958],[-71.4692,51.3936],[-71.4706,51.39],[-71.4679,51.3808],[-71.4602,51.3713],[-71.46,51.3641],[-71.4574,51.3603],[-71.4605,51.3577],[-71.4557,51.3502],[-71.4554,51.3462],[-71.4578,51.3353],[-71.4531,51.3283],[-71.4526,51.3184],[-71.4488,51.3157],[-71.4461,51.3082],[-71.4465,51.3023],[-71.4437,51.2979],[-71.4476,51.2916],[-71.4513,51.2805],[-71.4606,51.2659],[-71.4633,51.2588],[-71.4746,51.2558],[-71.4799,51.2529],[-71.4861,51.2524],[-71.4886,51.2478],[-71.4975,51.2436],[-71.5027,51.2365],[-71.5077,51.2321],[-71.5056,51.2277],[-71.4978,51.2223],[-71.4937,51.2073],[-71.4859,51.1943],[-71.4795,51.1908],[-71.4642,51.1882],[-71.4634,51.1872],[-71.4658,51.1857],[-71.4653,51.1844],[-71.45,51.1763],[-71.4453,51.1773],[-71.4421,51.1711],[-71.4339,51.1666],[-71.4378,51.1608],[-71.4384,51.1565],[-71.4371,51.1542],[-71.4263,51.1484],[-71.4273,51.1459],[-71.4257,51.1413],[-71.4275,51.1338],[-71.4258,51.129],[-71.4157,51.1161],[-71.4056,51.1117],[-71.4059,51.107],[-71.4001,51.0994],[-71.3871,51.0961],[-71.3793,51.0905],[-71.3762,51.0862],[-71.3749,51.0802],[-71.3702,51.0707],[-71.364,51.0687],[-71.3571,51.0688],[-71.3522,51.0565],[-71.3393,51.0393],[-71.3363,51.0312],[-71.3302,51.0227],[-71.3333,51.0135],[-71.335,51.0001],[-71.3381,50.9893],[-71.3378,50.9791],[-71.3432,50.9673],[-71.3453,50.9594],[-71.3459,50.933],[-71.3437,50.93],[-71.3302,50.9272],[-71.3192,50.9205],[-71.3182,50.9147],[-71.3195,50.9027],[-71.3171,50.9],[-71.3041,50.8919],[-71.3036,50.8901],[-71.3077,50.8833],[-71.3077,50.8799],[-71.3047,50.8766],[-71.2969,50.8719],[-71.2924,50.8667],[-71.2908,50.8579],[-71.2921,50.8454],[-71.2839,50.8363],[-71.2851,50.8293],[-71.2881,50.8241],[-71.2854,50.8157],[-71.2912,50.8001],[-71.2901,50.7887],[-71.2971,50.7834],[-71.3071,50.7706],[-71.3088,50.7663],[-71.3053,50.7158],[-71.3041,50.7133],[-71.3021,50.7126],[-71.2872,50.7173],[-71.2811,50.7176],[-71.279,50.7098],[-71.2728,50.7023],[-71.2729,50.6988],[-71.2758,50.6921],[-71.2833,50.6829],[-71.2859,50.6775],[-71.2846,50.6711],[-71.2813,50.6653],[-71.2807,50.6616],[-71.2822,50.6536],[-71.2825,50.6373],[-71.2808,50.6321],[-71.2738,50.621],[-71.2571,50.6136],[-71.2532,50.6048],[-71.2456,50.5999],[-71.2436,50.5967],[-71.2483,50.5907],[-71.2572,50.5831],[-71.283,50.5682],[-71.2884,50.5616],[-71.2878,50.5579],[-71.2814,50.5557],[-71.2789,50.5527],[-71.282,50.5352],[-71.2803,50.5325],[-71.2785,50.517],[-71.2792,50.51],[-71.2774,50.4996],[-71.2862,50.4941],[-71.3139,50.4863],[-71.3221,50.4776],[-71.3282,50.4741],[-71.3289,50.4732],[-71.3264,50.469],[-71.3279,50.4638],[-71.3453,50.4524],[-71.3451,50.4454],[-71.3418,50.4415],[-71.344,50.438],[-71.3432,50.4295],[-71.3445,50.4252],[-71.3469,50.4231],[-71.3551,50.4217],[-71.3601,50.4172],[-71.3608,50.4145],[-71.3559,50.4096],[-71.3539,50.4028],[-71.3432,50.3883],[-71.3404,50.382],[-71.3399,50.367],[-71.3458,50.3521],[-71.3478,50.3436],[-71.3468,50.3308],[-71.3442,50.3218],[-71.3407,50.3175],[-71.3164,50.3062],[-71.2807,50.2822],[-71.2752,50.2755],[-71.2709,50.2668],[-71.2552,50.2261],[-71.2522,50.2173],[-71.2519,50.2076],[-71.254,50.1919],[-71.262,50.1597],[-71.2644,50.1442],[-71.2634,50.1384],[-71.2552,50.1283],[-71.2113,50.0963],[-71.2064,50.0913],[-71.199,50.078],[-71.1959,50.0628],[-71.1915,50.026],[-71.1922,50.0071],[-71.1956,50.0026],[-71.2118,49.9945],[-71.2182,49.9895],[-71.2323,49.9754],[-71.2387,49.966],[-71.2474,49.9501],[-71.2501,49.9419],[-71.2497,49.9103],[-71.2581,49.8991],[-71.2643,49.8958],[-71.2665,49.8923],[-71.2665,49.8899],[-71.2609,49.885],[-71.254,49.8845],[-71.251,49.8805],[-71.2465,49.879],[-71.2449,49.8798],[-71.243,49.8859],[-71.2394,49.8856],[-71.2362,49.8807],[-71.2278,49.8779],[-71.2259,49.8727],[-71.2221,49.8688],[-71.2196,49.8631],[-71.2144,49.865],[-71.2095,49.8641],[-71.208,49.8598],[-71.2096,49.8585],[-71.2096,49.8561],[-71.2082,49.8516],[-71.206,49.8496],[-71.1938,49.8454],[-71.1932,49.8438],[-71.1874,49.8417],[-71.1848,49.8392],[-71.163,49.8344],[-71.1592,49.8266],[-71.1607,49.824],[-71.1596,49.8229],[-71.1601,49.8202],[-71.1649,49.8122],[-71.1744,49.8036],[-71.1745,49.8002],[-71.179,49.7962],[-71.1804,49.792],[-71.18,49.7854],[-71.1852,49.779],[-71.1829,49.769],[-71.1852,49.7618],[-71.1855,49.7551],[-71.1898,49.7506],[-71.189,49.7451],[-71.1928,49.7422],[-71.193,49.7347],[-71.1961,49.7301],[-71.1979,49.724],[-71.1928,49.7046],[-71.195,49.692],[-71.1937,49.6859],[-71.199,49.6734],[-71.1972,49.6667],[-71.1996,49.6628],[-71.1922,49.646],[-71.1895,49.6433],[-71.19,49.6402],[-71.1921,49.6378],[-71.1916,49.6356],[-71.185,49.6289],[-71.1889,49.6246],[-71.1881,49.6206],[-71.1912,49.6076],[-71.1896,49.6019],[-71.1932,49.588],[-71.1999,49.5832],[-71.2001,49.577],[-71.2028,49.5673],[-71.2083,49.5576],[-71.2079,49.5509],[-71.2116,49.5386],[-71.2105,49.5339],[-71.2008,49.5198],[-71.1948,49.5156],[-71.1858,49.5119],[-71.1844,49.5084],[-71.1769,49.5028],[-71.1691,49.4902],[-71.173,49.483],[-71.1745,49.475],[-71.1806,49.47],[-71.1887,49.4517],[-71.2031,49.4253],[-71.2064,49.4161],[-71.2072,49.4098],[-71.2037,49.4018],[-71.2061,49.3915],[-71.2068,49.3812],[-71.2177,49.3654],[-71.2261,49.3574],[-71.23,49.3464],[-71.2393,49.3308],[-71.2405,49.3248],[-71.2442,49.3187],[-71.2519,49.3111],[-71.25,49.3012],[-71.254,49.2949],[-71.2582,49.2816],[-71.257,49.2689],[-71.2555,49.2635],[-71.2539,49.2619],[-71.2553,49.2421],[-71.2525,49.2173],[-71.2555,49.2051],[-71.2546,49.1986],[-71.2565,49.1905],[-71.2575,49.1728],[-71.2645,49.1523],[-71.2635,49.1393],[-71.267,49.1339],[-71.2649,49.1239],[-71.2654,49.1206],[-71.2686,49.1152],[-71.2714,49.1056],[-71.2816,49.0904],[-71.288,49.0833],[-71.2904,49.0747],[-71.2951,49.0703],[-71.3076,49.0638],[-71.3179,49.0522],[-71.3247,49.0376],[-71.3326,49.0318],[-71.333,49.0239],[-71.337,49.0144],[-71.3348,49.0056],[-71.3371,48.9967],[-71.3366,48.9901],[-71.3413,48.9831],[-71.3599,48.9727],[-71.3671,48.9654],[-71.3685,48.9625],[-71.3669,48.9606],[-71.3746,48.9408],[-71.3925,48.9318],[-71.4398,48.8941],[-71.4481,48.8907],[-71.4527,48.8784],[-71.453,48.8709],[-71.4566,48.8598],[-71.4606,48.856],[-71.4615,48.8503],[-71.4645,48.8469],[-71.4613,48.8476],[-71.4445,48.8461],[-71.4182,48.8419],[-71.4112,48.8397],[-71.3926,48.8281],[-71.3829,48.8158],[-71.3702,48.8065],[-71.3646,48.8008],[-71.3526,48.7949],[-71.3485,48.7907],[-71.3323,48.7814],[-71.3209,48.7714],[-71.3728,48.7806],[-71.4354,48.6291],[-71.4476,48.5987],[-71.447,48.5974],[-71.4834,48.5154],[-71.4885,48.516],[-71.5179,48.5274],[-71.5388,48.5395],[-71.5432,48.5402],[-71.5565,48.5387],[-71.573,48.5359],[-71.585,48.5325],[-71.6016,48.5386],[-71.6128,48.5406],[-71.6158,48.545],[-71.6137,48.5522],[-71.6155,48.5631],[-71.6178,48.5674],[-71.6315,48.575],[-71.6359,48.5819],[-71.6477,48.5922],[-71.6526,48.5993],[-71.6507,48.6027],[-71.6562,48.6076],[-71.658,48.6134],[-71.6654,48.6199],[-71.6673,48.6233],[-71.6725,48.6217],[-71.6732,48.6283],[-71.6761,48.6307],[-71.6773,48.6259],[-71.6756,48.6221],[-71.6906,48.627],[-71.7011,48.6278],[-71.7035,48.6311],[-71.7089,48.6303],[-71.7146,48.6318],[-71.7059,48.6253],[-71.7209,48.626],[-71.7255,48.6248],[-71.7408,48.6261],[-71.7408,48.6305],[-71.7429,48.6298],[-71.7429,48.6261],[-71.7468,48.6228],[-71.7525,48.6232],[-71.7547,48.6263],[-71.7595,48.627],[-71.7488,48.6184],[-71.7439,48.6193],[-71.7435,48.6163],[-71.7458,48.6096],[-71.7514,48.6106],[-71.751,48.6067],[-71.7558,48.6073],[-71.7725,48.6129],[-71.7777,48.6131],[-71.7859,48.6234],[-71.7909,48.6244],[-71.7967,48.6225],[-71.8061,48.6401],[-71.8106,48.6451],[-71.8086,48.6514],[-71.8168,48.65],[-71.8134,48.653],[-71.8179,48.6553],[-71.8237,48.6535],[-71.8279,48.6498],[-71.8295,48.6462],[-71.8345,48.6481],[-71.8391,48.6502],[-71.8416,48.6534],[-71.8463,48.6553],[-71.8604,48.6696],[-71.8729,48.6763],[-71.8948,48.6798],[-71.9535,48.6739],[-71.9658,48.6738],[-71.9807,48.6755],[-72.0144,48.693],[-72.0401,48.7133],[-72.0451,48.7159],[-72.0497,48.7148],[-72.0491,48.7178],[-72.061,48.7261],[-72.0611,48.7237],[-72.0654,48.7224],[-72.0705,48.7401],[-72.0672,48.7498],[-72.0783,48.7563],[-72.0529,48.7612],[-72.0362,48.7579],[-72.0239,48.7533],[-72.0059,48.7422],[-71.9977,48.7383],[-71.9896,48.7364],[-71.9723,48.7353],[-71.933,48.7264],[-71.9202,48.7262],[-71.9078,48.7284],[-71.8934,48.735],[-71.8811,48.7362],[-71.859,48.742],[-71.8395,48.7541],[-71.8312,48.7607],[-71.8132,48.7698],[-71.8124,48.7712],[-71.8142,48.7746],[-71.8247,48.7809],[-71.8278,48.7875],[-71.8235,48.8089],[-71.8205,48.812],[-71.8091,48.8187],[-71.7817,48.8256],[-71.7803,48.8313],[-71.7788,48.8328],[-71.7705,48.8326],[-71.7683,48.8345],[-71.9717,48.8705],[-71.9617,48.8774],[-71.9563,48.8778],[-71.9453,48.8829],[-71.9383,48.8886],[-71.9361,48.8924],[-71.9324,48.8953],[-71.9277,48.8947],[-71.9245,48.8968],[-71.9249,48.9025],[-71.928,48.9081],[-71.9283,48.9117],[-71.9249,48.9125],[-71.925,48.9137],[-71.9316,48.9163],[-71.9323,48.9179],[-71.9284,48.9244],[-71.925,48.9262],[-71.9189,48.9347],[-71.9142,48.9343],[-71.9127,48.9357],[-71.918,48.9377],[-71.9016,48.9388],[-71.8975,48.9418],[-71.8847,48.945],[-71.8774,48.9561],[-71.8761,48.9645],[-71.8782,48.967],[-71.8713,48.97],[-71.8688,48.9732],[-71.8689,48.9773],[-71.8584,48.9787],[-71.8591,48.9811],[-71.8621,48.9811],[-71.8626,48.9826],[-71.8576,48.9866],[-71.8575,48.9881],[-71.8593,48.9895],[-71.8567,48.9916],[-71.8573,48.9932],[-71.8538,48.9946],[-71.8552,48.9966],[-71.85,48.9982],[-71.8461,48.9978],[-71.8408,49.0017],[-71.842,49.0045],[-71.8389,49.0078],[-71.8428,49.0113],[-71.8446,49.0164],[-71.8429,49.0224],[-71.8447,49.023],[-71.8454,49.0211],[-71.8477,49.0223],[-71.8451,49.0267],[-71.8427,49.025],[-71.8405,49.0274],[-71.8426,49.0283],[-71.8417,49.0303],[-71.8443,49.0376],[-71.8436,49.0399],[-71.846,49.0421],[-71.8482,49.0414],[-71.8533,49.0463],[-71.8603,49.0476],[-71.8694,49.0581],[-71.876,49.0605],[-71.8765,49.063],[-71.8803,49.0639],[-71.8788,49.0696],[-71.8815,49.0702],[-71.8805,49.0731],[-71.8831,49.0765],[-71.8823,49.0787],[-71.8846,49.0802],[-71.8852,49.0783],[-71.8869,49.0802],[-71.8869,49.0787],[-71.8903,49.0805],[-71.89,49.0828],[-71.8838,49.0866],[-71.8729,49.0987],[-71.8714,49.1011],[-71.8721,49.1022],[-71.869,49.1032],[-71.8677,49.1048],[-71.8683,49.1064],[-71.866,49.1063],[-71.8655,49.1075],[-71.867,49.1152],[-71.8698,49.1178],[-71.8684,49.1192],[-71.8684,49.1219],[-71.8706,49.1234],[-71.8712,49.1275],[-71.8758,49.1306],[-71.8742,49.1314],[-71.875,49.1357],[-72.0917,49.1357],[-72.0896,49.1452],[-72.0826,49.1493],[-72.083,49.1513],[-72.0798,49.1545],[-72.0801,49.1596],[-72.0848,49.1676],[-72.0891,49.17],[-72.092,49.1734],[-72.0923,49.178],[-72.1035,49.1865],[-72.1059,49.1963],[-72.1132,49.2086],[-72.1264,49.2232],[-72.1352,49.2285],[-72.139,49.2373],[-72.152,49.2473],[-72.1558,49.2529],[-72.1529,49.2622],[-72.1485,49.2693],[-72.1434,49.2863],[-72.1426,49.2951],[-72.1384,49.2981],[-72.1379,49.3058],[-72.13,49.3271],[-72.1251,49.3329],[-72.1165,49.3474],[-72.1047,49.3568],[-72.1016,49.3661],[-72.0955,49.3727],[-72.093,49.378],[-72.0861,49.3733],[-72.0798,49.3741],[-72.0777,49.3757],[-72.0688,49.3921],[-72.0571,49.3948],[-72.0548,49.3935],[-72.0551,49.3891],[-72.0488,49.3852],[-72.0489,49.3784],[-72.0426,49.3778],[-72.0359,49.3804],[-72.0354,49.3869],[-72.0333,49.3928],[-72.0292,49.3983],[-72.0253,49.3992],[-72.0172,49.3883],[-72.0155,49.3798],[-72.0164,49.3751],[-72.015,49.3723],[-72.0103,49.3698],[-72.0072,49.3699],[-72.0043,49.3716],[-72.001,49.3763],[-71.9926,49.3772],[-71.9895,49.3758],[-71.989,49.3704],[-71.9875,49.3679],[-71.9806,49.3663],[-71.976,49.3671],[-71.974,49.3684],[-71.9657,49.3815],[-71.9589,49.3829],[-71.9497,49.3817],[-71.9443,49.3857],[-71.9422,49.3945],[-71.9435,49.3968],[-71.9435,49.4057],[-71.9299,49.4285],[-71.9282,49.4355],[-71.9295,49.4437],[-71.933,49.45],[-71.9342,49.4575],[-71.9334,49.466],[-71.9294,49.4739],[-71.9324,49.4778],[-71.9343,49.4849],[-71.9341,49.4884],[-71.931,49.4925],[-71.9362,49.5],[-71.9343,49.5053],[-71.9345,49.5093],[-71.9378,49.5116],[-71.9449,49.5107],[-71.9488,49.512],[-71.9505,49.5177],[-71.9582,49.523],[-71.9596,49.5282],[-71.9645,49.5334],[-71.9665,49.5392],[-71.9719,49.5452],[-71.9928,49.5554],[-71.9959,49.5616],[-72.0,49.5637],[-72.0011,49.5656],[-72.0077,49.5677],[-72.0133,49.5724],[-72.0141,49.5749],[-72.0203,49.5818],[-72.0314,49.5877],[-72.0276,49.5934],[-72.0279,49.603],[-72.0302,49.6107],[-72.0336,49.6157],[-72.0343,49.6227],[-72.0378,49.6272],[-72.0382,49.6319],[-72.0362,49.635],[-72.0353,49.6402],[-72.0381,49.6417],[-72.0382,49.6442],[-72.0349,49.6485],[-72.0338,49.6528],[-72.0375,49.66],[-72.0465,49.6664],[-72.0466,49.6697],[-72.0374,49.6803],[-72.0236,49.677],[-72.0253,49.6861],[-72.0213,49.6899],[-72.0184,49.6954],[-72.0141,49.6954],[-72.0073,49.6929],[-72.0016,49.6944],[-71.997,49.7023],[-71.9962,49.7086],[-71.9936,49.713],[-71.9964,49.7161],[-72.0019,49.7192],[-72.0132,49.7356],[-72.0178,49.7376],[-72.0195,49.7418],[-72.0222,49.7417],[-72.0323,49.7493],[-72.032,49.7511],[-72.0286,49.7533],[-72.0274,49.7556],[-72.0286,49.7586],[-72.0279,49.7613],[-72.0292,49.7629],[-72.0266,49.7678],[-72.0315,49.7718],[-72.0366,49.7736],[-72.0368,49.7779],[-72.0314,49.7847],[-72.0317,49.7939],[-72.0334,49.7976],[-72.0321,49.8084],[-72.0351,49.8144],[-72.0506,49.8162],[-72.06,49.8222],[-72.0587,49.8277],[-72.0633,49.8359],[-72.067,49.8406],[-72.0781,49.8455],[-72.0802,49.8525],[-72.0848,49.8602],[-72.0877,49.8621],[-72.0916,49.8712],[-72.0966,49.889],[-72.1065,49.9034],[-72.118,49.9242],[-72.1193,49.9302],[-72.1311,49.9495],[-72.1441,49.9952],[-72.1603,50.0419],[-72.1735,50.0554],[-72.1704,50.0577],[-72.1616,50.0602],[-72.1579,50.0655],[-72.1589,50.0708],[-72.1639,50.0816],[-72.1648,50.1011],[-72.1741,50.1015],[-72.1761,50.1024],[-72.1773,50.1051],[-72.1754,50.1072],[-72.1678,50.1093],[-72.1658,50.1122],[-72.1658,50.1155],[-72.1722,50.1168],[-72.1754,50.1203],[-72.1742,50.1226],[-72.1659,50.127],[-72.1609,50.1433],[-72.1599,50.1505],[-72.1682,50.1543],[-72.1701,50.1565],[-72.1704,50.1585],[-72.1676,50.1644],[-72.1708,50.1723],[-72.1677,50.1781],[-72.1741,50.1844],[-72.1728,50.186],[-72.1644,50.1885],[-72.1619,50.1958],[-72.1647,50.1967],[-72.1679,50.1932],[-72.1725,50.1928],[-72.1764,50.195],[-72.1782,50.1984],[-72.1728,50.202],[-72.1727,50.2065],[-72.171,50.2089],[-72.1599,50.2092],[-72.1528,50.2126],[-72.1529,50.2146],[-72.1556,50.2152],[-72.1698,50.2122],[-72.1723,50.2136],[-72.1725,50.2154],[-72.172,50.2181],[-72.1706,50.2187],[-72.1666,50.2185],[-72.1618,50.2161],[-72.1571,50.2172],[-72.1574,50.22],[-72.1616,50.223],[-72.1612,50.2262],[-72.1554,50.2291],[-72.1498,50.2302],[-72.1483,50.2322],[-72.15,50.2339],[-72.1574,50.2343],[-72.1599,50.236],[-72.1596,50.237],[-72.1548,50.2373],[-72.1527,50.2389],[-72.1527,50.2406],[-72.1579,50.2454],[-72.1579,50.2469],[-72.156,50.249],[-72.1491,50.2518],[-72.1479,50.2541],[-72.1497,50.256],[-72.1598,50.2568],[-72.1632,50.2606],[-72.1636,50.2647],[-72.1618,50.2708],[-72.156,50.2713],[-72.1532,50.2737],[-72.1538,50.2758],[-72.1584,50.2787],[-72.1604,50.2824],[-72.1604,50.2855],[-72.158,50.2889],[-72.1596,50.2999],[-72.152,50.3033],[-72.1505,50.3059],[-72.1534,50.307],[-72.1586,50.3042],[-72.162,50.3055],[-72.1568,50.3101],[-72.164,50.3166],[-72.1578,50.3185],[-72.1564,50.321],[-72.1626,50.3235],[-72.1641,50.3272],[-72.1576,50.3288],[-72.1562,50.3307],[-72.1609,50.3343],[-72.1608,50.3397],[-72.1621,50.3415],[-72.1698,50.3419],[-72.1729,50.3445],[-72.1708,50.3481],[-72.1713,50.349],[-72.1794,50.3507],[-72.182,50.3525],[-72.1838,50.3626],[-72.1822,50.3686],[-72.1835,50.3822],[-72.1749,50.3991],[-72.1716,50.4012],[-72.1715,50.405],[-72.1657,50.4072],[-72.1655,50.4107],[-72.1625,50.4161],[-72.165,50.4196],[-72.163,50.423],[-72.1616,50.431],[-72.1645,50.4344],[-72.1639,50.4379],[-72.1593,50.4438],[-72.1603,50.4528],[-72.1585,50.4573],[-72.1588,50.4654],[-72.1566,50.4692],[-72.1584,50.4715],[-72.159,50.4758],[-72.161,50.478],[-72.1551,50.4802],[-72.1533,50.4831],[-72.1544,50.4877],[-72.1609,50.496],[-72.1604,50.5],[-72.1622,50.5028],[-72.1591,50.5081],[-72.1622,50.5113],[-72.1608,50.5133],[-72.1636,50.5176],[-72.1623,50.5256],[-72.1654,50.5277],[-72.1662,50.5306],[-72.1617,50.5374],[-72.1632,50.5396],[-72.1678,50.5418],[-72.1685,50.5468],[-72.1711,50.5477],[-72.1763,50.5526],[-72.177,50.5537],[-72.1749,50.5554],[-72.1753,50.5575],[-72.1781,50.5624],[-72.1824,50.5652],[-72.1819,50.5695],[-72.1845,50.5736],[-72.1831,50.5757],[-72.1832,50.5807],[-72.1885,50.5842],[-72.1888,50.588],[-72.1902,50.5892],[-72.1892,50.5913],[-72.1909,50.5933],[-72.1905,50.6035],[-72.1881,50.6047],[-72.188,50.6087],[-72.1897,50.6109],[-72.1922,50.6115],[-72.1925,50.615],[-72.1893,50.6181],[-72.1896,50.6199],[-72.1865,50.6256],[-72.1864,50.6301],[-72.1887,50.6325],[-72.1887,50.6345],[-72.1855,50.6402],[-72.1866,50.6482],[-72.1843,50.6522],[-72.1828,50.6626],[-72.1811,50.6647],[-72.1817,50.6683],[-72.1798,50.6709],[-72.1804,50.6734],[-72.1834,50.6759],[-72.1815,50.6785],[-72.1824,50.6807],[-72.1768,50.6855],[-72.1769,50.6879],[-72.1714,50.6998],[-72.1651,50.7067],[-72.1668,50.7106],[-72.1649,50.7127],[-72.1656,50.7148],[-72.1632,50.7169],[-72.1627,50.7208],[-72.1649,50.727],[-72.1598,50.7276],[-72.1569,50.7293],[-72.1546,50.7376],[-72.1509,50.7397],[-72.154,50.7515],[-72.1512,50.7576],[-72.1526,50.7615],[-72.1493,50.7685],[-72.1489,50.7748],[-72.1512,50.7784],[-72.1504,50.7803],[-72.1522,50.7842],[-72.151,50.7869],[-72.1547,50.7904],[-72.1544,50.794],[-72.156,50.7964],[-72.1519,50.801],[-72.1589,50.8099],[-72.154,50.815],[-72.1567,50.8188],[-72.1551,50.8244],[-72.1558,50.8263],[-72.1524,50.8297],[-72.1503,50.8293],[-72.1498,50.8352],[-72.1458,50.8393],[-72.1391,50.8398],[-72.1267,50.847],[-72.1228,50.8465],[-72.1196,50.8492],[-72.1166,50.8493],[-72.1098,50.8531],[-72.1072,50.856],[-72.1059,50.8637],[-72.1039,50.8667],[-72.1064,50.8711],[-72.1035,50.8729],[-72.1028,50.875],[-72.1041,50.8758],[-72.1018,50.877],[-72.1018,50.8795],[-72.1043,50.8824],[-72.1023,50.8829],[-72.1014,50.8868],[-72.1041,50.8885],[-72.1039,50.8914],[-72.1056,50.8951],[-72.1046,50.896],[-72.1071,50.9017],[-72.1043,50.9092],[-72.1066,50.9139],[-72.1071,50.9198],[-72.106,50.9203],[-72.1048,50.9263],[-72.1054,50.9295],[-72.104,50.9382],[-72.1076,50.9555],[-72.1064,50.9584],[-72.103,50.9614],[-72.1043,50.9638],[-72.0996,50.9674],[-72.0956,50.9741],[-72.0955,50.9765],[-72.1019,50.9812],[-72.0962,50.9875],[-72.0938,50.9961],[-72.0947,50.9976],[-72.0923,51.0036],[-72.0901,51.0051],[-72.0902,51.0074],[-72.0926,51.0094],[-72.0928,51.0117],[-72.0923,51.0158],[-72.0888,51.0231],[-72.089,51.0264],[-72.0746,51.0334],[-72.0739,51.0367],[-72.0752,51.0444],[-72.0723,51.0485],[-72.0563,51.0478],[-72.0519,51.0511],[-72.053,51.0523],[-72.052,51.0574],[-72.0536,51.0614],[-72.05,51.0656],[-72.0541,51.07],[-72.0536,51.0728],[-72.0502,51.0735],[-72.0483,51.0839],[-72.0495,51.0852],[-72.0487,51.0878],[-72.0499,51.0941],[-72.0484,51.0992],[-72.0499,51.1014],[-72.0478,51.1056],[-72.0518,51.1085],[-72.0487,51.1107],[-72.0479,51.1131],[-72.0522,51.1158],[-72.0495,51.1285],[-72.051,51.139],[-72.0489,51.1432],[-72.0412,51.1456],[-72.0344,51.1412],[-72.0332,51.139],[-72.0214,51.1369],[-72.0198,51.1384],[-72.0201,51.1404],[-72.0256,51.1445],[-72.0224,51.1505],[-72.0249,51.156],[-72.0223,51.1585],[-72.0245,51.1659],[-72.0219,51.1705],[-72.026,51.1724],[-72.0294,51.1759],[-72.0261,51.1779],[-72.0207,51.1787],[-72.0119,51.1775],[-72.0083,51.1748],[-72.0042,51.174],[-71.9996,51.1756],[-71.9993,51.1781],[-72.0032,51.1823],[-71.9986,51.1918],[-72.009,51.1934],[-72.0139,51.1979],[-72.0092,51.2015],[-72.0138,51.2041],[-72.0137,51.2058],[-72.0051,51.2056],[-72.007,51.2107],[-72.0041,51.2171],[-72.0129,51.2188],[-72.0131,51.2205],[-72.0062,51.2234],[-72.0027,51.2235],[-72.0,51.2226],[-71.9985,51.2187],[-71.9932,51.2185],[-71.9924,51.2143],[-71.991,51.2128],[-71.9766,51.2124],[-71.9804,51.2189],[-71.985,51.2217],[-71.9851,51.2256],[-71.9917,51.229],[-71.9896,51.232],[-71.9823,51.2321],[-71.9805,51.2333],[-71.9784,51.2369],[-71.9803,51.2391],[-71.981,51.2437],[-71.978,51.2432],[-71.9717,51.245],[-71.9575,51.2439],[-71.9558,51.2474],[-71.9582,51.2511],[-71.9515,51.2554],[-71.9507,51.2579],[-71.9413,51.2575],[-71.9416,51.2621],[-71.9393,51.2651],[-71.9391,51.2698],[-71.9245,51.2762],[-71.9234,51.2788],[-71.9163,51.2789],[-71.9113,51.2777],[-71.9086,51.2756],[-71.9047,51.277],[-71.8944,51.2756],[-71.8917,51.2726],[-71.885,51.271],[-71.8789,51.2758],[-71.8735,51.2776],[-71.8677,51.2778],[-71.8706,51.2841],[-71.8744,51.2866],[-71.871,51.2953],[-71.8819,51.2993],[-71.8829,51.3016],[-71.8738,51.316],[-71.8688,51.3182],[-71.8677,51.3199],[-71.8683,51.3217],[-71.8642,51.3251],[-71.8703,51.3279],[-71.8731,51.3326],[-71.8778,51.3349],[-71.864,51.3473],[-71.8565,51.35],[-71.8529,51.35],[-71.8518,51.3513],[-71.8462,51.3509],[-71.8419,51.3553],[-71.8369,51.3532],[-71.8355,51.3539],[-71.834,51.3613],[-71.8325,51.3617],[-71.834,51.3639],[-71.8335,51.3678],[-71.8303,51.3695],[-71.8304,51.3713],[-71.827,51.3728],[-71.8178,51.3728],[-71.8163,51.3716],[-71.8174,51.3653],[-71.8148,51.3587],[-71.8138,51.3577],[-71.8106,51.3601],[-71.808,51.3588],[-71.8046,51.3546],[-71.8044,51.3523],[-71.8013,51.3538],[-71.792,51.3541],[-71.791,51.3551],[-71.7924,51.3572],[-71.7904,51.3586],[-71.7901,51.3608],[-71.7776,51.3644],[-71.7736,51.367],[-71.7701,51.3658],[-71.7677,51.3618],[-71.764,51.3613],[-71.7624,51.3602],[-71.7634,51.3589],[-71.7613,51.358],[-71.7613,51.3561],[-71.7641,51.3533],[-71.764,51.349],[-71.7696,51.3391],[-71.7568,51.3383],[-71.7517,51.348],[-71.7476,51.3506],[-71.742,51.3514],[-71.7382,51.3581],[-71.7302,51.3576],[-71.7244,51.3588],[-71.7221,51.365],[-71.7195,51.3682],[-71.7196,51.3713],[-71.7177,51.3736],[-71.7134,51.3733],[-71.7113,51.3758],[-71.7106,51.3811],[-71.7076,51.3826],[-71.7051,51.3907],[-71.7021,51.3916],[-71.6983,51.398],[-71.689,51.399],[-71.6857,51.4046],[-71.6899,51.4064],[-71.6902,51.4098],[-71.6863,51.4128],[-71.6859,51.4147],[-71.6929,51.4158],[-71.6944,51.4188],[-71.6985,51.4218],[-71.707,51.4248],[-71.7127,51.4282],[-71.7096,51.4319],[-71.7063,51.4399],[-71.6973,51.4403],[-71.6868,51.4442],[-71.6831,51.4474],[-71.6762,51.4574],[-71.6715,51.4599],[-71.6716,51.4625],[-71.6685,51.4619],[-71.6625,51.4727],[-71.6586,51.4763],[-71.6506,51.4776],[-71.6451,51.4764],[-71.6451,51.4802],[-71.6403,51.4881],[-71.6352,51.4954],[-71.6293,51.4996],[-71.6265,51.5052],[-71.6122,51.5041],[-71.6056,51.5056],[-71.5858,51.5059],[-71.5819,51.5041],[-71.5815,51.5094],[-71.575,51.5154],[-71.5712,51.524],[-71.573,51.5364],[-71.5772,51.5386],[-71.5726,51.5424],[-71.5746,51.5434],[-71.5872,51.5416],[-71.587,51.5432],[-71.5834,51.5461],[-71.5854,51.5487],[-71.5889,51.5493],[-71.5891,51.5527],[-71.5846,51.5561],[-71.5831,51.5599],[-71.5825,51.564],[-71.5866,51.5675],[-71.5825,51.5762],[-71.5799,51.5783],[-71.5797,51.5815],[-71.5767,51.5864],[-71.582,51.5894],[-71.5872,51.5878],[-71.5952,51.5884],[-71.5982,51.5922],[-71.5959,51.6073],[-71.5976,51.6093],[-71.5969,51.6131],[-71.6017,51.616],[-71.5958,51.6249],[-71.5956,51.6286],[-71.5915,51.632],[-71.5931,51.6451],[-71.5951,51.6471],[-71.5945,51.6485],[-71.5997,51.6518],[-71.5968,51.6566],[-71.5974,51.6611],[-71.6042,51.6603],[-71.6104,51.6626],[-71.6077,51.6668],[-71.6075,51.6721],[-71.6026,51.6741],[-71.597,51.6808],[-71.5997,51.6813],[-71.5996,51.6841],[-71.6028,51.6853],[-71.6013,51.6921],[-71.6037,51.6927],[-71.6067,51.6913],[-71.6107,51.6929],[-71.6022,51.7101],[-71.5984,51.7147],[-71.5923,51.7168],[-71.5829,51.7345],[-71.5773,51.7412],[-71.5773,51.7476],[-71.5818,51.7506],[-71.5811,51.755],[-71.5838,51.7589],[-71.58,51.762],[-71.5799,51.7646],[-71.5747,51.7743],[-71.5746,51.7773],[-71.57,51.7789],[-71.5642,51.7787],[-71.5631,51.7802],[-71.5664,51.7813],[-71.566,51.783],[-71.5624,51.7847],[-71.5586,51.7848],[-71.5531,51.7884],[-71.5537,51.7908],[-71.5582,51.7919],[-71.5665,51.7924],[-71.5709,51.7914],[-71.5752,51.7953],[-71.5741,51.7997],[-71.5758,51.8056],[-71.5716,51.8137],[-71.5576,51.8162],[-71.5559,51.8187],[-71.5501,51.8221],[-71.5414,51.824],[-71.5326,51.835],[-71.5238,51.832],[-71.5114,51.8311],[-71.5081,51.8278],[-71.5018,51.8276],[-71.4992,51.8283],[-71.4981,51.8322],[-71.4854,51.8393],[-71.4784,51.8377],[-71.4726,51.8336],[-71.468,51.8326],[-71.4587,51.8353],[-71.4533,51.8389],[-71.4503,51.837],[-71.4344,51.8429],[-71.427,51.8418],[-71.4187,51.8442],[-71.4133,51.8407],[-71.4056,51.8402],[-71.3792,51.8474],[-71.3765,51.8504],[-71.369,51.867],[-71.3652,51.8727],[-71.3629,51.8858],[-71.3524,51.9021],[-71.3522,51.9081],[-71.3469,51.9134],[-71.3383,51.9137],[-71.327,51.9193],[-71.3249,51.9237],[-71.3192,51.93],[-71.3143,51.9386],[-71.3119,51.9466],[-71.3103,51.9476],[-71.3095,51.9515],[-71.3124,51.955],[-71.3114,51.9573],[-71.3126,51.9645],[-71.3086,51.9696],[-71.306,51.9718],[-71.2935,51.9759],[-71.2889,51.9839],[-71.2706,51.995],[-71.2615,52.0097],[-71.2556,52.0117],[-71.255,52.0138],[-71.2503,52.0179],[-71.2449,52.0207],[-71.2379,52.0198],[-71.224,52.0217],[-71.2198,52.0241],[-71.2188,52.029],[-71.2134,52.0333],[-71.2088,52.0389],[-71.2103,52.0398],[-71.2409,52.035],[-71.2545,52.0382],[-71.2666,52.0367],[-71.2683,52.0404],[-71.2638,52.0429],[-71.2633,52.0467],[-71.2586,52.0548],[-71.2539,52.0591],[-71.247,52.0598],[-71.2433,52.0619],[-71.2421,52.0672],[-71.2378,52.0739],[-71.2301,52.0774],[-71.223,52.0785],[-71.2121,52.0864],[-71.1999,52.0932],[-71.1971,52.1036],[-71.1886,52.1163],[-71.1828,52.1176],[-71.179,52.1171],[-71.1779,52.1155],[-71.1748,52.1156],[-71.1711,52.1181],[-71.1675,52.1181],[-71.1671,52.1196],[-71.1645,52.12],[-71.1633,52.1245],[-71.1513,52.1364],[-71.1494,52.1419],[-71.1466,52.144],[-71.1522,52.1472],[-71.1619,52.1478],[-71.1563,52.1517],[-71.149,52.1526],[-71.1478,52.1557],[-71.141,52.1613],[-71.1414,52.1664],[-71.1352,52.169],[-71.124,52.169],[-71.1154,52.1761],[-71.1115,52.1779],[-71.1118,52.1798],[-71.1053,52.1829],[-71.1,52.1831],[-71.0951,52.1804],[-71.0933,52.1807],[-71.0932,52.1835],[-71.0961,52.191],[-71.092,52.1963],[-71.0884,52.1985],[-71.0877,52.202],[-71.0845,52.2065],[-71.0773,52.2115],[-71.07,52.2113],[-71.065,52.2098],[-71.0528,52.2112],[-71.0484,52.2094],[-71.0352,52.2104],[-71.0284,52.2126],[-71.0264,52.2163],[-71.0167,52.22],[-71.0104,52.218],[-71.0031,52.2175],[-70.9997,52.2205],[-70.9955,52.2189],[-70.9893,52.2198],[-70.9701,52.2313],[-70.9671,52.2347],[-70.9595,52.233],[-70.9558,52.2378],[-70.9256,52.2421],[-70.9202,52.2468],[-70.9138,52.2498],[-70.9012,52.2648],[-70.8922,52.2684],[-70.8917,52.2705],[-70.8877,52.2732],[-70.8836,52.2784],[-70.8763,52.2733],[-70.8705,52.2722]]],[[[-71.7199,48.5601],[-71.7171,48.559],[-71.7096,48.5597],[-71.7055,48.5633],[-71.7037,48.5668],[-71.6708,48.5638],[-71.6651,48.5609],[-71.6614,48.5574],[-71.6573,48.5503],[-71.653,48.5515],[-71.6476,48.5499],[-71.6317,48.5441],[-71.6229,48.5382],[-71.6179,48.5366],[-71.6135,48.5372],[-71.6023,48.5324],[-71.5966,48.5324],[-71.5859,48.5294],[-71.5685,48.5345],[-71.5556,48.5357],[-71.5429,48.5311],[-71.5352,48.5246],[-71.5324,48.5276],[-71.5223,48.5252],[-71.5116,48.5206],[-71.504,48.519],[-71.4995,48.5162],[-71.4942,48.5154],[-71.4791,48.5066],[-71.474,48.508],[-71.47,48.504],[-71.4665,48.5033],[-71.4869,48.4524],[-71.3772,48.433],[-71.3828,48.4195],[-71.4755,48.4352],[-71.4885,48.3995],[-71.5181,48.4039],[-71.5242,48.39],[-71.5506,48.3939],[-71.5635,48.3639],[-71.5397,48.3497],[-71.5431,48.3406],[-71.5711,48.3459],[-71.5755,48.3377],[-71.6362,48.1824],[-71.5801,48.1375],[-71.5748,48.135],[-71.5717,48.1282],[-71.5671,48.1234],[-71.5559,48.1207],[-71.5444,48.1145],[-71.5338,48.0997],[-71.5299,48.0975],[-71.5276,48.093],[-71.5246,48.091],[-71.5209,48.0846],[-71.5131,48.0816],[-71.5095,48.0726],[-71.4914,48.0619],[-71.4793,48.052],[-71.4736,48.0455],[-71.466,48.0402],[-71.4602,48.0312],[-71.4542,48.0264],[-71.446,48.0225],[-71.4377,48.012],[-71.4332,48.0025],[-71.4275,48.0003],[-71.4213,47.9957],[-71.4116,47.996],[-71.4096,47.9887],[-71.4105,47.9843],[-71.4089,47.9765],[-71.4039,47.9773],[-71.4011,47.9752],[-71.3924,47.9761],[-71.3824,47.9737],[-71.3807,47.9757],[-71.3794,47.9743],[-71.3758,47.9742],[-71.3771,47.9728],[-71.3742,47.9715],[-71.3727,47.9685],[-71.3762,47.9694],[-71.3823,47.962],[-71.3791,47.9599],[-71.374,47.9599],[-71.3741,47.9573],[-71.38,47.95],[-72.0735,47.95],[-72.1236,47.9986],[-72.0876,47.9986],[-72.0816,48.0005],[-72.0795,48.0035],[-72.0737,48.0043],[-72.0721,48.0039],[-72.0717,48.0008],[-72.068,47.9987],[-72.0613,48.0027],[-72.0582,48.0064],[-72.0561,48.0066],[-72.0532,48.0035],[-72.0505,48.0039],[-72.0504,48.0102],[-72.0465,48.0167],[-72.05,48.0236],[-72.0472,48.0319],[-72.0439,48.0326],[-72.037,48.0297],[-72.0312,48.0232],[-72.0275,48.0273],[-72.0234,48.0278],[-72.0231,48.0314],[-72.0167,48.0305],[-72.0149,48.0316],[-72.0107,48.0354],[-72.009,48.0397],[-72.007,48.0413],[-71.9998,48.0443],[-71.9944,48.0421],[-71.9917,48.0455],[-71.9878,48.046],[-71.9833,48.0502],[-71.9739,48.0523],[-71.9748,48.056],[-71.974,48.0603],[-71.969,48.0636],[-71.9689,48.0668],[-71.9655,48.0731],[-71.9649,48.0813],[-71.9624,48.0825],[-71.9619,48.0852],[-71.9486,48.0884],[-71.9449,48.0916],[-71.9399,48.0925],[-71.9357,48.098],[-71.9333,48.0986],[-71.9327,48.1003],[-71.9337,48.1027],[-71.9256,48.1039],[-71.922,48.1064],[-71.9158,48.1153],[-71.9089,48.1206],[-71.9078,48.128],[-71.906,48.1308],[-71.8987,48.1335],[-71.8947,48.1429],[-71.8865,48.1462],[-71.8844,48.1591],[-71.8818,48.1641],[-71.8868,48.1767],[-71.8957,48.1813],[-71.8957,48.1844],[-71.9028,48.1837],[-71.904,48.1852],[-71.9073,48.1856],[-71.9169,48.1845],[-71.925,48.191],[-71.9318,48.2011],[-71.9272,48.206],[-71.926,48.2096],[-71.9305,48.2116],[-71.9308,48.2143],[-71.9371,48.2189],[-71.941,48.224],[-71.9444,48.225],[-71.9445,48.2267],[-71.9429,48.2274],[-71.9442,48.2321],[-71.9521,48.2432],[-71.9587,48.2502],[-71.9103,48.2414],[-71.8875,48.2972],[-71.9282,48.3038],[-71.905,48.3516],[-71.9083,48.3523],[-71.9019,48.3663],[-71.9651,48.3792],[-71.9665,48.3842],[-71.9719,48.3853],[-71.9733,48.3872],[-71.9766,48.3884],[-71.9774,48.395],[-71.9708,48.3978],[-71.9717,48.4027],[-71.9642,48.4095],[-71.9644,48.4074],[-71.9596,48.4107],[-71.9592,48.415],[-71.9626,48.4181],[-71.9619,48.421],[-71.9553,48.42],[-71.9295,48.4267],[-71.9188,48.4266],[-71.9082,48.4291],[-71.8963,48.4253],[-71.8675,48.4332],[-71.8028,48.4817],[-71.7978,48.4844],[-71.7921,48.4856],[-71.793,48.489],[-71.7909,48.4937],[-71.7826,48.5034],[-71.7781,48.5023],[-71.7826,48.4999],[-71.7841,48.4958],[-71.7796,48.4973],[-71.7785,48.5002],[-71.7733,48.5015],[-71.7739,48.5053],[-71.7795,48.5041],[-71.7782,48.5081],[-71.7738,48.5118],[-71.7784,48.5121],[-71.776,48.5184],[-71.7777,48.5238],[-71.7767,48.5268],[-71.7814,48.5255],[-71.7867,48.5278],[-71.7907,48.5355],[-71.7897,48.5403],[-71.7842,48.5378],[-71.785,48.5409],[-71.7805,48.5416],[-71.783,48.5446],[-71.7801,48.5488],[-71.7834,48.5548],[-71.7809,48.5586],[-71.7759,48.5617],[-71.7696,48.5569],[-71.7637,48.5552],[-71.7673,48.561],[-71.7644,48.5648],[-71.7584,48.5647],[-71.7455,48.5599],[-71.7447,48.5633],[-71.7455,48.5671],[-71.7442,48.5709],[-71.745,48.5746],[-71.742,48.5782],[-71.7354,48.5722],[-71.7294,48.5693],[-71.7199,48.5601]]],[[[-71.4827,48.5152],[-71.4827,48.5152],[-71.4828,48.5152],[-71.4827,48.5152]]],[[[-71.7496,48.5992],[-71.7479,48.5959],[-71.7411,48.5934],[-71.7434,48.5964],[-71.743,48.5997],[-71.7393,48.6035],[-71.7339,48.6039],[-71.7282,48.6026],[-71.7274,48.5995],[-71.7244,48.6028],[-71.7198,48.6051],[-71.7152,48.6055],[-71.6978,48.6025],[-71.6959,48.5996],[-71.6915,48.6015],[-71.6856,48.6021],[-71.6693,48.5958],[-71.6659,48.5926],[-71.6647,48.5893],[-71.6663,48.5864],[-71.6617,48.5874],[-71.6557,48.5818],[-71.6515,48.5857],[-71.643,48.5846],[-71.6355,48.5752],[-71.6219,48.5664],[-71.6169,48.5543],[-71.618,48.5437],[-71.6165,48.5406],[-71.6212,48.5407],[-71.6363,48.5485],[-71.6406,48.5484],[-71.6578,48.5551],[-71.6595,48.5615],[-71.6649,48.565],[-71.6985,48.5682],[-71.7043,48.5701],[-71.7056,48.5668],[-71.7152,48.5606],[-71.7198,48.5622],[-71.7262,48.5694],[-71.7359,48.5748],[-71.7404,48.5797],[-71.7458,48.5795],[-71.7489,48.5753],[-71.7573,48.5753],[-71.7602,48.5715],[-71.7629,48.5747],[-71.7685,48.5741],[-71.7722,48.5703],[-71.7774,48.5718],[-71.7733,48.579],[-71.7748,48.5822],[-71.7709,48.5891],[-71.7738,48.5929],[-71.7783,48.5936],[-71.7818,48.5969],[-71.7786,48.6004],[-71.7749,48.5974],[-71.7685,48.5994],[-71.7773,48.6045],[-71.7739,48.6083],[-71.7556,48.6036],[-71.7496,48.5992]]],[[[-71.7484,48.5712],[-71.7521,48.5642],[-71.7572,48.5659],[-71.7584,48.5687],[-71.7568,48.5717],[-71.7509,48.5736],[-71.7484,48.5712]]],[[[-72.0791,48.7477],[-72.0843,48.7341],[-72.095,48.7411],[-72.0948,48.7443],[-72.0842,48.7477],[-72.0791,48.7477]]]]}},{"type":"Feature","properties":{"CO_CEP":321,"NM_CEP":"Viau"},"geometry":{"type":"MultiPolygon","coordinates":[[[[-73.6005,45.574],[-73.6016,45.5728],[-73.5863,45.5661],[-73.6035,45.5463],[-73.6454,45.5647],[-73.633,45.5801],[-73.6319,45.5797],[-73.6269,45.5855],[-73.6005,45.574]]]]}},{"type":"Feature","properties":{"CO_CEP":611,"NM_CEP":"Masson"},"geometry":{"type":"MultiPolygon","coordinates":[[[[-73.5501,45.817],[-73.5518,45.7934],[-73.5249,45.7924],[-73.528,45.7534],[-73.518,45.7477],[-73.5187,45.7449],[-73.5003,45.7353],[-73.5004,45.7282],[-73.4972,45.7258],[-73.4972,45.7221],[-73.4883,45.7172],[-73.4876,45.7141],[-73.5065,45.7053],[-73.5284,45.7008],[-73.5434,45.6995],[-73.5544,45.7013],[-73.5792,45.6958],[-73.5779,45.6982],[-73.5766,45.7151],[-73.6685,45.7264],[-73.6993,45.747],[-73.6904,45.765],[-73.701,45.7686],[-73.688,45.7942],[-73.6799,45.7903],[-73.6691,45.7876],[-73.6691,45.7867],[-73.654,45.7961],[-73.6531,45.7984],[-73.6539,45.7992],[-73.6529,45.7999],[-73.6539,45.8033],[-73.6506,45.8066],[-73.6491,45.8104],[-73.6443,45.8136],[-73.6195,45.7964],[-73.5944,45.8133],[-73.5911,45.8122],[-73.5909,45.8171],[-73.5804,45.8161],[-73.5806,45.8204],[-73.5501,45.817]]]]}},{"type":"Feature","properties":{"CO_CEP":769,"NM_CEP":"Chauveau"},"geometry":{"type":"MultiPolygon","coordinates":[[[[-71.4597,47.3458],[-71.4352,47.3277],[-71.3716,47.2649],[-71.2985,47.2022],[-71.252,47.1542],[-71.2685,47.1466],[-71.2599,47.1376],[-71.2637,47.1359],[-71.2637,47.1339],[-71.2406,47.1337],[-71.2436,47.1233],[-71.2377,47.1225],[-71.2317,47.1166],[-71.218,47.1232],[-71.2193,47.1269],[-71.1784,47.1015],[-71.1868,47.0974],[-71.1727,47.0878],[-71.1928,47.0873],[-71.1914,47.0854],[-71.1919,47.0827],[-71.1837,47.073],[-71.2163,47.0572],[-71.2078,47.0484],[-71.2707,47.0185],[-71.2229,46.9694],[-71.2851,46.9403],[-71.2632,46.9178],[-71.307,46.9017],[-71.3046,46.8995],[-71.316,46.8948],[-71.3111,46.8872],[-71.313,46.8864],[-71.2971,46.8698],[-71.3045,46.8688],[-71.3077,46.8701],[-71.312,46.8697],[-71.3417,46.8565],[-71.3411,46.8557],[-71.3473,46.8528],[-71.3483,46.8498],[-71.3469,46.8462],[-71.3436,46.8446],[-71.3416,46.8415],[-71.3419,46.8361],[-71.35,46.8319],[-71.3877,46.8602],[-71.3906,46.8608],[-71.4006,46.868],[-71.4127,46.8629],[-71.4294,46.8703],[-71.4652,46.88],[-71.4602,46.8833],[-71.473,46.8922],[-71.4384,46.9147],[-71.4334,46.911],[-71.4056,46.9232],[-71.448,46.9675],[-71.4206,46.9807],[-71.4717,47.0322],[-71.5038,47.0627],[-71.6317,47.1925],[-71.6703,47.216],[-71.7153,47.25],[-71.8242,47.3245],[-71.8271,47.3236],[-71.8283,47.3264],[-71.8276,47.3291],[-71.8322,47.3294],[-71.8369,47.3315],[-71.8425,47.3309],[-71.8616,47.3381],[-71.8631,47.3373],[-71.8623,47.3361],[-71.8665,47.3355],[-71.8905,47.3429],[-71.9073,47.3509],[-71.9194,47.3544],[-71.9353,47.3626],[-71.9531,47.3744],[-71.9578,47.3754],[-71.9602,47.3779],[-71.9604,47.3822],[-71.9636,47.3833],[-71.968,47.3869],[-71.9728,47.3885],[-71.9787,47.3881],[-71.9868,47.3902],[-71.9915,47.3899],[-72.0007,47.3944],[-72.0071,47.3997],[-72.0109,47.405],[-72.0158,47.4084],[-72.0199,47.4081],[-72.026,47.4033],[-72.0315,47.4031],[-72.0342,47.4009],[-72.0431,47.405],[-72.0472,47.4031],[-72.0568,47.4093],[-72.0784,47.4095],[-72.0793,47.4053],[-72.0824,47.4016],[-72.0859,47.401],[-72.0928,47.3943],[-72.0996,47.3937],[-72.0991,47.3894],[-72.1007,47.384],[-72.1073,47.3821],[-72.1126,47.3783],[-72.127,47.3792],[-72.1301,47.3738],[-72.135,47.3743],[-72.1353,47.3705],[-72.1376,47.3669],[-72.1389,47.3672],[-72.1458,47.3726],[-72.1465,47.3791],[-72.1478,47.3808],[-72.1521,47.3822],[-72.1552,47.3815],[-72.1597,47.3835],[-72.1596,47.3859],[-72.1614,47.3865],[-72.1602,47.3919],[-72.146,47.3993],[-72.1452,47.4035],[-72.1413,47.4105],[-72.1426,47.415],[-72.1441,47.416],[-72.1439,47.4175],[-72.1477,47.4193],[-72.1589,47.4213],[-72.1634,47.4265],[-72.1635,47.4292],[-72.1674,47.4307],[-72.1698,47.4357],[-72.1739,47.4391],[-72.1715,47.4424],[-72.1722,47.4445],[-72.171,47.4482],[-72.1686,47.4503],[-72.1694,47.4524],[-72.1715,47.4534],[-72.1726,47.4572],[-72.1713,47.4618],[-72.1673,47.4643],[-72.161,47.4638],[-72.1626,47.4685],[-72.1717,47.4766],[-72.1782,47.478],[-72.1828,47.4768],[-72.1884,47.4813],[-72.2011,47.4854],[-72.2019,47.4876],[-72.199,47.492],[-72.196,47.4924],[-72.1943,47.4949],[-72.1958,47.5007],[-72.1977,47.5021],[-72.2055,47.5009],[-72.2074,47.5048],[-72.2145,47.5119],[-72.2144,47.515],[-72.2178,47.5171],[-72.2229,47.5236],[-72.2268,47.524],[-72.23,47.5308],[-72.2394,47.5359],[-71.8905,47.7702],[-71.4597,47.3458]]]]}},{"type":"Feature","properties":{"CO_CEP":151,"NM_CEP":"Nicolet-Bécancour"},"geometry":{"type":"MultiPolygon","coordinates":[[[[-72.0815,46.5569],[-72.0683,46.5609],[-72.064,46.56],[-72.0541,46.5614],[-72.0461,46.5609],[-72.0359,46.5581],[-72.0377,46.5572],[-72.0331,46.5554],[-72.0321,46.5533],[-72.0284,46.553],[-72.0134,46.5427],[-72.0118,46.5437],[-71.8812,46.4508],[-71.9741,46.3864],[-71.8658,46.3071],[-71.8808,46.3032],[-71.8826,46.3013],[-71.8829,46.2986],[-71.8853,46.2968],[-71.8968,46.2933],[-71.9104,46.2912],[-71.9135,46.2881],[-71.9168,46.2872],[-71.9208,46.2833],[-71.9191,46.2802],[-71.9218,46.2775],[-71.9227,46.2736],[-71.9293,46.2714],[-71.9348,46.2626],[-71.9416,46.2586],[-71.9449,46.2577],[-71.9479,46.2595],[-71.9528,46.2569],[-71.9556,46.2569],[-71.9595,46.2602],[-71.9614,46.2603],[-71.9693,46.2574],[-71.972,46.2509],[-71.986,46.247],[-71.9855,46.2174],[-71.9652,46.2256],[-71.9647,46.211],[-71.9579,46.214],[-71.9575,46.1994],[-71.9513,46.2018],[-71.9507,46.1726],[-71.9647,46.1673],[-71.9651,46.1526],[-71.9717,46.1502],[-71.9715,46.1353],[-71.9778,46.1328],[-71.9778,46.118],[-71.9846,46.1151],[-71.9846,46.1135],[-72.0524,46.0997],[-72.0527,46.1144],[-72.0544,46.1141],[-72.0542,46.1299],[-72.1292,46.1147],[-72.1295,46.1293],[-72.1494,46.1252],[-72.1494,46.1106],[-72.1725,46.1059],[-72.1726,46.0983],[-72.1784,46.0971],[-72.1783,46.1008],[-72.192,46.0915],[-72.1918,46.1023],[-72.2141,46.0977],[-72.2141,46.0831],[-72.2158,46.0827],[-72.2158,46.0814],[-72.2252,46.0873],[-72.2583,46.0632],[-72.2904,46.0462],[-72.3072,46.0312],[-72.3544,46.0587],[-72.3971,46.0231],[-72.4107,46.0319],[-72.4097,46.0385],[-72.4144,46.0442],[-72.4208,46.0465],[-72.425,46.0458],[-72.4311,46.0422],[-72.4403,46.0473],[-72.4425,46.0448],[-72.4451,46.045],[-72.4503,46.0417],[-72.4545,46.0414],[-72.4578,46.0387],[-72.4753,46.0402],[-72.4805,46.0369],[-72.4853,46.0431],[-72.4919,46.0474],[-72.4947,46.0526],[-72.4982,46.0544],[-72.4936,46.066],[-72.4925,46.0736],[-72.49,46.0759],[-72.4911,46.0778],[-72.4947,46.0804],[-72.5074,46.0841],[-72.5084,46.0883],[-72.5069,46.0926],[-72.5077,46.0955],[-72.5136,46.0957],[-72.5174,46.0976],[-72.5272,46.0891],[-72.5453,46.0775],[-72.5429,46.0758],[-72.565,46.0615],[-72.5334,46.0384],[-72.5443,46.0311],[-72.5409,46.0285],[-72.552,46.0213],[-72.5662,46.0317],[-72.5883,46.0167],[-72.5936,46.0208],[-72.6005,46.0161],[-72.6182,46.029],[-72.6552,46.0067],[-72.6626,46.0104],[-72.6735,46.0128],[-72.6815,46.0165],[-72.6964,46.0185],[-72.7142,46.0256],[-72.7229,46.0274],[-72.7334,46.0329],[-72.7682,46.0095],[-72.7767,46.0115],[-72.7858,46.0107],[-72.8061,46.016],[-72.8162,46.0252],[-72.8283,46.032],[-72.8299,46.0211],[-72.8606,46.0428],[-72.868,46.0334],[-72.8745,46.038],[-72.8802,46.0342],[-72.9412,46.0767],[-72.9399,46.0784],[-72.9421,46.0809],[-72.9422,46.0894],[-72.9441,46.0897],[-72.9444,46.0885],[-72.9448,46.0792],[-72.9537,46.0849],[-72.9526,46.0863],[-72.9564,46.0868],[-72.9739,46.0989],[-72.9465,46.1194],[-72.9341,46.1268],[-72.9356,46.1231],[-72.9269,46.1237],[-72.9166,46.1299],[-72.9113,46.1288],[-72.9052,46.1297],[-72.9107,46.124],[-72.9095,46.1211],[-72.9041,46.1207],[-72.8991,46.1184],[-72.8892,46.123],[-72.8736,46.1327],[-72.8638,46.1289],[-72.853,46.1304],[-72.8395,46.1371],[-72.8235,46.1411],[-72.8141,46.1403],[-72.809,46.1381],[-72.8053,46.1413],[-72.7966,46.1422],[-72.7957,46.1452],[-72.7845,46.1451],[-72.7724,46.149],[-72.764,46.1541],[-72.7621,46.1581],[-72.7578,46.1593],[-72.7502,46.1674],[-72.7472,46.1621],[-72.7402,46.1631],[-72.7249,46.1679],[-72.7154,46.1734],[-72.7042,46.1833],[-72.692,46.1897],[-72.691,46.193],[-72.6822,46.1916],[-72.6679,46.1936],[-72.6572,46.1998],[-72.6525,46.2081],[-72.6528,46.2128],[-72.6553,46.2166],[-72.6607,46.2213],[-72.6669,46.2235],[-72.6666,46.2289],[-72.6692,46.2361],[-72.6638,46.2392],[-72.6464,46.2567],[-72.6409,46.2595],[-72.6429,46.254],[-72.6383,46.2553],[-72.6295,46.2604],[-72.619,46.2716],[-72.6133,46.2721],[-72.57,46.2906],[-72.5568,46.2986],[-72.5311,46.3193],[-72.5279,46.3224],[-72.5244,46.3285],[-72.518,46.3345],[-72.5086,46.3365],[-72.5,46.343],[-72.4874,46.3495],[-72.4736,46.3603],[-72.4551,46.3688],[-72.4497,46.3732],[-72.4447,46.3682],[-72.4426,46.3735],[-72.4429,46.3766],[-72.4364,46.3768],[-72.4384,46.373],[-72.4333,46.3743],[-72.4321,46.3774],[-72.4194,46.3787],[-72.4024,46.385],[-72.3923,46.3906],[-72.3832,46.3924],[-72.3798,46.4005],[-72.371,46.3993],[-72.371,46.3944],[-72.3665,46.3938],[-72.3608,46.3964],[-72.3492,46.3957],[-72.344,46.3991],[-72.3304,46.3969],[-72.3216,46.3995],[-72.3192,46.4028],[-72.314,46.4055],[-72.3034,46.4045],[-72.2932,46.4053],[-72.2721,46.4133],[-72.2516,46.418],[-72.2369,46.4282],[-72.2353,46.4388],[-72.2248,46.4505],[-72.22,46.4691],[-72.2129,46.4883],[-72.2076,46.4959],[-72.2032,46.5083],[-72.1887,46.5151],[-72.1827,46.5217],[-72.174,46.528],[-72.1648,46.5388],[-72.1279,46.5526],[-72.1258,46.5557],[-72.1084,46.5606],[-72.0815,46.5569]]]]}},{"type":"Feature","properties":{"CO_CEP":279,"NM_CEP":"Notre-Dame-de-Grâce"},"geometry":{"type":"MultiPolygon","coordinates":[[[[-73.6124,45.4826],[-73.6143,45.4807],[-73.6054,45.4766],[-73.5985,45.4741],[-73.5952,45.4764],[-73.5965,45.4732],[-73.6069,45.4671],[-73.6187,45.4621],[-73.6211,45.4623],[-73.6204,45.4617],[-73.6352,45.4508],[-73.6321,45.4496],[-73.6388,45.4467],[-73.6431,45.4483],[-73.6448,45.4476],[-73.6682,45.4565],[-73.6673,45.4576],[-73.6596,45.4546],[-73.658,45.4559],[-73.6613,45.4572],[-73.6572,45.4601],[-73.6583,45.4615],[-73.6459,45.4733],[-73.6395,45.4768],[-73.6245,45.4793],[-73.6194,45.4833],[-73.6152,45.4839],[-73.6124,45.4826]]]]}},{"type":"Feature","properties":{"CO_CEP":749,"NM_CEP":"Vanier-Les Rivières"},"geometry":{"type":"MultiPolygon","coordinates":[[[[-71.3045,46.8688],[-71.2971,46.8698],[-71.2794,46.8508],[-71.2707,46.8441],[-71.2541,46.8264],[-71.2394,46.8199],[-71.2396,46.8176],[-71.2415,46.8156],[-71.2491,46.8144],[-71.2532,46.8105],[-71.258,46.8083],[-71.2693,46.8078],[-71.2579,46.7988],[-71.2679,46.796],[-71.2978,46.7934],[-71.3136,46.7893],[-71.3166,46.7945],[-71.3223,46.7919],[-71.3215,46.7913],[-71.3236,46.79],[-71.3299,46.7946],[-71.3316,46.7934],[-71.3381,46.7982],[-71.3356,46.7996],[-71.345,46.8078],[-71.3387,46.8128],[-71.3189,46.8188],[-71.3205,46.823],[-71.3292,46.8253],[-71.3324,46.8274],[-71.3299,46.8274],[-71.3316,46.8317],[-71.3441,46.8309],[-71.3423,46.8323],[-71.3428,46.8336],[-71.3409,46.8342],[-71.3425,46.839],[-71.3416,46.8415],[-71.3436,46.8446],[-71.3469,46.8462],[-71.3483,46.8498],[-71.3473,46.8528],[-71.3411,46.8557],[-71.3417,46.8565],[-71.312,46.8697],[-71.3077,46.8701],[-71.3045,46.8688]]]]}},{"type":"Feature","properties":{"CO_CEP":701,"NM_CEP":"Champlain"},"geometry":{"type":"MultiPolygon","coordinates":[[[[-72.1675,46.8746],[-72.2045,46.8496],[-72.2284,46.8352],[-72.2333,46.8385],[-72.2483,46.8282],[-72.2724,46.8451],[-72.2933,46.8364],[-72.2985,46.8285],[-72.3065,46.8339],[-72.3342,46.8145],[-72.3451,46.8224],[-72.3673,46.8087],[-72.3719,46.8072],[-72.3936,46.7921],[-72.2422,46.686],[-72.1027,46.5848],[-72.1075,46.5813],[-72.124,46.5817],[-72.144,46.5782],[-72.1606,46.5709],[-72.1691,46.5686],[-72.1782,46.5603],[-72.1907,46.5544],[-72.1965,46.553],[-72.2054,46.5539],[-72.2038,46.5482],[-72.2167,46.5462],[-72.2208,46.5414],[-72.2276,46.5293],[-72.2389,46.52],[-72.2362,46.519],[-72.2408,46.5063],[-72.2506,46.494],[-72.2543,46.4787],[-72.2595,46.4692],[-72.2622,46.458],[-72.265,46.4538],[-72.2756,46.4482],[-72.2916,46.4444],[-72.3356,46.4412],[-72.3484,46.4388],[-72.3652,46.4308],[-72.3855,46.4145],[-72.4102,46.4109],[-72.4226,46.407],[-72.4422,46.3975],[-72.4669,46.3914],[-72.486,46.3802],[-72.4913,46.3746],[-72.4939,46.3696],[-72.5078,46.3578],[-72.5319,46.3613],[-72.5338,46.3624],[-72.5356,46.367],[-72.5377,46.368],[-72.5518,46.3664],[-72.5583,46.3668],[-72.575,46.369],[-72.5933,46.3751],[-72.6045,46.3753],[-72.6083,46.3782],[-72.6125,46.3867],[-72.62,46.3914],[-72.6248,46.3972],[-72.6296,46.3968],[-72.6406,46.3929],[-72.6455,46.3933],[-72.6602,46.4034],[-72.6752,46.4083],[-72.6791,46.4108],[-72.6671,46.4205],[-72.5888,46.4745],[-72.6188,46.4959],[-72.6045,46.5057],[-72.5943,46.5058],[-72.536,46.5472],[-72.5686,46.5718],[-72.6141,46.602],[-72.5831,46.624],[-72.6556,46.6706],[-72.6429,46.6792],[-72.6825,46.7065],[-72.6716,46.7139],[-72.6739,46.7155],[-72.6711,46.7173],[-72.6742,46.72],[-72.6736,46.722],[-72.6643,46.7157],[-72.6316,46.7379],[-72.6405,46.744],[-72.5881,46.7827],[-72.7153,46.867],[-72.6127,46.9405],[-72.5651,46.9083],[-72.5436,46.9225],[-72.5456,46.9238],[-72.5156,46.945],[-72.5601,46.9709],[-72.4596,47.0437],[-72.437,47.0582],[-72.1675,46.8746]]]]}},{"type":"Feature","properties":{"CO_CEP":631,"NM_CEP":"Rousseau"},"geometry":{"type":"MultiPolygon","coordinates":[[[[-73.5678,46.0303],[-73.5489,46.0431],[-73.5343,46.0329],[-73.5304,46.0357],[-73.5171,46.0262],[-73.5216,46.0231],[-73.508,46.0134],[-73.5254,46.0019],[-73.5126,45.9927],[-73.5109,45.9939],[-73.5104,45.9924],[-73.5127,45.9903],[-73.5149,45.9911],[-73.5172,45.9897],[-73.5403,45.9724],[-73.5186,45.963],[-73.5164,45.9646],[-73.5,45.9584],[-73.4851,45.9563],[-73.4788,45.9569],[-73.4707,45.9598],[-73.4593,45.9513],[-73.4595,45.9484],[-73.4564,45.9463],[-73.4639,45.9048],[-73.47,45.903],[-73.4725,45.8998],[-73.4809,45.8971],[-73.4819,45.8955],[-73.4806,45.8929],[-73.485,45.8913],[-73.4903,45.8943],[-73.4872,45.9],[-73.4935,45.9025],[-73.4926,45.9008],[-73.4943,45.8997],[-73.4982,45.8998],[-73.5328,45.8772],[-73.5244,45.8712],[-73.5271,45.8709],[-73.5281,45.8696],[-73.5286,45.8714],[-73.5321,45.8726],[-73.5337,45.8714],[-73.5285,45.8688],[-73.5312,45.8672],[-73.5366,45.8709],[-73.5357,45.8695],[-73.5369,45.8681],[-73.5357,45.8673],[-73.5399,45.8662],[-73.5335,45.8618],[-73.5374,45.8609],[-73.5386,45.8418],[-73.546,45.8431],[-73.5546,45.8364],[-73.5574,45.8361],[-73.5582,45.8246],[-73.5785,45.8275],[-73.5806,45.8204],[-73.5804,45.8161],[-73.5909,45.8171],[-73.5911,45.8122],[-73.5944,45.8133],[-73.6195,45.7964],[-73.6443,45.8136],[-73.6491,45.8104],[-73.6506,45.8066],[-73.6539,45.8033],[-73.6529,45.7999],[-73.6539,45.7992],[-73.6531,45.7984],[-73.654,45.7961],[-73.6691,45.7867],[-73.6691,45.7876],[-73.6799,45.7903],[-73.6939,45.7962],[-73.7005,45.7969],[-73.6969,45.8044],[-73.7406,45.8056],[-73.7473,45.8101],[-73.7556,45.8116],[-73.7554,45.8134],[-73.7699,45.8168],[-73.7708,45.8103],[-73.7767,45.8105],[-73.7795,45.815],[-73.7977,45.8272],[-73.8004,45.8267],[-73.8078,45.8215],[-73.8731,45.8667],[-73.9009,45.8846],[-73.8827,45.8883],[-73.9504,45.9335],[-73.9346,45.9448],[-73.9533,45.954],[-73.9479,45.9576],[-73.975,45.9769],[-73.9707,45.9793],[-73.9406,46.0052],[-73.9209,46.0192],[-73.9185,46.0177],[-73.9181,46.0191],[-73.9105,46.0144],[-73.9079,46.0162],[-73.8978,46.0106],[-73.8728,46.0288],[-73.858,46.021],[-73.857,46.0217],[-73.8554,46.0205],[-73.8538,46.0216],[-73.7885,45.9769],[-73.7081,46.0314],[-73.7055,46.0311],[-73.7046,46.0287],[-73.7036,46.0304],[-73.6991,46.0311],[-73.6985,46.0348],[-73.6971,46.0355],[-73.6893,46.0316],[-73.6874,46.0315],[-73.6872,46.0343],[-73.6849,46.0321],[-73.6821,46.0327],[-73.6776,46.0271],[-73.6768,46.0207],[-73.6779,46.0182],[-73.6764,46.0163],[-73.6702,46.013],[-73.6647,46.0144],[-73.6581,46.0097],[-73.6223,46.0345],[-73.6346,46.0433],[-73.6103,46.0593],[-73.5678,46.0303]]]]}},{"type":"Feature","properties":{"CO_CEP":671,"NM_CEP":"Rouyn-Noranda-Témiscamingue"},"geometry":{"type":"MultiPolygon","coordinates":[[[[-78.8647,48.5749],[-78.8649,48.5615],[-78.7878,48.5611],[-78.7879,48.554],[-78.7103,48.5543],[-78.7104,48.5702],[-78.6947,48.5717],[-78.6885,48.5711],[-78.6793,48.5749],[-78.6471,48.575],[-78.6468,48.4305],[-78.5406,48.4304],[-78.541,48.2869],[-78.6496,48.2871],[-78.6495,48.2296],[-78.6359,48.2312],[-78.6356,48.2149],[-78.6496,48.2128],[-78.6491,48.1251],[-78.6528,47.9961],[-78.694,47.9962],[-78.69,47.972],[-78.6874,47.9634],[-78.6904,47.9536],[-78.6847,47.9469],[-78.6831,47.9414],[-78.6727,47.9308],[-78.6685,47.9243],[-78.6609,47.9235],[-78.6578,47.9214],[-78.6666,47.9144],[-78.6752,47.9104],[-78.6928,47.9066],[-78.6977,47.9036],[-78.7014,47.895],[-78.7039,47.8802],[-78.653,47.8802],[-78.653,47.8511],[-78.6545,47.8511],[-78.6547,47.7024],[-77.422,47.7026],[-77.4246,47.6977],[-77.4234,47.6963],[-77.4205,47.6965],[-77.4188,47.6956],[-77.4186,47.6943],[-77.4171,47.6944],[-77.4191,47.6938],[-77.4195,47.6958],[-77.4234,47.6953],[-77.4242,47.6968],[-77.4249,47.6985],[-77.4276,47.6985],[-77.4297,47.6962],[-77.4297,47.6938],[-77.4244,47.6879],[-77.424,47.6853],[-77.4267,47.6831],[-77.4264,47.6819],[-77.4247,47.682],[-77.428,47.6806],[-77.4295,47.6779],[-77.4343,47.6771],[-77.4371,47.6729],[-77.4394,47.6734],[-77.4411,47.6715],[-77.4437,47.6717],[-77.4434,47.6747],[-77.4448,47.674],[-77.4455,47.6752],[-77.4463,47.674],[-77.4453,47.6732],[-77.4475,47.6727],[-77.4499,47.6666],[-77.4511,47.6673],[-77.4535,47.6659],[-77.4564,47.6627],[-77.4575,47.6589],[-77.4597,47.6595],[-77.4636,47.6566],[-77.4618,47.6543],[-77.4647,47.6496],[-77.4661,47.6487],[-77.4698,47.6494],[-77.4658,47.6411],[-77.4657,47.6389],[-77.4686,47.6359],[-77.4676,47.6359],[-77.4672,47.634],[-77.4594,47.6331],[-77.4593,47.6369],[-77.4576,47.6337],[-77.4506,47.6352],[-77.4489,47.6383],[-77.447,47.6382],[-77.4474,47.6366],[-77.4464,47.6363],[-77.4456,47.638],[-77.4428,47.6387],[-77.4448,47.6357],[-77.4518,47.6334],[-77.4513,47.6324],[-77.4603,47.6325],[-77.4551,47.6296],[-77.4599,47.6297],[-77.4624,47.6283],[-77.4636,47.6261],[-77.4588,47.6247],[-77.457,47.6226],[-77.4616,47.6244],[-77.467,47.624],[-77.4683,47.6203],[-77.4652,47.617],[-77.4684,47.6168],[-77.4664,47.6159],[-77.4661,47.6074],[-77.4638,47.6073],[-77.4601,47.6021],[-77.4526,47.5983],[-77.4486,47.5919],[-77.4423,47.5898],[-77.4363,47.5903],[-77.4338,47.5892],[-77.4339,47.5916],[-77.4315,47.5886],[-77.4316,47.5867],[-77.4258,47.5868],[-77.4241,47.5846],[-77.4288,47.5829],[-77.428,47.5798],[-77.4343,47.5831],[-77.4352,47.5868],[-77.4387,47.5893],[-77.4391,47.5885],[-77.4506,47.5904],[-77.4498,47.5921],[-77.4544,47.5972],[-77.4649,47.5966],[-77.4628,47.5985],[-77.4632,47.6002],[-77.4683,47.6029],[-77.4652,47.6023],[-77.4645,47.6037],[-77.47,47.6068],[-77.4703,47.6049],[-77.4685,47.6033],[-77.4728,47.6019],[-77.4745,47.6029],[-77.4737,47.6012],[-77.4783,47.5994],[-77.4777,47.5969],[-77.4805,47.5949],[-77.4792,47.5937],[-77.4767,47.5967],[-77.476,47.5952],[-77.4718,47.5949],[-77.4735,47.5929],[-77.4719,47.5904],[-77.4687,47.5919],[-77.4672,47.5903],[-77.4699,47.5903],[-77.4711,47.5885],[-77.4701,47.5875],[-77.472,47.588],[-77.4725,47.5901],[-77.4752,47.592],[-77.4765,47.5906],[-77.4806,47.5913],[-77.4834,47.5898],[-77.4821,47.5878],[-77.4845,47.5871],[-77.4842,47.5847],[-77.4861,47.5849],[-77.4882,47.5802],[-77.4921,47.5787],[-77.4898,47.578],[-77.4885,47.5744],[-77.489,47.5655],[-77.4913,47.5657],[-77.4946,47.5681],[-77.4989,47.5676],[-77.5008,47.5694],[-77.501,47.566],[-77.4949,47.562],[-77.5022,47.5626],[-77.5,47.5604],[-77.504,47.5513],[-77.5037,47.5503],[-77.501,47.5526],[-77.4984,47.5592],[-77.4962,47.5605],[-77.4935,47.5586],[-77.4944,47.5574],[-77.4927,47.5495],[-77.4941,47.5418],[-77.4928,47.5407],[-77.4867,47.5396],[-77.4767,47.5431],[-77.4755,47.5411],[-77.4741,47.5428],[-77.4741,47.5454],[-77.4699,47.5475],[-77.4679,47.5422],[-77.4646,47.5441],[-77.4641,47.5415],[-77.4607,47.5413],[-77.4617,47.5402],[-77.4598,47.5381],[-77.4534,47.5373],[-77.4512,47.5402],[-77.4505,47.539],[-77.4481,47.5392],[-77.4406,47.5415],[-77.443,47.5384],[-77.44,47.5377],[-77.444,47.5354],[-77.4481,47.5358],[-77.4508,47.5323],[-77.4498,47.5353],[-77.4516,47.5362],[-77.4536,47.5353],[-77.4543,47.5321],[-77.457,47.5308],[-77.4561,47.5297],[-77.4571,47.529],[-77.4582,47.5297],[-77.4605,47.5281],[-77.4601,47.5298],[-77.4613,47.5307],[-77.4625,47.5296],[-77.4642,47.53],[-77.4631,47.5332],[-77.4618,47.5334],[-77.4624,47.5346],[-77.467,47.5334],[-77.4707,47.5279],[-77.4689,47.5265],[-77.4717,47.5266],[-77.4721,47.524],[-77.4701,47.5222],[-77.4631,47.5264],[-77.4629,47.5239],[-77.4617,47.5244],[-77.4584,47.5278],[-77.4551,47.5265],[-77.457,47.5238],[-77.4564,47.5207],[-77.4508,47.519],[-77.447,47.5146],[-77.4481,47.5137],[-77.4457,47.5146],[-77.444,47.5112],[-77.4507,47.5123],[-77.4524,47.5104],[-77.4528,47.5072],[-77.4452,47.5036],[-77.4483,47.5037],[-77.4476,47.5023],[-77.443,47.5026],[-77.4421,47.5014],[-77.4376,47.5025],[-77.439,47.5021],[-77.4393,47.4954],[-77.4311,47.4908],[-77.4261,47.4936],[-77.4288,47.4909],[-77.4276,47.4897],[-77.4297,47.4901],[-77.4304,47.4885],[-77.4322,47.4898],[-77.4368,47.4852],[-77.4357,47.4871],[-77.4382,47.4888],[-77.4444,47.4886],[-77.4435,47.4903],[-77.4445,47.4921],[-77.4498,47.4952],[-77.4493,47.4965],[-77.4507,47.4968],[-77.4526,47.5025],[-77.4597,47.505],[-77.4593,47.5064],[-77.4661,47.5035],[-77.4634,47.5071],[-77.4676,47.5072],[-77.4675,47.5087],[-77.4703,47.5095],[-77.4721,47.5084],[-77.4764,47.5093],[-77.4806,47.5061],[-77.4764,47.5109],[-77.4798,47.5102],[-77.4802,47.5137],[-77.4818,47.5147],[-77.4871,47.5155],[-77.4904,47.5177],[-77.493,47.5168],[-77.5027,47.5079],[-77.4989,47.5099],[-77.5009,47.5041],[-77.498,47.4971],[-77.4969,47.4985],[-77.4951,47.4968],[-77.4867,47.4992],[-77.4847,47.4961],[-77.4858,47.495],[-77.484,47.4937],[-77.4819,47.4934],[-77.4831,47.496],[-77.478,47.4939],[-77.4714,47.4946],[-77.4712,47.4924],[-77.4729,47.4915],[-77.4723,47.4901],[-77.471,47.4887],[-77.4704,47.4903],[-77.4688,47.4899],[-77.4685,47.4915],[-77.4668,47.4898],[-77.4686,47.487],[-77.474,47.485],[-77.476,47.487],[-77.4755,47.4885],[-77.4783,47.491],[-77.4847,47.4935],[-77.4909,47.4934],[-77.4916,47.4958],[-77.4936,47.496],[-77.4972,47.4937],[-77.4977,47.4895],[-77.4985,47.4906],[-77.5011,47.4898],[-77.5046,47.4912],[-77.5069,47.4861],[-77.5065,47.4922],[-77.5098,47.4905],[-77.5051,47.4963],[-77.5122,47.4956],[-77.5132,47.4933],[-77.5151,47.493],[-77.5124,47.4974],[-77.5104,47.4983],[-77.5141,47.5001],[-77.5168,47.4989],[-77.5159,47.4961],[-77.5187,47.4948],[-77.5175,47.492],[-77.5185,47.4927],[-77.5225,47.491],[-77.5226,47.4871],[-77.5246,47.4872],[-77.5253,47.4888],[-77.5262,47.4847],[-77.5257,47.4825],[-77.5249,47.484],[-77.5235,47.4832],[-77.521,47.4853],[-77.5175,47.485],[-77.519,47.4829],[-77.5198,47.4834],[-77.521,47.4796],[-77.5163,47.4758],[-77.5181,47.4732],[-77.5168,47.4732],[-77.5164,47.4747],[-77.5148,47.4733],[-77.5154,47.4725],[-77.5127,47.4725],[-77.51,47.4696],[-77.5202,47.4715],[-77.5241,47.4653],[-77.5253,47.4658],[-77.5234,47.4693],[-77.526,47.4681],[-77.5223,47.4718],[-77.5227,47.4736],[-77.5259,47.4725],[-77.5286,47.4735],[-77.534,47.4703],[-77.5359,47.4729],[-77.5342,47.4742],[-77.5339,47.4767],[-77.5386,47.4717],[-77.5449,47.4715],[-77.5469,47.4721],[-77.5472,47.4731],[-77.546,47.4735],[-77.548,47.4735],[-77.5504,47.4771],[-77.5536,47.4768],[-77.5532,47.4804],[-77.5557,47.4753],[-77.5584,47.4751],[-77.5594,47.4763],[-77.5625,47.4747],[-77.5632,47.473],[-77.5663,47.4723],[-77.5669,47.4703],[-77.5659,47.4692],[-77.5673,47.4688],[-77.5626,47.4642],[-77.5654,47.4569],[-77.5612,47.459],[-77.5582,47.4578],[-77.5574,47.4564],[-77.5592,47.4553],[-77.5594,47.4533],[-77.5623,47.451],[-77.5648,47.4509],[-77.5655,47.4527],[-77.567,47.4527],[-77.5647,47.456],[-77.5655,47.4566],[-77.5672,47.454],[-77.5679,47.4501],[-77.5659,47.4503],[-77.565,47.4493],[-77.5676,47.4497],[-77.5729,47.4449],[-77.5791,47.4424],[-77.5782,47.4407],[-77.5802,47.4401],[-77.5804,47.438],[-77.5825,47.4384],[-77.5808,47.4387],[-77.5792,47.4424],[-77.5863,47.4457],[-77.5897,47.444],[-77.5934,47.4442],[-77.5944,47.4424],[-77.5958,47.4428],[-77.5944,47.4419],[-77.5965,47.441],[-77.6041,47.4407],[-77.6093,47.4372],[-77.6078,47.4288],[-77.614,47.4207],[-77.6172,47.419],[-77.6169,47.4161],[-77.6148,47.413],[-77.6114,47.4152],[-77.6083,47.4138],[-77.6083,47.4128],[-77.6048,47.4139],[-77.607,47.4121],[-77.6053,47.4104],[-77.6028,47.4105],[-77.6041,47.4096],[-77.6023,47.4098],[-77.6042,47.4091],[-77.6016,47.4086],[-77.6043,47.408],[-77.6015,47.405],[-77.5991,47.4053],[-77.6029,47.403],[-77.6018,47.404],[-77.6056,47.4067],[-77.606,47.4097],[-77.6102,47.4121],[-77.6108,47.4089],[-77.6159,47.4046],[-77.6213,47.4053],[-77.6188,47.41],[-77.6257,47.4106],[-77.6262,47.4125],[-77.6249,47.4134],[-77.626,47.4146],[-77.6273,47.4138],[-77.6315,47.4154],[-77.6293,47.4183],[-77.6323,47.4183],[-77.6335,47.4156],[-77.6354,47.4182],[-77.6363,47.4144],[-77.6403,47.4119],[-77.6412,47.4128],[-77.6388,47.4131],[-77.6384,47.4147],[-77.6374,47.4142],[-77.6368,47.4169],[-77.6404,47.416],[-77.6421,47.4192],[-77.644,47.4182],[-77.6482,47.4206],[-77.6488,47.423],[-77.6508,47.4235],[-77.651,47.4248],[-77.6569,47.4259],[-77.6593,47.4312],[-77.6611,47.432],[-77.6603,47.4333],[-77.6625,47.434],[-77.6662,47.4332],[-77.6634,47.4325],[-77.6633,47.4312],[-77.6614,47.4303],[-77.665,47.429],[-77.6689,47.4297],[-77.672,47.4265],[-77.6764,47.4263],[-77.6791,47.4234],[-77.6833,47.4228],[-77.6837,47.4252],[-77.6926,47.4268],[-77.6947,47.4286],[-77.6942,47.4275],[-77.698,47.4261],[-77.6979,47.4239],[-77.7039,47.4225],[-77.7037,47.4215],[-77.7075,47.4191],[-77.7108,47.4198],[-77.7124,47.4182],[-77.7171,47.4176],[-77.7181,47.4192],[-77.7256,47.4176],[-77.7302,47.4152],[-77.7341,47.417],[-77.7233,47.421],[-77.7184,47.425],[-77.7198,47.4244],[-77.7275,47.428],[-77.7382,47.4273],[-77.7385,47.4261],[-77.7413,47.4264],[-77.7403,47.4276],[-77.7463,47.4276],[-77.7483,47.4241],[-77.7541,47.4219],[-77.7537,47.4239],[-77.755,47.4234],[-77.7552,47.4248],[-77.7625,47.4247],[-77.7626,47.4223],[-77.7656,47.4209],[-77.767,47.4219],[-77.7682,47.4194],[-77.7714,47.4185],[-77.7663,47.4174],[-77.7658,47.4159],[-77.7669,47.4148],[-77.7656,47.4138],[-77.7576,47.4166],[-77.7536,47.4165],[-77.759,47.4147],[-77.7615,47.4118],[-77.7678,47.4097],[-77.7719,47.4069],[-77.7722,47.4026],[-77.7691,47.4011],[-77.7668,47.4016],[-77.7666,47.3988],[-77.7637,47.3961],[-77.7733,47.3906],[-77.7738,47.3914],[-77.7709,47.3947],[-77.772,47.395],[-77.7721,47.3967],[-77.7774,47.3933],[-77.7798,47.3939],[-77.7846,47.392],[-77.7878,47.3933],[-77.7927,47.3836],[-77.7897,47.3814],[-77.7901,47.3758],[-77.788,47.3754],[-77.7873,47.3737],[-77.7898,47.372],[-77.7939,47.3751],[-77.7922,47.3805],[-77.7933,47.3833],[-77.7966,47.3816],[-77.7987,47.3834],[-77.7983,47.3851],[-77.8024,47.3814],[-77.8038,47.3815],[-77.8041,47.3791],[-77.8022,47.3797],[-77.8024,47.3776],[-77.8013,47.3779],[-77.8006,47.3765],[-77.8021,47.3736],[-77.7989,47.3694],[-77.7976,47.365],[-77.7951,47.3632],[-77.7964,47.3621],[-77.7992,47.363],[-77.8046,47.3617],[-77.8083,47.3585],[-77.8109,47.3594],[-77.8153,47.3574],[-77.8172,47.3521],[-77.8218,47.3482],[-77.822,47.3469],[-77.8239,47.3462],[-77.8253,47.3431],[-77.8244,47.3424],[-77.8253,47.3412],[-77.8236,47.3409],[-77.8231,47.3383],[-77.8215,47.3377],[-77.8195,47.3398],[-77.8184,47.3387],[-77.8194,47.3338],[-77.8215,47.3347],[-77.8222,47.3373],[-77.8227,47.3343],[-77.8249,47.3363],[-77.829,47.336],[-77.8295,47.338],[-77.833,47.3355],[-77.8326,47.3375],[-77.8361,47.3366],[-77.8352,47.3378],[-77.8433,47.3364],[-77.8395,47.3365],[-77.8407,47.3349],[-77.844,47.334],[-77.8431,47.3311],[-77.8405,47.3324],[-77.8396,47.3313],[-77.8378,47.3329],[-77.8381,47.3312],[-77.8362,47.3317],[-77.8332,47.3302],[-77.8303,47.3311],[-77.8275,47.3279],[-77.8243,47.3281],[-77.8227,47.3309],[-77.8182,47.3256],[-77.8232,47.3252],[-77.8231,47.3263],[-77.8255,47.3276],[-77.8315,47.3257],[-77.8272,47.3236],[-77.8329,47.3231],[-77.834,47.324],[-77.8347,47.3222],[-77.8337,47.3211],[-77.8351,47.3199],[-77.8262,47.3185],[-77.8352,47.3191],[-77.8369,47.3155],[-77.8385,47.3167],[-77.8404,47.3142],[-77.8394,47.3114],[-77.8413,47.3096],[-77.8422,47.3033],[-77.8444,47.3032],[-77.8443,47.3083],[-77.843,47.3089],[-77.8438,47.3104],[-77.8414,47.3144],[-77.8412,47.3163],[-77.8423,47.3168],[-77.8406,47.3176],[-77.8401,47.3195],[-77.8451,47.3189],[-77.8452,47.3199],[-77.85,47.32],[-77.8521,47.3191],[-77.8513,47.3215],[-77.8484,47.3232],[-77.8446,47.3227],[-77.8439,47.3245],[-77.8463,47.3237],[-77.8484,47.3265],[-77.8565,47.3266],[-77.8568,47.3287],[-77.8604,47.3269],[-77.8608,47.3251],[-77.8572,47.3179],[-77.8577,47.312],[-77.8563,47.3071],[-77.8572,47.307],[-77.8573,47.3098],[-77.8603,47.3102],[-77.8583,47.3148],[-77.861,47.3179],[-77.864,47.3162],[-77.8638,47.3135],[-77.8676,47.3128],[-77.8683,47.3107],[-77.8728,47.3086],[-77.8718,47.3131],[-77.8799,47.3111],[-77.8803,47.307],[-77.8818,47.3052],[-77.8872,47.3054],[-77.8873,47.3015],[-77.8904,47.2978],[-77.8953,47.2983],[-77.8947,47.2972],[-77.8963,47.2954],[-77.9018,47.2942],[-77.9038,47.2908],[-77.9035,47.289],[-77.9053,47.289],[-77.9061,47.2913],[-77.9084,47.2922],[-77.9113,47.2885],[-77.9136,47.2888],[-77.9148,47.2862],[-77.926,47.2845],[-77.9229,47.2807],[-77.9248,47.2802],[-77.9235,47.2788],[-77.9254,47.2747],[-77.9296,47.2727],[-77.9296,47.2713],[-77.9315,47.2701],[-77.929,47.2663],[-77.9291,47.2637],[-77.9275,47.2675],[-77.9257,47.2677],[-77.9238,47.2649],[-77.9243,47.2636],[-77.915,47.2584],[-77.9183,47.2574],[-77.9183,47.2562],[-77.9161,47.2563],[-77.9151,47.255],[-77.9171,47.2538],[-77.9187,47.2549],[-77.9195,47.2544],[-77.9185,47.2533],[-77.9151,47.2507],[-77.9039,47.2473],[-77.9012,47.2433],[-77.8788,47.2453],[-77.8658,47.2428],[-77.8613,47.2403],[-77.8619,47.2386],[-77.8584,47.2363],[-77.8562,47.2252],[-77.8573,47.2213],[-77.8565,47.2199],[-77.8576,47.2192],[-77.8563,47.2188],[-77.8573,47.2184],[-77.8559,47.2171],[-77.8568,47.217],[-77.8566,47.2146],[-77.8554,47.2132],[-77.8573,47.2126],[-77.8545,47.2115],[-77.8557,47.2088],[-77.8573,47.2092],[-77.8572,47.2075],[-77.8555,47.2068],[-77.8547,47.2032],[-77.8516,47.1995],[-77.8523,47.1978],[-77.8504,47.1948],[-77.8507,47.1928],[-77.8525,47.1918],[-77.8513,47.1886],[-77.8523,47.1837],[-77.8511,47.1795],[-77.8494,47.1783],[-77.8532,47.1755],[-77.8551,47.1722],[-77.854,47.1674],[-77.8563,47.1676],[-77.8541,47.1668],[-77.852,47.1632],[-77.8532,47.1598],[-77.8485,47.1566],[-77.8517,47.1544],[-77.8515,47.1526],[-77.8471,47.1498],[-77.8483,47.1481],[-77.8499,47.1485],[-77.8539,47.1463],[-77.8529,47.1449],[-77.8494,47.1453],[-77.8528,47.1434],[-77.8511,47.1419],[-77.8453,47.1417],[-77.8461,47.1397],[-77.8435,47.1316],[-77.8454,47.1302],[-77.8426,47.1274],[-77.8452,47.1249],[-77.8445,47.1234],[-77.8455,47.123],[-77.8443,47.1208],[-77.8416,47.1198],[-77.8465,47.1156],[-77.8455,47.115],[-77.8462,47.1132],[-77.8427,47.1104],[-77.8429,47.1094],[-77.8453,47.1092],[-77.8447,47.1067],[-77.8473,47.1051],[-77.8448,47.1052],[-77.8446,47.1034],[-77.8429,47.1034],[-77.839,47.1046],[-77.8402,47.1073],[-77.8383,47.1068],[-77.8361,47.1089],[-77.834,47.1084],[-77.8354,47.1068],[-77.8346,47.1063],[-77.8281,47.1087],[-77.8262,47.1082],[-77.8324,47.1058],[-77.8308,47.1051],[-77.834,47.1014],[-77.8332,47.0997],[-77.8344,47.0997],[-77.8331,47.099],[-77.8342,47.0942],[-77.8329,47.0924],[-77.8347,47.0919],[-77.8333,47.0911],[-77.8365,47.089],[-77.8311,47.0861],[-77.8281,47.0794],[-77.8299,47.0735],[-77.8299,47.0668],[-77.8278,47.0661],[-77.8279,47.0602],[-77.8325,47.0574],[-77.8335,47.0545],[-77.8368,47.0542],[-77.8381,47.0529],[-77.8342,47.0496],[-77.8331,47.0455],[-77.8406,47.0432],[-77.8411,47.0408],[-77.845,47.0397],[-77.8442,47.0355],[-77.8457,47.034],[-77.8464,47.0216],[-77.8488,47.0211],[-77.8485,47.0189],[-77.8505,47.0175],[-77.8487,47.0137],[-77.8498,47.0136],[-77.85,47.0109],[-77.847,47.0053],[-77.8437,47.0089],[-77.8446,47.0112],[-77.8432,47.0119],[-77.8447,47.0129],[-77.8435,47.0145],[-77.8406,47.0139],[-77.8351,47.0195],[-77.8335,47.0195],[-77.8341,47.0131],[-77.8329,47.0128],[-77.8305,47.0152],[-77.8284,47.0148],[-77.8348,47.006],[-77.8372,47.0047],[-77.8423,46.9959],[-77.8448,46.995],[-77.8435,46.9932],[-77.8453,46.985],[-77.8435,46.9833],[-77.8445,46.9794],[-77.8421,46.9697],[-77.8402,46.9677],[-77.8374,46.9679],[-77.8361,46.9661],[-77.8406,46.9626],[-77.8413,46.9593],[-77.8433,46.9573],[-77.8427,46.9408],[-77.8378,46.9343],[-77.8363,46.9341],[-77.8359,46.932],[-77.8371,46.9307],[-77.834,46.9278],[-77.8338,46.9259],[-77.8353,46.9241],[-77.8353,46.917],[-77.8392,46.9153],[-77.8394,46.9122],[-77.8418,46.9089],[-77.8405,46.9067],[-77.8416,46.9032],[-77.8435,46.902],[-77.8425,46.8999],[-77.8458,46.888],[-77.8438,46.8871],[-77.8443,46.8858],[-77.8456,46.8862],[-77.8451,46.8841],[-77.847,46.8846],[-77.8485,46.8823],[-77.8483,46.8812],[-77.8461,46.8815],[-77.8464,46.877],[-77.8477,46.8754],[-77.8472,46.8726],[-77.8437,46.8717],[-77.8495,46.8722],[-77.8487,46.8786],[-77.8498,46.8839],[-77.8485,46.885],[-77.8506,46.8882],[-77.8496,46.8887],[-77.8508,46.8915],[-77.8457,46.9017],[-77.8445,46.902],[-77.8454,46.9044],[-77.8437,46.9059],[-77.8449,46.908],[-77.8435,46.911],[-77.8449,46.9121],[-77.8454,46.9286],[-77.8485,46.9366],[-77.8508,46.9394],[-77.8561,46.9412],[-77.858,46.9403],[-77.8583,46.9263],[-77.8604,46.918],[-77.8641,46.9161],[-77.8686,46.911],[-77.8695,46.9082],[-77.8728,46.9069],[-77.8734,46.904],[-77.8802,46.9004],[-77.882,46.8957],[-77.8877,46.888],[-77.8866,46.8854],[-77.8841,46.8847],[-77.8843,46.8831],[-77.8791,46.8827],[-77.881,46.8801],[-77.884,46.8793],[-77.8809,46.8785],[-77.8838,46.8759],[-77.8803,46.8728],[-77.8831,46.8672],[-77.8819,46.8635],[-77.8849,46.8612],[-77.8858,46.8571],[-77.8922,46.858],[-77.8949,46.8552],[-77.8923,46.8535],[-77.8938,46.8515],[-77.8932,46.8505],[-77.8898,46.8482],[-77.895,46.8495],[-77.8916,46.8468],[-77.8923,46.8439],[-77.8889,46.8393],[-77.8866,46.8381],[-77.8855,46.839],[-77.8845,46.8372],[-77.8887,46.8368],[-77.8845,46.8336],[-77.8753,46.8305],[-77.8786,46.8304],[-77.8762,46.8285],[-77.8781,46.8278],[-77.885,46.8312],[-77.8895,46.8312],[-77.8909,46.8331],[-77.8915,46.8313],[-77.8892,46.8286],[-77.8923,46.8296],[-77.8935,46.8316],[-77.8952,46.8298],[-77.8832,46.8218],[-77.8796,46.8222],[-77.8785,46.8242],[-77.876,46.8246],[-77.8633,46.8197],[-77.8612,46.8206],[-77.86,46.8235],[-77.8579,46.8242],[-77.8569,46.8194],[-77.855,46.8182],[-77.8538,46.8184],[-77.8549,46.8203],[-77.8561,46.8203],[-77.8561,46.822],[-77.855,46.8208],[-77.8516,46.8216],[-77.8492,46.8208],[-77.8484,46.8157],[-77.8498,46.8165],[-77.8523,46.8149],[-77.8525,46.8137],[-77.8517,46.8151],[-77.8522,46.8135],[-77.8495,46.8124],[-77.8509,46.8143],[-77.8499,46.8134],[-77.8482,46.8141],[-77.8491,46.8135],[-77.8482,46.8122],[-77.8459,46.8192],[-77.8323,46.8161],[-77.8274,46.8176],[-77.8263,46.8234],[-77.832,46.8248],[-77.8341,46.8275],[-77.8413,46.83],[-77.8411,46.8317],[-77.8342,46.8304],[-77.8282,46.825],[-77.8206,46.8214],[-77.8214,46.8183],[-77.8235,46.817],[-77.8232,46.815],[-77.821,46.8142],[-77.8193,46.8106],[-77.8211,46.8068],[-77.8271,46.805],[-77.8307,46.8073],[-77.8308,46.8096],[-77.8343,46.8097],[-77.8368,46.8081],[-77.8319,46.8074],[-77.8295,46.8052],[-77.8313,46.8028],[-77.8296,46.8026],[-77.8334,46.8006],[-77.8315,46.8003],[-77.8352,46.7978],[-77.8374,46.7918],[-77.8357,46.7896],[-77.8357,46.7875],[-77.8329,46.7848],[-77.8332,46.7831],[-77.8318,46.7821],[-77.8317,46.7774],[-77.8383,46.7736],[-77.8354,46.7729],[-77.8368,46.7719],[-77.8326,46.7708],[-77.8281,46.7642],[-77.825,46.7638],[-77.826,46.7626],[-77.8254,46.7597],[-77.827,46.7591],[-77.8287,46.7646],[-77.8322,46.7626],[-77.833,46.7613],[-77.829,46.76],[-77.8301,46.7575],[-77.8335,46.757],[-77.8296,46.7548],[-77.8318,46.7545],[-77.8324,46.753],[-77.8299,46.7522],[-77.8306,46.7482],[-77.8285,46.7465],[-77.8296,46.7439],[-77.8273,46.7429],[-77.8249,46.7386],[-77.8251,46.7369],[-77.8291,46.7331],[-77.8282,46.7329],[-77.8285,46.73],[-77.825,46.7261],[-77.826,46.7254],[-77.8247,46.7234],[-77.8288,46.721],[-77.8198,46.7157],[-77.8197,46.714],[-77.8225,46.7146],[-77.8175,46.71],[-77.8192,46.7059],[-77.8235,46.706],[-77.8224,46.7011],[-77.8233,46.6994],[-77.8253,46.7002],[-77.8259,46.6976],[-77.8302,46.6953],[-77.8347,46.6966],[-77.8375,46.6955],[-77.8355,46.6914],[-77.8359,46.6888],[-77.8346,46.6896],[-77.8338,46.6877],[-77.8316,46.6868],[-77.8335,46.6862],[-77.8323,46.6828],[-77.8339,46.682],[-77.8337,46.6792],[-77.8357,46.6772],[-77.8431,46.6762],[-77.8453,46.671],[-77.8526,46.6687],[-77.8523,46.6659],[-77.8508,46.6664],[-77.8502,46.6639],[-77.8532,46.6615],[-77.8591,46.6604],[-77.8589,46.6593],[-77.8618,46.6565],[-77.8605,46.6565],[-77.8586,46.6534],[-77.8598,46.6517],[-77.856,46.6456],[-77.8563,46.6427],[-77.8524,46.6425],[-77.8483,46.639],[-77.8434,46.6319],[-77.8371,46.6301],[-77.8333,46.6233],[-77.8231,46.6217],[-77.804,46.6112],[-77.7942,46.6108],[-77.792,46.6074],[-77.7879,46.606],[-77.7851,46.6023],[-77.7813,46.5899],[-77.7768,46.5891],[-77.774,46.5846],[-77.7764,46.58],[-77.7745,46.5825],[-77.7725,46.583],[-77.7734,46.5798],[-77.776,46.5774],[-77.7763,46.5797],[-77.7786,46.5774],[-77.7841,46.5754],[-77.7849,46.5734],[-77.7884,46.5711],[-77.7853,46.569],[-77.7864,46.5661],[-77.7814,46.5623],[-77.7823,46.5601],[-77.779,46.5578],[-77.7812,46.5523],[-77.7808,46.5504],[-77.7784,46.5491],[-77.7787,46.5469],[-77.7733,46.5438],[-77.7716,46.5436],[-77.7723,46.5449],[-77.7711,46.5456],[-77.7689,46.5451],[-77.7667,46.5424],[-77.7682,46.5386],[-77.7676,46.5363],[-77.7713,46.532],[-77.7819,46.5271],[-77.7841,46.5276],[-77.7827,46.526],[-77.7837,46.524],[-77.781,46.5214],[-77.7779,46.5214],[-77.777,46.5188],[-77.7745,46.5185],[-77.7723,46.5164],[-77.7673,46.5172],[-77.7584,46.5131],[-77.756,46.505],[-77.7627,46.5029],[-77.7579,46.5005],[-77.7601,46.4989],[-77.7597,46.4978],[-77.7571,46.4973],[-77.759,46.493],[-77.7566,46.4917],[-77.7616,46.4883],[-77.7613,46.4827],[-77.7629,46.4807],[-77.7619,46.478],[-77.7652,46.475],[-77.7632,46.4743],[-77.7622,46.4753],[-77.7684,46.4669],[-77.7656,46.4651],[-77.7658,46.4625],[-77.7677,46.4634],[-77.7675,46.4619],[-77.7693,46.4614],[-77.7665,46.4588],[-77.7674,46.4581],[-77.7713,46.4604],[-77.7714,46.4578],[-77.7741,46.4566],[-77.774,46.4546],[-77.776,46.453],[-77.7722,46.4514],[-77.7713,46.449],[-77.7664,46.4456],[-77.7648,46.449],[-77.7661,46.4504],[-77.7634,46.4504],[-77.7661,46.4461],[-77.7596,46.4408],[-77.7591,46.4384],[-77.7627,46.4378],[-77.7625,46.4355],[-77.7638,46.434],[-77.7627,46.4338],[-77.7655,46.432],[-77.7654,46.4307],[-77.7613,46.4285],[-77.7635,46.4315],[-77.7623,46.4326],[-77.7604,46.4292],[-77.7611,46.4284],[-77.755,46.4226],[-77.7555,46.4215],[-77.7567,46.4227],[-77.7568,46.4213],[-77.7502,46.4164],[-77.7492,46.4162],[-77.7508,46.417],[-77.7499,46.4173],[-77.7469,46.4157],[-77.7435,46.4115],[-77.7423,46.412],[-77.7424,46.408],[-77.7401,46.4033],[-77.7414,46.4045],[-77.7431,46.4018],[-77.7411,46.4019],[-77.7417,46.401],[-77.7461,46.4007],[-77.7496,46.3979],[-77.7463,46.4005],[-77.745,46.3998],[-77.7463,46.3994],[-77.7457,46.3977],[-77.7442,46.3991],[-77.7414,46.3983],[-77.7482,46.3965],[-77.7507,46.3972],[-77.7523,46.3957],[-77.749,46.3954],[-77.7662,46.3896],[-77.7686,46.3866],[-77.7689,46.3837],[-77.7714,46.3813],[-77.7709,46.3793],[-77.7748,46.3724],[-77.7822,46.3703],[-77.7846,46.3661],[-77.7884,46.365],[-77.79,46.3659],[-77.7953,46.3641],[-77.8067,46.357],[-77.811,46.3523],[-77.8155,46.3435],[-77.8186,46.3414],[-77.8189,46.3382],[-77.821,46.3365],[-77.8201,46.3379],[-77.8224,46.3374],[-77.8239,46.334],[-77.826,46.3329],[-77.8251,46.323],[-77.8283,46.3205],[-77.8362,46.3174],[-77.8388,46.3145],[-77.8375,46.3105],[-77.8397,46.3088],[-77.839,46.3072],[-77.8405,46.3046],[-77.8408,46.2993],[-77.8463,46.2951],[-77.8459,46.2924],[-77.8416,46.2919],[-77.8415,46.2875],[-77.8501,46.2785],[-77.8532,46.2775],[-77.8506,46.2713],[-77.8545,46.2657],[-77.8527,46.2624],[-77.8512,46.2624],[-77.8498,46.2604],[-77.8484,46.2565],[-77.8496,46.2552],[-77.8467,46.2497],[-77.8491,46.2444],[-77.8482,46.2392],[-77.8498,46.2362],[-77.85,46.2387],[-77.8535,46.2383],[-77.8531,46.2351],[-77.8545,46.2323],[-77.8508,46.2276],[-77.8512,46.2249],[-77.849,46.2259],[-77.8499,46.224],[-77.8484,46.2229],[-77.8475,46.2149],[-77.8416,46.2064],[-77.8648,46.2117],[-77.8803,46.2189],[-77.9087,46.2242],[-77.9191,46.2232],[-77.937,46.2276],[-77.9441,46.2318],[-77.9535,46.2338],[-77.9912,46.248],[-78.0223,46.2474],[-78.0285,46.245],[-78.0301,46.2392],[-78.0322,46.2378],[-78.0381,46.237],[-78.0482,46.2383],[-78.0578,46.2406],[-78.0896,46.2545],[-78.1169,46.2634],[-78.1308,46.2736],[-78.147,46.2769],[-78.1597,46.2761],[-78.1744,46.2769],[-78.1952,46.2743],[-78.2139,46.27],[-78.2233,46.2709],[-78.2366,46.2753],[-78.2526,46.2761],[-78.2601,46.2739],[-78.3003,46.2552],[-78.3086,46.2532],[-78.3285,46.2572],[-78.3368,46.2605],[-78.3691,46.2804],[-78.3787,46.2882],[-78.3948,46.2925],[-78.4216,46.2953],[-78.502,46.2948],[-78.5122,46.2966],[-78.5468,46.3074],[-78.6002,46.319],[-78.6348,46.3212],[-78.6658,46.3186],[-78.6888,46.3182],[-78.7113,46.325],[-78.7195,46.3314],[-78.7269,46.3389],[-78.7291,46.343],[-78.7223,46.3693],[-78.723,46.3717],[-78.7263,46.3748],[-78.726,46.377],[-78.7293,46.3848],[-78.7346,46.3863],[-78.7416,46.3906],[-78.7522,46.3924],[-78.7572,46.3947],[-78.7779,46.4082],[-78.7792,46.4113],[-78.7882,46.4147],[-78.7951,46.42],[-78.836,46.4367],[-78.8547,46.4412],[-78.8748,46.4532],[-78.8896,46.4601],[-78.903,46.4725],[-78.9177,46.4818],[-78.9334,46.498],[-78.9403,46.5086],[-78.9614,46.5216],[-78.9662,46.5259],[-78.9699,46.5329],[-78.9784,46.538],[-78.9879,46.547],[-78.9936,46.5584],[-78.9941,46.5642],[-78.9976,46.5713],[-78.9979,46.5768],[-78.9943,46.589],[-78.9943,46.5934],[-79.0059,46.6022],[-79.0082,46.6052],[-79.0107,46.6188],[-79.0143,46.6258],[-79.0156,46.6315],[-79.0227,46.6345],[-79.0279,46.6398],[-79.0402,46.6437],[-79.0551,46.6537],[-79.0579,46.6577],[-79.0745,46.6648],[-79.0763,46.6686],[-79.0735,46.6736],[-79.0743,46.6756],[-79.0794,46.6805],[-79.085,46.6818],[-79.0938,46.6883],[-79.0949,46.6961],[-79.0976,46.703],[-79.1002,46.7056],[-79.0996,46.7089],[-79.1006,46.7115],[-79.111,46.7217],[-79.1127,46.7256],[-79.1189,46.7317],[-79.1226,46.7468],[-79.1384,46.7717],[-79.1417,46.7837],[-79.1579,46.8056],[-79.1603,46.8121],[-79.1669,46.821],[-79.1773,46.8293],[-79.1903,46.8282],[-79.2122,46.832],[-79.2172,46.8376],[-79.2273,46.8453],[-79.2301,46.8495],[-79.2311,46.8564],[-79.2415,46.861],[-79.2434,46.8682],[-79.2471,46.8728],[-79.2628,46.8878],[-79.2796,46.8973],[-79.293,46.9142],[-79.3085,46.9265],[-79.3146,46.9329],[-79.3295,46.9602],[-79.3373,46.9707],[-79.3366,46.9819],[-79.3475,47.0089],[-79.3524,47.0136],[-79.3929,47.0412],[-79.431,47.0784],[-79.4357,47.0858],[-79.4407,47.0995],[-79.4466,47.1104],[-79.4444,47.1162],[-79.4456,47.1275],[-79.441,47.1386],[-79.4392,47.159],[-79.4282,47.193],[-79.4289,47.1983],[-79.4374,47.2074],[-79.4393,47.215],[-79.4377,47.222],[-79.4292,47.2387],[-79.4295,47.2437],[-79.4335,47.2519],[-79.4342,47.2589],[-79.4396,47.2678],[-79.4495,47.2745],[-79.4525,47.2825],[-79.4639,47.2867],[-79.4844,47.305],[-79.4846,47.3082],[-79.4773,47.3161],[-79.4768,47.3181],[-79.5009,47.3227],[-79.5076,47.3376],[-79.5128,47.3446],[-79.5226,47.3523],[-79.5385,47.3615],[-79.5511,47.3723],[-79.5625,47.388],[-79.5703,47.4021],[-79.5763,47.4174],[-79.5793,47.4326],[-79.5789,47.4424],[-79.5741,47.4592],[-79.5573,47.4869],[-79.5539,47.4956],[-79.5528,47.5001],[-79.5567,47.5111],[-79.5559,47.516],[-79.5516,47.5212],[-79.5456,47.5243],[-79.5193,47.5319],[-79.5116,47.5408],[-79.5129,47.5468],[-79.5175,47.5505],[-79.5175,48.4305],[-79.0824,48.43],[-79.0824,48.561],[-79.0271,48.5611],[-79.0272,48.5749],[-78.8647,48.5749]]]]}},{"type":"Feature","properties":{"CO_CEP":127,"NM_CEP":"Orford"},"geometry":{"type":"MultiPolygon","coordinates":[[[[-72.1431,45.3972],[-72.1444,45.3972],[-72.1456,45.3822],[-72.1259,45.3811],[-72.1256,45.3866],[-72.1053,45.3848],[-72.1087,45.3015],[-72.0426,45.2999],[-72.0375,45.3085],[-71.9487,45.3078],[-71.9497,45.3337],[-71.9416,45.3341],[-71.9431,45.3358],[-71.9427,45.3385],[-71.9371,45.3499],[-71.9295,45.3605],[-71.914,45.3604],[-71.9141,45.3617],[-71.9048,45.3625],[-71.9048,45.3604],[-71.8762,45.3595],[-71.8757,45.3507],[-71.8629,45.3505],[-71.8699,45.3463],[-71.8677,45.3434],[-71.8711,45.3404],[-71.872,45.3353],[-71.8765,45.3321],[-71.8811,45.3333],[-71.8835,45.3322],[-71.8835,45.3298],[-71.885,45.3285],[-71.8846,45.3249],[-71.8924,45.3218],[-71.9001,45.3128],[-71.8991,45.3101],[-71.9037,45.3108],[-71.9054,45.3077],[-71.9096,45.3075],[-71.9136,45.3029],[-71.9203,45.3054],[-71.9194,45.3031],[-71.9209,45.3],[-71.9171,45.1601],[-72.0983,45.1609],[-72.0959,45.0334],[-72.0777,45.0326],[-72.0775,45.0227],[-72.074,45.0225],[-72.0748,45.022],[-72.0407,45.0225],[-72.0406,45.0065],[-72.3119,45.0038],[-72.4504,45.0086],[-72.4864,45.0087],[-72.4813,45.0899],[-72.4798,45.1575],[-72.4034,45.1557],[-72.4002,45.3081],[-72.4622,45.3074],[-72.4625,45.3206],[-72.4648,45.3315],[-72.4659,45.3469],[-72.4624,45.3751],[-72.336,45.3771],[-72.2475,45.3746],[-72.2434,45.4022],[-72.2396,45.4149],[-72.2376,45.4498],[-72.1789,45.4454],[-72.1823,45.4305],[-72.1477,45.4283],[-72.1412,45.4086],[-72.1431,45.3972]]]]}},{"type":"Feature","properties":{"CO_CEP":597,"NM_CEP":"Saint-Jérôme"},"geometry":{"type":"MultiPolygon","coordinates":[[[[-74.0235,45.8418],[-73.9477,45.7895],[-73.9607,45.7798],[-73.9597,45.7792],[-73.9726,45.7682],[-73.9677,45.7649],[-73.971,45.7656],[-73.9758,45.7643],[-73.9681,45.7587],[-73.9794,45.7504],[-73.9763,45.7481],[-73.9811,45.7444],[-73.9979,45.7552],[-74.0003,45.7532],[-74.0006,45.7492],[-74.002,45.7486],[-74.0108,45.7525],[-74.0153,45.7532],[-74.0188,45.7558],[-74.0204,45.7588],[-74.0206,45.7915],[-74.0189,45.8041],[-74.0234,45.7998],[-74.0262,45.8045],[-74.0255,45.8072],[-74.0268,45.8088],[-74.0325,45.8098],[-74.0349,45.8073],[-74.0393,45.8088],[-74.0444,45.8147],[-74.0491,45.8157],[-74.05,45.8181],[-74.0265,45.8207],[-74.0243,45.8186],[-74.0221,45.8244],[-74.0257,45.824],[-74.0262,45.8255],[-74.0315,45.8248],[-74.0338,45.8285],[-74.0297,45.8292],[-74.0305,45.8314],[-74.0285,45.8318],[-74.0291,45.8333],[-74.0305,45.8331],[-74.0311,45.8346],[-74.0346,45.8338],[-74.0384,45.8375],[-74.0232,45.8408],[-74.0235,45.8418]]]]}},{"type":"Feature","properties":{"CO_CEP":161,"NM_CEP":"Iberville"},"geometry":{"type":"MultiPolygon","coordinates":[[[[-73.1169,45.4548],[-73.1125,45.4555],[-73.1194,45.4606],[-73.1063,45.4626],[-73.1016,45.467],[-73.0999,45.4658],[-73.0938,45.4768],[-73.0788,45.4655],[-73.0728,45.476],[-73.0403,45.4775],[-73.0344,45.4917],[-73.0079,45.4743],[-73.0035,45.4794],[-72.9581,45.475],[-72.9632,45.4692],[-72.9618,45.4643],[-72.9622,45.4601],[-72.9656,45.4574],[-72.9257,45.4525],[-72.9217,45.4664],[-72.9056,45.464],[-72.9032,45.4721],[-72.8966,45.4791],[-72.884,45.4699],[-72.8795,45.4691],[-72.871,45.4753],[-72.8596,45.4773],[-72.8415,45.4743],[-72.8386,45.474],[-72.8372,45.4755],[-72.8171,45.4726],[-72.8238,45.4312],[-72.883,45.2655],[-72.9128,45.2867],[-72.9137,45.2896],[-72.9128,45.2903],[-72.909,45.2879],[-72.9064,45.2878],[-72.9211,45.2985],[-72.9244,45.3008],[-72.9274,45.3007],[-72.9281,45.2987],[-72.9899,45.3418],[-72.9893,45.3345],[-72.9944,45.338],[-73.0097,45.3375],[-73.0103,45.3302],[-73.0337,45.3256],[-73.0489,45.3253],[-73.0478,45.3113],[-73.0161,45.2893],[-73.014,45.289],[-73.0157,45.272],[-73.0462,45.2934],[-73.0456,45.2813],[-73.047,45.2777],[-73.0499,45.2777],[-73.0505,45.2681],[-73.0582,45.2733],[-73.0589,45.2651],[-73.0635,45.2678],[-73.0655,45.2446],[-73.0668,45.2455],[-73.0681,45.2296],[-73.0702,45.231],[-73.074,45.2288],[-73.0583,45.2146],[-73.0909,45.1963],[-73.0859,45.1917],[-73.0859,45.1401],[-73.1012,45.1401],[-73.0972,45.1016],[-73.0983,45.1002],[-73.107,45.1045],[-73.1076,45.0971],[-73.1158,45.0971],[-73.1152,45.0818],[-73.1045,45.0821],[-73.1119,45.073],[-73.1399,45.0144],[-73.3432,45.0107],[-73.3437,45.0199],[-73.3425,45.0272],[-73.339,45.0343],[-73.3329,45.0419],[-73.329,45.0532],[-73.3314,45.0626],[-73.3228,45.0709],[-73.3208,45.0814],[-73.3102,45.0916],[-73.2976,45.0976],[-73.2908,45.104],[-73.2841,45.1047],[-73.2787,45.1069],[-73.2738,45.1151],[-73.269,45.1167],[-73.2592,45.1231],[-73.255,45.128],[-73.2535,45.1353],[-73.2564,45.1402],[-73.2568,45.1433],[-73.2543,45.1551],[-73.2567,45.1631],[-73.2574,45.173],[-73.2551,45.1842],[-73.2552,45.1963],[-73.2532,45.2137],[-73.2466,45.2306],[-73.2446,45.2763],[-73.2479,45.2926],[-73.2468,45.3077],[-73.2509,45.3165],[-73.2584,45.3234],[-73.2625,45.3408],[-73.2618,45.3447],[-73.2532,45.3561],[-73.2499,45.3626],[-73.2474,45.3705],[-73.248,45.3787],[-73.251,45.3826],[-73.2498,45.3834],[-73.2201,45.362],[-73.2192,45.3652],[-73.2215,45.3736],[-73.2173,45.3765],[-73.2102,45.3714],[-73.1993,45.3797],[-73.1971,45.4029],[-73.1927,45.4041],[-73.1966,45.4116],[-73.2113,45.4213],[-73.2034,45.4222],[-73.2026,45.4256],[-73.2015,45.4316],[-73.203,45.4335],[-73.2013,45.4344],[-73.203,45.4391],[-73.2064,45.4434],[-73.2024,45.4435],[-73.1994,45.4482],[-73.2012,45.4531],[-73.203,45.4532],[-73.1989,45.4577],[-73.1988,45.461],[-73.1977,45.4613],[-73.1999,45.4614],[-73.197,45.4641],[-73.1973,45.4674],[-73.1942,45.472],[-73.1883,45.4716],[-73.1854,45.4737],[-73.1884,45.4747],[-73.1859,45.4758],[-73.1762,45.4719],[-73.1707,45.4744],[-73.1686,45.4804],[-73.1693,45.484],[-73.1715,45.4861],[-73.1681,45.4905],[-73.1169,45.4548]]]]}},{"type":"Feature","properties":{"CO_CEP":607,"NM_CEP":"Blainville"},"geometry":{"type":"MultiPolygon","coordinates":[[[[-73.7835,45.6803],[-73.7817,45.6816],[-73.7807,45.6807],[-73.7786,45.6815],[-73.7773,45.6831],[-73.7776,45.6856],[-73.7723,45.6818],[-73.7671,45.6858],[-73.7592,45.6801],[-73.7571,45.6816],[-73.7464,45.6698],[-73.7506,45.6672],[-73.7505,45.6642],[-73.7628,45.6585],[-73.7702,45.6501],[-73.7939,45.6648],[-73.8022,45.6586],[-73.7908,45.651],[-73.7958,45.6512],[-73.7986,45.649],[-73.7998,45.6508],[-73.8018,45.6512],[-73.8074,45.6499],[-73.8069,45.6478],[-73.8103,45.647],[-73.8131,45.6429],[-73.8399,45.6609],[-73.8423,45.659],[-73.834,45.6533],[-73.8382,45.6503],[-73.8401,45.6515],[-73.8401,45.65],[-73.8416,45.6509],[-73.8453,45.6473],[-73.8701,45.6633],[-73.8807,45.6552],[-73.9258,45.6854],[-73.9133,45.6949],[-73.9161,45.6966],[-73.9114,45.7003],[-73.9009,45.705],[-73.8985,45.709],[-73.8942,45.7114],[-73.8928,45.7151],[-73.888,45.7139],[-73.883,45.7149],[-73.8757,45.7168],[-73.8758,45.7191],[-73.869,45.7212],[-73.8504,45.7247],[-73.7835,45.6803]]]]}},{"type":"Feature","properties":{"CO_CEP":187,"NM_CEP":"Vaudreuil"},"geometry":{"type":"MultiPolygon","coordinates":[[[[-73.9585,45.3996],[-73.9474,45.398],[-73.9521,45.3938],[-73.9279,45.394],[-73.9287,45.3908],[-73.92,45.3927],[-73.9154,45.3904],[-73.903,45.3955],[-73.8964,45.394],[-73.8976,45.3906],[-73.901,45.387],[-73.8925,45.3769],[-73.8869,45.3725],[-73.8822,45.3701],[-73.8753,45.3711],[-73.8701,45.374],[-73.866,45.3746],[-73.8556,45.3734],[-73.8568,45.3694],[-73.8541,45.3665],[-73.8594,45.3637],[-73.8715,45.3615],[-73.8882,45.3535],[-73.8937,45.3532],[-73.8992,45.3509],[-73.9068,45.3454],[-73.9091,45.3482],[-73.9147,45.3513],[-73.9245,45.3563],[-73.9301,45.3574],[-73.949,45.3534],[-73.9585,45.3496],[-73.9759,45.3557],[-73.9832,45.3546],[-73.9874,45.3586],[-73.993,45.3594],[-73.998,45.3679],[-73.9962,45.3712],[-73.997,45.3764],[-74.0,45.3799],[-73.9984,45.3891],[-73.9949,45.3923],[-73.9907,45.3926],[-73.987,45.3965],[-73.9732,45.4001],[-73.9689,45.3992],[-73.9608,45.4027],[-73.9585,45.3996]]],[[[-73.8954,45.4074],[-73.8922,45.4029],[-73.8864,45.4034],[-73.8919,45.3992],[-73.9018,45.4007],[-73.8999,45.4042],[-73.8954,45.4074]]],[[[-74.0238,45.4247],[-74.0183,45.4218],[-74.0134,45.4251],[-74.0046,45.4196],[-74.0091,45.4148],[-74.0133,45.4154],[-74.0191,45.4074],[-74.0233,45.3988],[-74.0222,45.3952],[-74.0194,45.3923],[-74.0109,45.3909],[-74.0048,45.3879],[-74.0087,45.3838],[-74.0099,45.3807],[-74.0087,45.3718],[-74.0064,45.3652],[-73.9935,45.353],[-73.988,45.3522],[-73.9861,45.3483],[-73.9809,45.3452],[-73.9763,45.3394],[-73.9709,45.3356],[-73.977,45.3334],[-74.0007,45.3347],[-74.0494,45.3533],[-74.0475,45.3526],[-74.0482,45.3614],[-74.059,45.391],[-74.0622,45.3983],[-74.0733,45.4111],[-74.0532,45.4209],[-74.0493,45.4192],[-74.0451,45.4192],[-74.0393,45.422],[-74.0365,45.4261],[-74.0238,45.4247]]],[[[-73.9949,45.4183],[-74.0042,45.4178],[-74.0041,45.4216],[-74.0,45.4231],[-73.9927,45.4222],[-73.9949,45.4183]]],[[[-74.022,45.4289],[-74.0279,45.4272],[-74.032,45.4271],[-74.0235,45.434],[-74.0147,45.4354],[-74.022,45.4289]]]]}},{"type":"Feature","properties":{"CO_CEP":197,"NM_CEP":"Sanguinet"},"geometry":{"type":"MultiPolygon","coordinates":[[[[-73.5845,45.4065],[-73.5771,45.4032],[-73.5759,45.4063],[-73.5715,45.4064],[-73.552,45.4016],[-73.5403,45.4022],[-73.5419,45.4014],[-73.5414,45.4004],[-73.5479,45.3875],[-73.5538,45.3863],[-73.554,45.3851],[-73.5523,45.3836],[-73.5535,45.3813],[-73.5505,45.3806],[-73.5514,45.3787],[-73.5617,45.3788],[-73.5601,45.3784],[-73.5625,45.3739],[-73.5669,45.375],[-73.5668,45.3737],[-73.5684,45.3736],[-73.5579,45.3711],[-73.5592,45.3691],[-73.5384,45.363],[-73.5398,45.3626],[-73.5379,45.3618],[-73.5373,45.3591],[-73.5246,45.3532],[-73.5258,45.3518],[-73.5205,45.3493],[-73.5205,45.3538],[-73.5197,45.3534],[-73.5197,45.3442],[-73.5162,45.3374],[-73.493,45.3492],[-73.4915,45.3487],[-73.5041,45.3416],[-73.5028,45.3403],[-73.5042,45.3396],[-73.5028,45.3382],[-73.5099,45.3347],[-73.5083,45.3319],[-73.5123,45.3289],[-73.5102,45.3278],[-73.5099,45.3248],[-73.5081,45.324],[-73.5093,45.3231],[-73.5043,45.321],[-73.5063,45.32],[-73.5014,45.3179],[-73.5054,45.3159],[-73.5029,45.3148],[-73.5053,45.3106],[-73.488,45.3186],[-73.4865,45.3178],[-73.5,45.311],[-73.4961,45.3085],[-73.4951,45.3056],[-73.4928,45.3051],[-73.4937,45.3016],[-73.4929,45.3001],[-73.4939,45.2997],[-73.4915,45.2981],[-73.5027,45.2849],[-73.5059,45.2861],[-73.5087,45.2837],[-73.5103,45.2807],[-73.5071,45.2794],[-73.5082,45.2781],[-73.5101,45.2788],[-73.5104,45.2776],[-73.5174,45.2803],[-73.5166,45.2813],[-73.518,45.2819],[-73.5153,45.2868],[-73.5304,45.2928],[-73.5366,45.2928],[-73.5371,45.2904],[-73.55,45.2932],[-73.5472,45.2914],[-73.5476,45.2897],[-73.5689,45.2957],[-73.5694,45.2948],[-73.5682,45.2945],[-73.571,45.2898],[-73.5761,45.2914],[-73.5769,45.2899],[-73.5718,45.2884],[-73.5777,45.2864],[-73.5827,45.2759],[-73.5815,45.2745],[-73.5819,45.2708],[-73.5788,45.2692],[-73.5812,45.2657],[-73.5802,45.262],[-73.5863,45.2551],[-73.5832,45.2539],[-73.585,45.2507],[-73.5897,45.2521],[-73.6031,45.231],[-73.5982,45.2295],[-73.6053,45.2181],[-73.614,45.2207],[-73.6392,45.1846],[-73.6982,45.229],[-73.6809,45.2445],[-73.6883,45.246],[-73.6775,45.2683],[-73.6508,45.3013],[-73.6456,45.2976],[-73.6279,45.3249],[-73.6201,45.3294],[-73.6411,45.3345],[-73.6312,45.3423],[-73.6568,45.349],[-73.6417,45.3567],[-73.6197,45.3756],[-73.6174,45.3786],[-73.6192,45.3794],[-73.6201,45.378],[-73.6221,45.377],[-73.6187,45.3813],[-73.6191,45.3797],[-73.6168,45.3792],[-73.6095,45.3855],[-73.6111,45.3865],[-73.6093,45.3857],[-73.6063,45.3884],[-73.6041,45.3937],[-73.6073,45.3945],[-73.602,45.4059],[-73.5922,45.4077],[-73.5845,45.4065]]],[[[-73.576,45.4117],[-73.5713,45.4093],[-73.5399,45.4087],[-73.5928,45.4083],[-73.6015,45.4069],[-73.6,45.4101],[-73.5816,45.4105],[-73.576,45.4117]]]]}},{"type":"Feature","properties":{"CO_CEP":339,"NM_CEP":"LaFontaine"},"geometry":{"type":"MultiPolygon","coordinates":[[[[-73.5525,45.6444],[-73.5955,45.6159],[-73.6026,45.6129],[-73.621,45.6302],[-73.6137,45.6334],[-73.5891,45.6506],[-73.5745,45.659],[-73.5634,45.6631],[-73.556,45.667],[-73.5516,45.6708],[-73.5414,45.6725],[-73.5296,45.6845],[-73.5228,45.6935],[-73.5181,45.6965],[-73.5089,45.699],[-73.5094,45.6948],[-73.5191,45.6735],[-73.5183,45.6604],[-73.5525,45.6444]]]]}},{"type":"Feature","properties":{"CO_CEP":601,"NM_CEP":"Les Plaines"},"geometry":{"type":"MultiPolygon","coordinates":[[[[-73.7795,45.815],[-73.7767,45.8105],[-73.7708,45.8103],[-73.7699,45.8168],[-73.7554,45.8134],[-73.7556,45.8116],[-73.7473,45.8101],[-73.7406,45.8056],[-73.6969,45.8044],[-73.7005,45.7969],[-73.688,45.7942],[-73.701,45.7686],[-73.6904,45.765],[-73.6993,45.747],[-73.7148,45.7573],[-73.7511,45.7505],[-73.7458,45.7324],[-73.7509,45.7327],[-73.7523,45.7305],[-73.7576,45.7297],[-73.7591,45.7283],[-73.7497,45.6938],[-73.7592,45.6883],[-73.761,45.6815],[-73.7671,45.6858],[-73.7723,45.6818],[-73.7776,45.6856],[-73.7773,45.6831],[-73.7786,45.6815],[-73.7807,45.6807],[-73.7817,45.6816],[-73.7835,45.6803],[-73.8504,45.7247],[-73.869,45.7212],[-73.8758,45.7191],[-73.8757,45.7168],[-73.883,45.7149],[-73.888,45.7139],[-73.8928,45.7151],[-73.8942,45.7114],[-73.8985,45.709],[-73.9009,45.705],[-73.9114,45.7003],[-73.9161,45.6966],[-73.9133,45.6949],[-73.9258,45.6854],[-73.9683,45.7131],[-73.9708,45.717],[-73.9706,45.7244],[-73.9731,45.7277],[-74.0153,45.7532],[-74.0108,45.7525],[-74.002,45.7486],[-74.0006,45.7492],[-74.0003,45.7532],[-73.9979,45.7552],[-73.9811,45.7444],[-73.9763,45.7481],[-73.9794,45.7504],[-73.9681,45.7587],[-73.9758,45.7643],[-73.971,45.7656],[-73.9677,45.7649],[-73.9726,45.7682],[-73.9597,45.7792],[-73.9607,45.7798],[-73.9477,45.7895],[-73.9136,45.7666],[-73.8602,45.8024],[-73.869,45.8088],[-73.8095,45.8204],[-73.8004,45.8267],[-73.7977,45.8272],[-73.7795,45.815]]]]}},{"type":"Feature","properties":{"CO_CEP":227,"NM_CEP":"Montarville"},"geometry":{"type":"MultiPolygon","coordinates":[[[[-73.3498,45.5635],[-73.3483,45.5712],[-73.3386,45.5636],[-73.3332,45.5669],[-73.3237,45.5589],[-73.322,45.56],[-73.3187,45.5575],[-73.314,45.5569],[-73.3124,45.5584],[-73.312,45.5679],[-73.2926,45.5536],[-73.2948,45.5402],[-73.3,45.5357],[-73.31,45.5224],[-73.3164,45.5156],[-73.3321,45.5086],[-73.3264,45.5043],[-73.3353,45.4796],[-73.372,45.5078],[-73.3771,45.4973],[-73.3786,45.4989],[-73.381,45.4991],[-73.3942,45.5096],[-73.377,45.5277],[-73.4107,45.553],[-73.4113,45.5511],[-73.4196,45.5453],[-73.4711,45.5852],[-73.462,45.594],[-73.4597,45.5989],[-73.4575,45.6068],[-73.4578,45.6187],[-73.4526,45.6324],[-73.4482,45.6384],[-73.4448,45.6462],[-73.4448,45.6566],[-73.3601,45.5899],[-73.3621,45.5738],[-73.3498,45.5635]]],[[[-73.4623,45.6186],[-73.4615,45.609],[-73.4634,45.6046],[-73.4628,45.6018],[-73.4661,45.5969],[-73.4734,45.5892],[-73.4801,45.5859],[-73.4891,45.5863],[-73.4852,45.5936],[-73.4795,45.5955],[-73.4781,45.5978],[-73.4824,45.6028],[-73.481,45.6078],[-73.4837,45.6103],[-73.4865,45.6066],[-73.488,45.6011],[-73.4929,45.5955],[-73.4937,45.5994],[-73.4923,45.6025],[-73.492,45.6102],[-73.4904,45.6133],[-73.4854,45.6164],[-73.4783,45.6298],[-73.4714,45.6336],[-73.4664,45.6396],[-73.4622,45.6417],[-73.4551,45.6427],[-73.4541,45.6398],[-73.4584,45.6321],[-73.4623,45.6186]]]]}},{"type":"Feature","properties":{"CO_CEP":267,"NM_CEP":"Robert-Baldwin"},"geometry":{"type":"MultiPolygon","coordinates":[[[[-73.8273,45.516],[-73.8181,45.5138],[-73.8127,45.5159],[-73.8005,45.515],[-73.7997,45.511],[-73.7927,45.5091],[-73.7845,45.5097],[-73.7795,45.5086],[-73.7613,45.5104],[-73.7517,45.5043],[-73.761,45.5015],[-73.7639,45.5034],[-73.7672,45.5027],[-73.7693,45.504],[-73.7725,45.5025],[-73.7709,45.5015],[-73.7739,45.5005],[-73.7717,45.4991],[-73.7736,45.4982],[-73.7684,45.4944],[-73.7946,45.4818],[-73.796,45.4831],[-73.8126,45.4752],[-73.8157,45.4783],[-73.8466,45.4626],[-73.8569,45.4729],[-73.8622,45.4821],[-73.8582,45.485],[-73.8546,45.49],[-73.8402,45.4998],[-73.8199,45.5068],[-73.8273,45.516]]]]}},{"type":"Feature","properties":{"CO_CEP":777,"NM_CEP":"Beauce-Sud"},"geometry":{"type":"MultiPolygon","coordinates":[[[[-70.5375,46.3352],[-70.5348,46.3369],[-70.512,46.3205],[-70.5405,46.3012],[-70.5138,46.282],[-70.5165,46.2802],[-70.5055,46.2726],[-70.5097,46.2726],[-70.5124,46.2699],[-70.513,46.2683],[-70.5111,46.2652],[-70.5135,46.264],[-70.5133,46.2628],[-70.5173,46.2636],[-70.5167,46.261],[-70.5108,46.2569],[-70.5124,46.2556],[-70.5156,46.256],[-70.5147,46.2556],[-70.5114,46.2547],[-70.5078,46.2569],[-70.4992,46.2573],[-70.4938,46.26],[-70.4914,46.2595],[-70.4674,46.2753],[-70.4409,46.256],[-70.4491,46.2506],[-70.4438,46.2513],[-70.4391,46.2496],[-70.4364,46.2513],[-70.4262,46.2524],[-70.4207,46.2513],[-70.422,46.2503],[-70.4091,46.241],[-70.41,46.2403],[-70.3722,46.2124],[-70.3478,46.2286],[-70.3398,46.2179],[-70.2864,46.2366],[-70.2663,46.2226],[-70.2679,46.2208],[-70.2675,46.2194],[-70.269,46.2197],[-70.2687,46.218],[-70.2715,46.2165],[-70.2736,46.2168],[-70.2744,46.2145],[-70.2716,46.2131],[-70.2716,46.2101],[-70.2764,46.2075],[-70.2775,46.2037],[-70.2854,46.1976],[-70.286,46.1954],[-70.2882,46.1953],[-70.289,46.1928],[-70.2927,46.1915],[-70.2901,46.1889],[-70.2906,46.1851],[-70.2859,46.1846],[-70.2858,46.1826],[-70.2795,46.1761],[-70.2666,46.1693],[-70.2647,46.1675],[-70.2644,46.1647],[-70.2596,46.1632],[-70.2591,46.1613],[-70.2554,46.1585],[-70.2526,46.1582],[-70.2495,46.1555],[-70.2503,46.1543],[-70.2476,46.1531],[-70.2482,46.1518],[-70.2438,46.1515],[-70.2425,46.1497],[-70.2406,46.151],[-70.2404,46.149],[-70.2366,46.1464],[-70.2363,46.1451],[-70.2396,46.1432],[-70.2397,46.1379],[-70.242,46.1353],[-70.2424,46.1317],[-70.2439,46.131],[-70.2436,46.1288],[-70.2474,46.1256],[-70.2478,46.1227],[-70.2515,46.1195],[-70.2522,46.1151],[-70.2545,46.1137],[-70.2535,46.1123],[-70.2552,46.1108],[-70.2553,46.109],[-70.2528,46.1076],[-70.2522,46.1053],[-70.2531,46.1001],[-70.2572,46.0996],[-70.2725,46.1021],[-70.2794,46.0999],[-70.2859,46.0998],[-70.2842,46.0979],[-70.2897,46.0946],[-70.292,46.0868],[-70.3019,46.0824],[-70.3023,46.0804],[-70.3,46.0784],[-70.3029,46.0766],[-70.3021,46.0733],[-70.305,46.0718],[-70.3025,46.0704],[-70.311,46.0642],[-70.3069,46.0611],[-70.3034,46.0623],[-70.3004,46.0606],[-70.2922,46.0604],[-70.2891,46.0622],[-70.2842,46.0627],[-70.2822,46.0603],[-70.2789,46.0608],[-70.2783,46.0563],[-70.2808,46.0543],[-70.2796,46.0523],[-70.281,46.0506],[-70.2891,46.0465],[-70.2942,46.041],[-70.2974,46.0407],[-70.3019,46.0333],[-70.3019,46.0318],[-70.2985,46.0309],[-70.3017,46.0284],[-70.3014,46.0276],[-70.3136,46.0223],[-70.318,46.0191],[-70.3153,46.0182],[-70.314,46.0161],[-70.3122,46.0167],[-70.3105,46.0149],[-70.3113,46.0121],[-70.3061,46.0098],[-70.3055,46.0036],[-70.303,46.003],[-70.3027,46.0019],[-70.304,46.0012],[-70.3024,45.9987],[-70.2919,45.9974],[-70.2904,45.9959],[-70.2911,45.995],[-70.2887,45.9953],[-70.2886,45.994],[-70.2839,45.9955],[-70.2947,45.9862],[-70.2997,45.9859],[-70.307,45.9827],[-70.3089,45.9804],[-70.307,45.9783],[-70.3099,45.9772],[-70.3119,45.9745],[-70.3102,45.9725],[-70.3125,45.9691],[-70.3116,45.9664],[-70.3153,45.9645],[-70.3159,45.963],[-70.3126,45.9621],[-70.3048,45.965],[-70.2984,45.9629],[-70.2891,45.9632],[-70.2866,45.9646],[-70.2834,45.9638],[-70.277,45.9672],[-70.2727,45.9644],[-70.2749,45.9635],[-70.2745,45.9614],[-70.2718,45.9612],[-70.2657,45.9642],[-70.2614,45.96],[-70.258,45.959],[-70.2601,45.9576],[-70.2587,45.9546],[-70.2605,45.9523],[-70.2563,45.9521],[-70.2528,45.9554],[-70.249,45.9524],[-70.248,45.9496],[-70.2423,45.9466],[-70.2443,45.9447],[-70.2391,45.9439],[-70.2404,45.9429],[-70.2396,45.9396],[-70.2533,45.9325],[-70.254,45.9307],[-70.2587,45.9285],[-70.2588,45.9268],[-70.2631,45.924],[-70.2623,45.9199],[-70.2606,45.9205],[-70.2572,45.9176],[-70.2589,45.915],[-70.2583,45.9123],[-70.2595,45.9098],[-70.2552,45.909],[-70.2534,45.9074],[-70.2539,45.9025],[-70.2602,45.8989],[-70.2657,45.8937],[-70.2588,45.8912],[-70.2619,45.8881],[-70.2722,45.8831],[-70.2739,45.8796],[-70.2794,45.8766],[-70.2845,45.8717],[-70.2969,45.8648],[-70.3035,45.8627],[-70.3078,45.8588],[-70.3198,45.8557],[-70.329,45.8549],[-70.3329,45.8531],[-70.3419,45.8523],[-70.3435,45.85],[-70.3493,45.8471],[-70.3494,45.8456],[-70.353,45.8424],[-70.3522,45.8409],[-70.3557,45.8396],[-70.3561,45.8379],[-70.3594,45.8355],[-70.3708,45.8352],[-70.3719,45.834],[-70.3693,45.8312],[-70.3722,45.828],[-70.3768,45.8268],[-70.388,45.8188],[-70.3878,45.8144],[-70.3967,45.8081],[-70.3978,45.8038],[-70.3957,45.8025],[-70.3962,45.7987],[-70.4014,45.796],[-70.4067,45.7978],[-70.4169,45.7955],[-70.4178,45.794],[-70.4144,45.7902],[-70.4157,45.7853],[-70.4102,45.7842],[-70.4056,45.7765],[-70.4077,45.7732],[-70.4055,45.77],[-70.407,45.7625],[-70.4008,45.7574],[-70.3959,45.7566],[-70.3884,45.7502],[-70.3891,45.747],[-70.3945,45.7436],[-70.3929,45.7415],[-70.3939,45.7401],[-70.3894,45.7374],[-70.3901,45.7361],[-70.3854,45.7363],[-70.3859,45.7346],[-70.3838,45.7346],[-70.3901,45.7285],[-70.3965,45.7291],[-70.3976,45.7264],[-70.3967,45.7251],[-70.3977,45.7231],[-70.4006,45.7217],[-70.3995,45.7208],[-70.4003,45.7197],[-70.4077,45.7167],[-70.413,45.7166],[-70.4131,45.7154],[-70.4177,45.7134],[-70.4292,45.7104],[-70.4289,45.708],[-70.4268,45.7084],[-70.4256,45.7072],[-70.4313,45.707],[-70.4392,45.7039],[-70.4411,45.7054],[-70.4445,45.7038],[-70.4509,45.7039],[-70.4559,45.7071],[-70.4613,45.7056],[-70.4655,45.7065],[-70.4705,45.7031],[-70.4691,45.7017],[-70.4761,45.6969],[-70.4943,45.6887],[-70.4971,45.6862],[-70.4965,45.6856],[-70.5024,45.6833],[-70.5023,45.6819],[-70.5108,45.6792],[-70.5198,45.6714],[-70.5199,45.6691],[-70.5264,45.6664],[-70.5332,45.671],[-70.5424,45.6665],[-70.5472,45.6661],[-70.5529,45.6679],[-70.5574,45.6671],[-70.5602,45.664],[-70.5637,45.6627],[-70.5622,45.6604],[-70.5652,45.6571],[-70.5649,45.6548],[-70.5728,45.6488],[-70.5756,45.6484],[-70.5795,45.6436],[-70.5836,45.6424],[-70.584,45.6389],[-70.586,45.6378],[-70.5867,45.6355],[-70.5899,45.6338],[-70.5909,45.6305],[-70.5967,45.6298],[-70.5987,45.6282],[-70.7424,45.7046],[-70.7438,45.7042],[-70.7459,45.7059],[-70.743,45.7086],[-70.7441,45.7104],[-70.7512,45.7091],[-70.7839,45.7258],[-70.7243,45.7821],[-70.8956,45.78],[-70.8984,45.8417],[-70.9148,45.8416],[-70.9151,45.836],[-70.9369,45.846],[-70.9478,45.8354],[-70.979,45.8507],[-70.9902,45.8399],[-71.0293,45.8593],[-71.0183,45.8698],[-71.0937,45.907],[-71.0706,45.9283],[-71.1068,45.9461],[-71.0465,46.0063],[-71.0076,45.988],[-70.9904,46.0049],[-71.002,46.0106],[-70.9876,46.0247],[-71.0247,46.0577],[-71.0113,46.0664],[-71.0296,46.0817],[-71.0422,46.0735],[-71.1005,46.1247],[-71.0879,46.1324],[-71.105,46.1351],[-71.0799,46.1513],[-71.0886,46.1592],[-71.0747,46.1682],[-71.0709,46.1648],[-71.0666,46.1677],[-71.0621,46.1635],[-71.0664,46.1605],[-71.0621,46.1564],[-71.0489,46.1654],[-71.0361,46.1533],[-71.0272,46.1589],[-71.0153,46.1501],[-71.0019,46.159],[-70.9933,46.1525],[-71.0065,46.1436],[-70.988,46.1288],[-70.9841,46.1282],[-70.9552,46.1026],[-70.9409,46.1115],[-70.9092,46.083],[-70.8938,46.0929],[-70.8601,46.0627],[-70.8461,46.0718],[-70.8599,46.0847],[-70.8329,46.1023],[-70.8453,46.1129],[-70.8445,46.1133],[-70.8456,46.1145],[-70.8317,46.1235],[-70.8234,46.1161],[-70.7937,46.136],[-70.775,46.1187],[-70.7494,46.1358],[-70.7562,46.1463],[-70.7547,46.1528],[-70.7404,46.1627],[-70.7396,46.1666],[-70.7447,46.1726],[-70.7482,46.1806],[-70.726,46.1957],[-70.7241,46.1958],[-70.7254,46.1973],[-70.7035,46.2123],[-70.7082,46.2158],[-70.7144,46.2169],[-70.7005,46.2266],[-70.706,46.2272],[-70.7154,46.2344],[-70.6578,46.2727],[-70.6656,46.2787],[-70.5579,46.35],[-70.5375,46.3352]]]]}},{"type":"Feature","properties":{"CO_CEP":813,"NM_CEP":"Duplessis"},"geometry":{"type":"MultiPolygon","coordinates":[[[[-67.4073,54.9793],[-67.4119,54.9794],[-67.4102,54.9768],[-67.4061,54.976],[-67.406,54.9739],[-67.4027,54.9711],[-67.3898,54.9646],[-67.3953,54.9629],[-67.3962,54.9609],[-67.3868,54.957],[-67.3827,54.9567],[-67.3792,54.9529],[-67.3698,54.9501],[-67.3686,54.9436],[-67.3671,54.9426],[-67.3579,54.9428],[-67.3494,54.9415],[-67.3492,54.9405],[-67.3525,54.9377],[-67.3483,54.9335],[-67.3514,54.9314],[-67.3454,54.929],[-67.3439,54.9267],[-67.3371,54.9256],[-67.3402,54.9225],[-67.3394,54.9206],[-67.3354,54.9205],[-67.3319,54.9164],[-67.3325,54.9124],[-67.3296,54.9086],[-67.3328,54.9062],[-67.3243,54.9047],[-67.3181,54.8996],[-67.3092,54.8977],[-67.3086,54.892],[-67.3023,54.8888],[-67.3041,54.8852],[-67.3075,54.8829],[-67.3047,54.8807],[-67.2991,54.8784],[-67.2876,54.8769],[-67.2828,54.8728],[-67.276,54.8709],[-67.2759,54.8689],[-67.2804,54.8665],[-67.2727,54.8641],[-67.2734,54.8624],[-67.271,54.8599],[-67.2624,54.8574],[-67.2631,54.8534],[-67.2548,54.8501],[-67.2551,54.8482],[-67.2574,54.8466],[-67.2629,54.8451],[-67.2596,54.8437],[-67.2564,54.8412],[-67.255,54.8383],[-67.2524,54.8372],[-67.2536,54.8354],[-67.2531,54.8339],[-67.2429,54.8351],[-67.2373,54.8325],[-67.2367,54.8281],[-67.2297,54.8272],[-67.2201,54.8296],[-67.2163,54.8256],[-67.2119,54.8259],[-67.2084,54.8245],[-67.208,54.8215],[-67.2157,54.8163],[-67.2176,54.8105],[-67.2151,54.8066],[-67.2178,54.803],[-67.2147,54.7994],[-67.2099,54.7987],[-67.211,54.7957],[-67.2071,54.7907],[-67.197,54.7884],[-67.1947,54.7842],[-67.1918,54.7825],[-67.1843,54.7827],[-67.1746,54.7765],[-67.1692,54.7752],[-67.1679,54.7742],[-67.1691,54.7712],[-67.174,54.7684],[-67.173,54.7669],[-67.1626,54.7632],[-67.151,54.7626],[-67.1501,54.7617],[-67.1522,54.7595],[-67.1525,54.7569],[-67.143,54.7538],[-67.1344,54.7538],[-67.1322,54.7516],[-67.1218,54.7491],[-67.1206,54.7479],[-67.1218,54.7461],[-67.1208,54.744],[-67.1143,54.7382],[-67.1061,54.7383],[-67.1057,54.7369],[-67.1015,54.7348],[-67.1023,54.7315],[-67.1005,54.7294],[-67.0969,54.7272],[-67.0931,54.7269],[-67.0935,54.7238],[-67.0865,54.7216],[-67.0837,54.7182],[-67.0812,54.7172],[-67.0817,54.7141],[-67.0746,54.713],[-67.0735,54.7112],[-67.0743,54.7099],[-67.0632,54.7033],[-67.0665,54.7007],[-67.0726,54.7006],[-67.0732,54.6993],[-67.0576,54.6977],[-67.0532,54.6957],[-67.0563,54.6938],[-67.0591,54.6898],[-67.0694,54.6871],[-67.0705,54.6838],[-67.0727,54.6846],[-67.0745,54.6836],[-67.0749,54.6825],[-67.0727,54.6814],[-67.0752,54.6778],[-67.0673,54.6774],[-67.0649,54.675],[-67.0652,54.6739],[-67.0701,54.6722],[-67.0692,54.671],[-67.0706,54.6701],[-67.0675,54.6687],[-67.0677,54.6673],[-67.0764,54.6671],[-67.0786,54.6647],[-67.0899,54.6656],[-67.0909,54.6644],[-67.0967,54.6638],[-67.1014,54.6648],[-67.1129,54.6582],[-67.125,54.6545],[-67.122,54.6527],[-67.123,54.6497],[-67.1166,54.6461],[-67.1204,54.6408],[-67.1291,54.6409],[-67.1381,54.6345],[-67.138,54.63],[-67.1321,54.6272],[-67.1346,54.6246],[-67.134,54.622],[-67.1383,54.62],[-67.1437,54.6198],[-67.1453,54.6177],[-67.1538,54.6225],[-67.1561,54.6202],[-67.1552,54.617],[-67.1595,54.6163],[-67.1651,54.6128],[-67.1656,54.6111],[-67.1713,54.6112],[-67.1705,54.6085],[-67.1795,54.607],[-67.1889,54.61],[-67.1911,54.6128],[-67.1943,54.6139],[-67.1994,54.6122],[-67.2076,54.6118],[-67.225,54.6179],[-67.2285,54.6179],[-67.2309,54.6159],[-67.2308,54.6132],[-67.2259,54.61],[-67.2281,54.6055],[-67.2243,54.6026],[-67.23,54.6016],[-67.2266,54.6002],[-67.2271,54.5957],[-67.2247,54.5936],[-67.2258,54.5923],[-67.224,54.5888],[-67.2199,54.5875],[-67.2201,54.5862],[-67.2281,54.582],[-67.2339,54.582],[-67.2481,54.5876],[-67.2572,54.5872],[-67.2723,54.5894],[-67.2788,54.5878],[-67.2794,54.5837],[-67.2731,54.5793],[-67.274,54.576],[-67.2665,54.5718],[-67.2678,54.5677],[-67.2669,54.5664],[-67.2685,54.5656],[-67.2667,54.5643],[-67.267,54.5626],[-67.2683,54.5614],[-67.2743,54.5608],[-67.276,54.5587],[-67.283,54.5573],[-67.2861,54.5586],[-67.289,54.5575],[-67.2918,54.555],[-67.291,54.5529],[-67.2861,54.5545],[-67.2824,54.5516],[-67.2742,54.5502],[-67.2631,54.5532],[-67.2561,54.5537],[-67.2559,54.5524],[-67.2591,54.5503],[-67.2647,54.5406],[-67.2634,54.5376],[-67.2568,54.5362],[-67.2549,54.5326],[-67.2491,54.531],[-67.2371,54.5325],[-67.2305,54.5311],[-67.2213,54.526],[-67.2191,54.5208],[-67.2206,54.5192],[-67.2194,54.5174],[-67.2271,54.5152],[-67.2294,54.5125],[-67.2402,54.5124],[-67.2434,54.511],[-67.2438,54.508],[-67.2392,54.5048],[-67.2391,54.4993],[-67.2441,54.4954],[-67.2454,54.492],[-67.2512,54.4935],[-67.2543,54.4929],[-67.2596,54.4957],[-67.2616,54.4949],[-67.2635,54.4929],[-67.2617,54.4857],[-67.2628,54.4835],[-67.2797,54.4848],[-67.2851,54.4881],[-67.29,54.4889],[-67.2947,54.4927],[-67.2943,54.4978],[-67.2964,54.5001],[-67.2925,54.5062],[-67.2957,54.5088],[-67.3014,54.5105],[-67.3018,54.514],[-67.3059,54.5143],[-67.3161,54.512],[-67.3213,54.5088],[-67.3203,54.5053],[-67.3216,54.5039],[-67.3353,54.5017],[-67.3378,54.5023],[-67.3403,54.5053],[-67.3368,54.5078],[-67.3368,54.5092],[-67.3422,54.5164],[-67.3495,54.5148],[-67.3553,54.5158],[-67.3578,54.5149],[-67.365,54.5169],[-67.3661,54.5191],[-67.366,54.5247],[-67.371,54.5257],[-67.3749,54.5281],[-67.3839,54.5273],[-67.3876,54.5293],[-67.3879,54.5309],[-67.3859,54.5332],[-67.3886,54.5341],[-67.39,54.5362],[-67.3966,54.5375],[-67.4019,54.5369],[-67.4073,54.5398],[-67.4078,54.5413],[-67.4039,54.5416],[-67.4006,54.5446],[-67.398,54.5449],[-67.3982,54.5465],[-67.4067,54.5493],[-67.4106,54.5521],[-67.4224,54.5521],[-67.4329,54.5579],[-67.4303,54.564],[-67.427,54.5655],[-67.4355,54.5683],[-67.4415,54.5678],[-67.4454,54.5722],[-67.4535,54.5739],[-67.4645,54.5807],[-67.47,54.5796],[-67.4818,54.5822],[-67.4928,54.5817],[-67.4951,54.5799],[-67.491,54.5735],[-67.5016,54.5742],[-67.5064,54.5714],[-67.5119,54.573],[-67.5174,54.5718],[-67.5191,54.5699],[-67.5162,54.567],[-67.5098,54.5652],[-67.5129,54.5597],[-67.5095,54.5571],[-67.5128,54.5528],[-67.5052,54.5508],[-67.5039,54.5462],[-67.4991,54.5465],[-67.4982,54.545],[-67.4898,54.5437],[-67.4842,54.546],[-67.4816,54.5428],[-67.4852,54.541],[-67.4848,54.5394],[-67.4797,54.5378],[-67.4748,54.5325],[-67.4711,54.5319],[-67.4747,54.5279],[-67.4725,54.5229],[-67.473,54.519],[-67.4839,54.5172],[-67.4847,54.513],[-67.4881,54.5113],[-67.4894,54.5091],[-67.4878,54.5062],[-67.4955,54.5054],[-67.5045,54.5023],[-67.5026,54.5],[-67.492,54.4946],[-67.4896,54.4917],[-67.4889,54.4888],[-67.492,54.4868],[-67.4885,54.4845],[-67.4921,54.4798],[-67.5017,54.479],[-67.5044,54.4803],[-67.5073,54.4784],[-67.5101,54.4797],[-67.5159,54.4799],[-67.5223,54.4829],[-67.529,54.4827],[-67.5284,54.4869],[-67.5311,54.4882],[-67.543,54.4861],[-67.5454,54.4832],[-67.5496,54.4821],[-67.5576,54.486],[-67.5577,54.4909],[-67.5669,54.4928],[-67.5709,54.4914],[-67.5809,54.4916],[-67.582,54.4883],[-67.579,54.4845],[-67.5732,54.4808],[-67.5822,54.4815],[-67.5863,54.4795],[-67.5899,54.4749],[-67.5936,54.4762],[-67.5965,54.4753],[-67.6013,54.4774],[-67.6119,54.4748],[-67.623,54.474],[-67.6304,54.4784],[-67.633,54.4819],[-67.6347,54.4893],[-67.6399,54.4918],[-67.6413,54.4951],[-67.6397,54.4975],[-67.6418,54.5013],[-67.6376,54.5027],[-67.6389,54.5049],[-67.6456,54.5084],[-67.6529,54.4979],[-67.659,54.4972],[-67.6633,54.4923],[-67.6603,54.4864],[-67.6635,54.4865],[-67.665,54.478],[-67.6584,54.4717],[-67.6534,54.4702],[-67.6704,54.4656],[-67.6601,54.4585],[-67.6616,54.454],[-67.6662,54.4511],[-67.67,54.4463],[-67.6772,54.4467],[-67.6895,54.4419],[-67.7057,54.4411],[-67.7174,54.4488],[-67.704,54.4575],[-67.7141,54.4585],[-67.726,54.462],[-67.7291,54.4613],[-67.7306,54.4588],[-67.7288,54.4528],[-67.7296,54.4463],[-67.736,54.4451],[-67.7396,54.4425],[-67.7431,54.4427],[-67.7458,54.4405],[-67.751,54.4412],[-67.7548,54.4453],[-67.7577,54.446],[-67.761,54.4436],[-67.7698,54.4419],[-67.7709,54.4408],[-67.7702,54.4389],[-67.7747,54.4384],[-67.7766,54.4343],[-67.777,54.4282],[-67.769,54.4252],[-67.7662,54.4199],[-67.7567,54.4142],[-67.7522,54.4135],[-67.7432,54.4152],[-67.7427,54.414],[-67.7477,54.4099],[-67.7466,54.4081],[-67.7471,54.4049],[-67.7433,54.4007],[-67.7355,54.3997],[-67.7335,54.3955],[-67.7276,54.3909],[-67.7189,54.3921],[-67.714,54.3881],[-67.7189,54.386],[-67.7192,54.3819],[-67.7259,54.3771],[-67.7257,54.375],[-67.7214,54.3698],[-67.7218,54.3675],[-67.7322,54.3606],[-67.7327,54.3572],[-67.7401,54.3556],[-67.743,54.353],[-67.7409,54.3471],[-67.721,54.3487],[-67.725,54.3439],[-67.7298,54.3408],[-67.7274,54.3355],[-67.7086,54.334],[-67.7069,54.3334],[-67.707,54.3309],[-67.7046,54.3288],[-67.6962,54.3299],[-67.6862,54.3272],[-67.6847,54.3246],[-67.6783,54.3217],[-67.6794,54.3182],[-67.6657,54.3141],[-67.6629,54.3118],[-67.6632,54.3094],[-67.6694,54.3043],[-67.6679,54.2939],[-67.6698,54.2893],[-67.6681,54.2866],[-67.6597,54.2821],[-67.6603,54.2755],[-67.668,54.2717],[-67.6731,54.2645],[-67.6789,54.266],[-67.6813,54.2654],[-67.6832,54.2611],[-67.6814,54.259],[-67.6746,54.2557],[-67.674,54.2525],[-67.675,54.2509],[-67.6714,54.2482],[-67.6695,54.243],[-67.6708,54.2409],[-67.6623,54.2387],[-67.6559,54.235],[-67.6594,54.2306],[-67.6556,54.2273],[-67.6418,54.2239],[-67.6275,54.2239],[-67.6175,54.22],[-67.614,54.2166],[-67.6109,54.2102],[-67.6065,54.2073],[-67.6079,54.206],[-67.6333,54.2023],[-67.6237,54.2011],[-67.617,54.1986],[-67.6082,54.198],[-67.6135,54.1936],[-67.6135,54.19],[-67.6168,54.1875],[-67.6217,54.1869],[-67.6283,54.1912],[-67.6376,54.1894],[-67.6457,54.1903],[-67.6512,54.1866],[-67.651,54.1849],[-67.6414,54.1813],[-67.6407,54.1778],[-67.6453,54.1771],[-67.6505,54.1731],[-67.642,54.1706],[-67.6423,54.1687],[-67.6401,54.1661],[-67.6337,54.1649],[-67.634,54.161],[-67.6357,54.1588],[-67.6445,54.1585],[-67.6515,54.1615],[-67.6539,54.1593],[-67.6658,54.1565],[-67.6764,54.1562],[-67.6905,54.1578],[-67.6963,54.1603],[-67.7,54.1574],[-67.7116,54.1554],[-67.7225,54.1491],[-67.7368,54.1507],[-67.7407,54.1541],[-67.7489,54.1541],[-67.7514,54.1566],[-67.7535,54.1568],[-67.7581,54.1544],[-67.7644,54.1533],[-67.7714,54.1469],[-67.7756,54.1467],[-67.7847,54.1374],[-67.7935,54.1351],[-67.7981,54.1306],[-67.8036,54.13],[-67.802,54.1248],[-67.7921,54.1217],[-67.7884,54.1178],[-67.7967,54.1133],[-67.7964,54.1117],[-67.7916,54.1089],[-67.7937,54.1078],[-67.7934,54.1062],[-67.7971,54.1045],[-67.7962,54.1023],[-67.7929,54.1002],[-67.7885,54.0995],[-67.7772,54.1018],[-67.7782,54.1048],[-67.7772,54.1054],[-67.7698,54.1033],[-67.7651,54.1044],[-67.76,54.1039],[-67.7546,54.0992],[-67.7508,54.0933],[-67.7525,54.0896],[-67.7503,54.0889],[-67.7667,54.084],[-67.7816,54.0834],[-67.7798,54.0816],[-67.7768,54.0735],[-67.7696,54.069],[-67.773,54.0655],[-67.7799,54.0642],[-67.7781,54.0563],[-67.7891,54.0527],[-67.7922,54.0491],[-67.7802,54.0394],[-67.7911,54.0371],[-67.7999,54.0369],[-67.8014,54.0353],[-67.8011,54.0308],[-67.8158,54.0286],[-67.8175,54.0271],[-67.8174,54.0234],[-67.8149,54.0199],[-67.8093,54.0174],[-67.8108,54.0156],[-67.8092,54.0133],[-67.7992,54.016],[-67.7884,54.0113],[-67.7768,54.0133],[-67.7769,54.0064],[-67.7831,54.0034],[-67.7779,54.0018],[-67.7714,53.9977],[-67.7634,53.9985],[-67.7629,54.001],[-67.7605,54.0032],[-67.7566,54.0013],[-67.7498,54.0004],[-67.7477,53.9977],[-67.7286,53.9879],[-67.7258,53.9835],[-67.7161,53.9857],[-67.7047,53.9804],[-67.6765,53.9785],[-67.671,53.9725],[-67.6755,53.97],[-67.6731,53.9686],[-67.6671,53.9686],[-67.6609,53.9629],[-67.6538,53.962],[-67.6539,53.9577],[-67.6504,53.9521],[-67.6615,53.9508],[-67.6689,53.9476],[-67.6701,53.9462],[-67.6702,53.9422],[-67.6666,53.9371],[-67.6569,53.9333],[-67.6331,53.9367],[-67.6322,53.9357],[-67.6327,53.9321],[-67.6311,53.9306],[-67.6219,53.9289],[-67.6111,53.9303],[-67.6067,53.9271],[-67.6,53.9246],[-67.5832,53.9233],[-67.5847,53.9205],[-67.5889,53.9179],[-67.589,53.9157],[-67.5944,53.9075],[-67.5998,53.9066],[-67.5962,53.9016],[-67.5848,53.8973],[-67.5905,53.8955],[-67.5886,53.8914],[-67.5892,53.8903],[-67.5957,53.8893],[-67.5996,53.8864],[-67.6061,53.8856],[-67.599,53.8834],[-67.5949,53.8795],[-67.5977,53.8768],[-67.6039,53.874],[-67.6033,53.8731],[-67.6,53.8719],[-67.5947,53.8722],[-67.5865,53.868],[-67.5813,53.8685],[-67.5786,53.8737],[-67.5763,53.8748],[-67.5684,53.874],[-67.5666,53.8723],[-67.5674,53.8685],[-67.5632,53.8678],[-67.5605,53.8643],[-67.5538,53.8626],[-67.5527,53.8573],[-67.5485,53.8556],[-67.5601,53.8511],[-67.558,53.8456],[-67.5563,53.8446],[-67.5472,53.8426],[-67.5412,53.8461],[-67.5301,53.8458],[-67.5148,53.839],[-67.5091,53.8396],[-67.5037,53.8448],[-67.5025,53.8445],[-67.5025,53.8418],[-67.4889,53.8385],[-67.4875,53.8366],[-67.4885,53.8347],[-67.4952,53.8315],[-67.4943,53.8283],[-67.4929,53.8281],[-67.4996,53.8225],[-67.5088,53.8196],[-67.5106,53.8165],[-67.5062,53.8142],[-67.521,53.8126],[-67.5256,53.8106],[-67.5276,53.8053],[-67.5254,53.8039],[-67.5259,53.8032],[-67.5376,53.8026],[-67.5463,53.7992],[-67.5514,53.7989],[-67.5545,53.7966],[-67.5659,53.7945],[-67.593,53.7935],[-67.5914,53.7896],[-67.5769,53.7883],[-67.5682,53.7851],[-67.5544,53.7846],[-67.5454,53.7778],[-67.5619,53.7734],[-67.5706,53.7726],[-67.574,53.7691],[-67.5892,53.7665],[-67.5939,53.764],[-67.5889,53.7613],[-67.5814,53.7596],[-67.5479,53.7597],[-67.5275,53.762],[-67.514,53.7587],[-67.5072,53.7557],[-67.4971,53.7553],[-67.4921,53.7563],[-67.4933,53.7529],[-67.4997,53.7486],[-67.5,53.7439],[-67.5069,53.7411],[-67.5133,53.735],[-67.5023,53.7293],[-67.4973,53.7284],[-67.4884,53.7197],[-67.4794,53.7195],[-67.4691,53.7149],[-67.4526,53.7148],[-67.4459,53.7122],[-67.4422,53.7091],[-67.4369,53.7113],[-67.4348,53.7187],[-67.4372,53.7213],[-67.4397,53.7225],[-67.4541,53.723],[-67.4509,53.7251],[-67.4498,53.7308],[-67.4378,53.7272],[-67.4335,53.7271],[-67.4291,53.7292],[-67.4266,53.7279],[-67.4142,53.7274],[-67.4061,53.7219],[-67.4063,53.7207],[-67.4191,53.718],[-67.4218,53.7101],[-67.4137,53.7021],[-67.4122,53.6975],[-67.4098,53.695],[-67.3935,53.6927],[-67.3865,53.6942],[-67.3844,53.6934],[-67.386,53.6908],[-67.3866,53.6844],[-67.3898,53.6825],[-67.39,53.6788],[-67.3933,53.6773],[-67.3977,53.6728],[-67.4031,53.6717],[-67.4041,53.6699],[-67.403,53.6683],[-67.4068,53.6643],[-67.3914,53.6636],[-67.3903,53.6623],[-67.3944,53.6599],[-67.3933,53.6567],[-67.3835,53.6538],[-67.3816,53.6516],[-67.3832,53.6483],[-67.3794,53.6418],[-67.3847,53.6379],[-67.3788,53.6333],[-67.3778,53.6296],[-67.3839,53.6243],[-67.3824,53.6201],[-67.3831,53.6167],[-67.376,53.6122],[-67.3693,53.6115],[-67.366,53.6082],[-67.3618,53.6073],[-67.3565,53.6013],[-67.3479,53.6019],[-67.3431,53.6007],[-67.3369,53.5951],[-67.331,53.5937],[-67.3254,53.5887],[-67.3075,53.5889],[-67.3037,53.5877],[-67.3059,53.5827],[-67.3124,53.5798],[-67.3087,53.5747],[-67.3154,53.5652],[-67.3145,53.563],[-67.3092,53.5602],[-67.3093,53.5556],[-67.3076,53.5524],[-67.2904,53.5461],[-67.2837,53.5501],[-67.2826,53.5547],[-67.2779,53.5557],[-67.2752,53.558],[-67.266,53.5588],[-67.2594,53.5636],[-67.254,53.5609],[-67.2472,53.5553],[-67.2425,53.5543],[-67.2334,53.549],[-67.2304,53.5442],[-67.2215,53.5375],[-67.2188,53.5317],[-67.2118,53.54],[-67.2011,53.5399],[-67.1952,53.5365],[-67.1935,53.5368],[-67.1926,53.5425],[-67.1956,53.5477],[-67.1909,53.551],[-67.1864,53.5522],[-67.185,53.5537],[-67.1853,53.5583],[-67.1834,53.5592],[-67.1714,53.5571],[-67.1693,53.5533],[-67.1637,53.5492],[-67.1629,53.547],[-67.1523,53.541],[-67.1406,53.5402],[-67.138,53.5366],[-67.129,53.5338],[-67.1199,53.5357],[-67.1176,53.5375],[-67.1135,53.537],[-67.1118,53.5364],[-67.1091,53.5313],[-67.0999,53.5298],[-67.096,53.5327],[-67.0888,53.5319],[-67.0809,53.5344],[-67.0771,53.5368],[-67.074,53.5413],[-67.0683,53.543],[-67.0631,53.5421],[-67.0605,53.5404],[-67.057,53.541],[-67.0516,53.5393],[-67.046,53.5316],[-67.0419,53.5338],[-67.041,53.536],[-67.0364,53.536],[-67.0329,53.5333],[-67.0283,53.5333],[-67.0241,53.5313],[-67.0211,53.5282],[-67.0164,53.5272],[-67.0193,53.5239],[-67.0161,53.519],[-67.0162,53.5164],[-67.0046,53.5128],[-67.0027,53.5059],[-66.9992,53.5014],[-66.9905,53.499],[-66.9712,53.5],[-66.971,53.4984],[-66.9736,53.4955],[-66.9729,53.4935],[-66.9794,53.4916],[-66.9798,53.4896],[-66.9819,53.4881],[-66.982,53.485],[-66.9887,53.4833],[-66.9932,53.4781],[-66.9902,53.4689],[-66.9733,53.4695],[-66.9643,53.4731],[-66.9563,53.474],[-66.9527,53.4779],[-66.9475,53.479],[-66.9403,53.4785],[-66.9322,53.4756],[-66.9272,53.473],[-66.9254,53.4679],[-66.9259,53.4632],[-66.9283,53.4596],[-66.9185,53.4603],[-66.916,53.458],[-66.917,53.4554],[-66.9264,53.4486],[-66.9275,53.4443],[-66.9316,53.4396],[-66.9245,53.4353],[-66.9248,53.4289],[-66.9215,53.4253],[-66.9135,53.4209],[-66.902,53.4201],[-66.8994,53.4207],[-66.8968,53.425],[-66.893,53.4254],[-66.8835,53.4175],[-66.8752,53.4136],[-66.8824,53.407],[-66.892,53.4053],[-66.8914,53.402],[-66.8923,53.3989],[-66.8967,53.3968],[-66.8981,53.3937],[-66.9066,53.3897],[-66.9161,53.3905],[-66.9178,53.3949],[-66.9221,53.3947],[-66.9269,53.3929],[-66.9273,53.3893],[-66.9313,53.3866],[-66.9427,53.3851],[-66.946,53.3789],[-66.9457,53.3754],[-66.9437,53.3724],[-66.945,53.3691],[-66.9557,53.3672],[-66.9572,53.3661],[-66.9565,53.3642],[-66.9628,53.3594],[-66.9668,53.3599],[-66.9757,53.3585],[-66.9761,53.3634],[-66.979,53.3644],[-66.9817,53.3701],[-66.997,53.3698],[-67.0029,53.3659],[-67.0044,53.3625],[-66.9992,53.3607],[-66.9897,53.3608],[-66.9865,53.3575],[-66.9864,53.3549],[-67.0206,53.3395],[-67.0191,53.3281],[-67.0164,53.3228],[-67.0137,53.3212],[-67.0056,53.3202],[-67.0036,53.3209],[-67.0012,53.3248],[-66.9937,53.3268],[-66.9881,53.3264],[-66.9858,53.3234],[-66.9815,53.3217],[-66.9784,53.3176],[-66.97,53.3173],[-66.9656,53.3147],[-66.9578,53.3135],[-66.9517,53.3108],[-66.9482,53.3043],[-66.9504,53.2997],[-66.951,53.2934],[-66.9458,53.2889],[-66.946,53.2859],[-66.9446,53.2833],[-66.9445,53.2821],[-66.9494,53.2789],[-66.9581,53.2759],[-66.9547,53.2704],[-66.9583,53.2634],[-66.961,53.259],[-66.9699,53.2548],[-66.9691,53.2528],[-66.9622,53.2501],[-66.9688,53.2461],[-66.9639,53.2366],[-66.9745,53.2288],[-66.9733,53.224],[-66.9664,53.2236],[-66.9602,53.2202],[-66.9618,53.2132],[-66.9674,53.2088],[-66.9684,53.204],[-66.9647,53.2003],[-66.9509,53.1971],[-66.9578,53.1936],[-66.9599,53.1912],[-66.9514,53.1842],[-66.9512,53.1804],[-66.9569,53.1753],[-66.9647,53.1766],[-66.9694,53.1759],[-66.9746,53.1719],[-66.9833,53.1721],[-66.991,53.1693],[-66.9972,53.1686],[-67.0062,53.1566],[-67.0071,53.1511],[-67.005,53.1475],[-67.0018,53.1462],[-66.9956,53.1461],[-66.9943,53.1417],[-66.9906,53.1399],[-66.9691,53.1403],[-66.9636,53.1386],[-66.9482,53.1386],[-66.9424,53.1373],[-66.9506,53.1328],[-66.9508,53.1285],[-66.9519,53.1276],[-66.9612,53.1274],[-66.9681,53.1253],[-66.9757,53.1249],[-66.9796,53.1203],[-66.9836,53.1186],[-66.9848,53.1148],[-66.9824,53.1106],[-66.9832,53.1046],[-66.9811,53.1014],[-66.9809,53.0984],[-66.9716,53.0986],[-66.9692,53.0965],[-66.9697,53.0948],[-66.9738,53.0924],[-66.9738,53.0873],[-66.9818,53.0816],[-66.9859,53.0837],[-66.9899,53.0839],[-66.9973,53.0812],[-67.0065,53.0801],[-67.0106,53.0781],[-67.01,53.0751],[-67.011,53.0733],[-67.0166,53.073],[-67.0201,53.0755],[-67.0252,53.0752],[-67.0336,53.0714],[-67.0438,53.0696],[-67.0468,53.0713],[-67.0483,53.0744],[-67.0669,53.0727],[-67.0723,53.0734],[-67.0766,53.0759],[-67.0768,53.0789],[-67.0668,53.0886],[-67.0719,53.0918],[-67.0734,53.097],[-67.0726,53.099],[-67.0763,53.1057],[-67.0746,53.107],[-67.0684,53.1062],[-67.0652,53.1104],[-67.0555,53.1122],[-67.0524,53.1148],[-67.0513,53.1188],[-67.052,53.1211],[-67.0592,53.1228],[-67.0616,53.1252],[-67.0603,53.1314],[-67.0563,53.1353],[-67.0558,53.1374],[-67.0624,53.1354],[-67.0638,53.1358],[-67.0648,53.1383],[-67.0662,53.1383],[-67.0754,53.1328],[-67.073,53.129],[-67.0757,53.1254],[-67.0783,53.1244],[-67.0861,53.1254],[-67.0897,53.1226],[-67.1011,53.1204],[-67.1042,53.1146],[-67.1103,53.1127],[-67.1107,53.1106],[-67.1081,53.1078],[-67.1116,53.1014],[-67.1159,53.1003],[-67.1235,53.1043],[-67.126,53.1133],[-67.1253,53.1158],[-67.1283,53.1199],[-67.1271,53.1221],[-67.1277,53.1239],[-67.1384,53.1249],[-67.1416,53.1281],[-67.1489,53.1267],[-67.1546,53.1281],[-67.1546,53.1296],[-67.1523,53.1311],[-67.1444,53.1343],[-67.1386,53.1351],[-67.1397,53.1373],[-67.1448,53.1403],[-67.1476,53.1391],[-67.1514,53.1399],[-67.1617,53.1456],[-67.176,53.1451],[-67.1817,53.1462],[-67.1887,53.1443],[-67.2256,53.1473],[-67.2361,53.1522],[-67.2386,53.1559],[-67.2465,53.1578],[-67.2516,53.1639],[-67.256,53.1648],[-67.2551,53.169],[-67.2561,53.1731],[-67.2676,53.177],[-67.2788,53.1737],[-67.2844,53.1662],[-67.2851,53.1618],[-67.2981,53.1585],[-67.2883,53.1536],[-67.2872,53.1443],[-67.2848,53.1407],[-67.2863,53.1389],[-67.3081,53.1333],[-67.3106,53.1297],[-67.3169,53.1272],[-67.3206,53.122],[-67.3304,53.1212],[-67.3348,53.118],[-67.3361,53.1151],[-67.3439,53.1132],[-67.349,53.1159],[-67.3725,53.1014],[-67.3712,53.0989],[-67.3721,53.0957],[-67.3795,53.0919],[-67.3833,53.0879],[-67.3835,53.0833],[-67.387,53.0778],[-67.381,53.0751],[-67.3826,53.0674],[-67.3809,53.0636],[-67.3783,53.0622],[-67.3806,53.0599],[-67.375,53.055],[-67.3729,53.0511],[-67.3754,53.0445],[-67.3714,53.0416],[-67.3672,53.0414],[-67.3647,53.0399],[-67.3642,53.0379],[-67.3668,53.0357],[-67.362,53.0297],[-67.3559,53.0321],[-67.3502,53.0325],[-67.3483,53.0315],[-67.3557,53.0279],[-67.3608,53.022],[-67.3523,53.0204],[-67.3559,53.0177],[-67.3541,53.0151],[-67.3541,53.0119],[-67.3425,53.0052],[-67.3517,53.0035],[-67.3564,52.9984],[-67.3554,52.9963],[-67.3465,52.9901],[-67.3421,52.9888],[-67.3417,52.9866],[-67.3455,52.9848],[-67.3436,52.9818],[-67.3394,52.9809],[-67.334,52.9857],[-67.3244,52.9878],[-67.3196,52.9853],[-67.3147,52.9872],[-67.3109,52.9856],[-67.3127,52.9815],[-67.3066,52.9787],[-67.301,52.9835],[-67.2924,52.9869],[-67.2933,52.9891],[-67.2864,52.992],[-67.282,52.9915],[-67.2788,52.9853],[-67.2588,52.9855],[-67.2552,52.9832],[-67.2462,52.9822],[-67.2421,52.983],[-67.2395,52.9854],[-67.2328,52.9818],[-67.2382,52.9779],[-67.2518,52.9755],[-67.254,52.9722],[-67.2611,52.9685],[-67.2656,52.9635],[-67.2745,52.9591],[-67.2812,52.9585],[-67.2846,52.9613],[-67.2872,52.9618],[-67.2955,52.958],[-67.3063,52.966],[-67.3125,52.963],[-67.3192,52.9624],[-67.3218,52.9601],[-67.3338,52.9552],[-67.334,52.9518],[-67.3384,52.9516],[-67.3365,52.945],[-67.3367,52.9413],[-67.3433,52.9372],[-67.3483,52.9369],[-67.3513,52.9348],[-67.3509,52.9329],[-67.3462,52.9305],[-67.3502,52.9289],[-67.3499,52.9268],[-67.3434,52.9249],[-67.3362,52.9199],[-67.3372,52.9168],[-67.3363,52.9142],[-67.3305,52.9109],[-67.33,52.9097],[-67.3327,52.9055],[-67.3353,52.9036],[-67.3338,52.8993],[-67.3407,52.8967],[-67.3419,52.8951],[-67.3355,52.8916],[-67.3354,52.8904],[-67.3275,52.8841],[-67.3231,52.878],[-67.3177,52.8798],[-67.3113,52.8793],[-67.3088,52.8834],[-67.3064,52.8849],[-67.2985,52.886],[-67.2927,52.8848],[-67.2904,52.8866],[-67.282,52.8802],[-67.2667,52.8784],[-67.2549,52.8745],[-67.2418,52.8581],[-67.2442,52.8559],[-67.2433,52.8524],[-67.2343,52.851],[-67.2309,52.8491],[-67.2317,52.8408],[-67.2232,52.8399],[-67.2158,52.8411],[-67.2107,52.839],[-67.2045,52.8343],[-67.1974,52.8322],[-67.1909,52.8344],[-67.1865,52.8325],[-67.1856,52.8306],[-67.1771,52.8248],[-67.1738,52.8188],[-67.1658,52.8153],[-67.1643,52.8153],[-67.1629,52.8194],[-67.158,52.8217],[-67.1556,52.83],[-67.1565,52.8324],[-67.1543,52.8374],[-67.1561,52.841],[-67.1564,52.8454],[-67.151,52.8534],[-67.1475,52.8537],[-67.1423,52.8507],[-67.1374,52.8521],[-67.1322,52.8504],[-67.1292,52.8542],[-67.1261,52.8554],[-67.1264,52.857],[-67.1248,52.8587],[-67.1268,52.8602],[-67.1195,52.8624],[-67.113,52.8618],[-67.1087,52.8646],[-67.1041,52.8648],[-67.0956,52.8716],[-67.0939,52.8715],[-67.0902,52.8684],[-67.0777,52.8754],[-67.0638,52.8757],[-67.0502,52.8649],[-67.0575,52.8594],[-67.0511,52.8532],[-67.048,52.8482],[-67.0489,52.8408],[-67.0477,52.8396],[-67.0486,52.8367],[-67.0531,52.8336],[-67.0561,52.8271],[-67.0624,52.8226],[-67.0653,52.8219],[-67.0557,52.8086],[-67.0598,52.7999],[-67.0584,52.7965],[-67.0621,52.7932],[-67.0625,52.788],[-67.0674,52.7832],[-67.0704,52.7769],[-67.0625,52.7761],[-67.0587,52.7734],[-67.048,52.7754],[-67.0419,52.7741],[-67.0353,52.7746],[-67.0349,52.7736],[-67.0414,52.7717],[-67.0422,52.7699],[-67.0407,52.7666],[-67.0347,52.7654],[-67.0359,52.7612],[-67.0338,52.757],[-67.0317,52.7561],[-67.0346,52.7521],[-67.0309,52.7483],[-67.0279,52.7492],[-67.0277,52.7512],[-67.0243,52.7549],[-67.017,52.755],[-67.0163,52.7536],[-67.0236,52.7461],[-67.021,52.7432],[-67.0195,52.7433],[-67.0088,52.7491],[-67.0077,52.752],[-67.0035,52.7541],[-67.0029,52.7594],[-66.9987,52.7599],[-66.9913,52.7571],[-66.9881,52.7635],[-66.9864,52.7647],[-66.9829,52.7637],[-66.9815,52.7563],[-66.9734,52.7538],[-66.9683,52.7544],[-66.9665,52.756],[-66.9619,52.7548],[-66.9562,52.7578],[-66.9569,52.76],[-66.9556,52.7604],[-66.9515,52.7576],[-66.9501,52.7543],[-66.9522,52.7511],[-66.9484,52.7483],[-66.9443,52.7373],[-66.9386,52.7327],[-66.9348,52.731],[-66.9306,52.7314],[-66.9259,52.7279],[-66.9243,52.7209],[-66.918,52.712],[-66.9136,52.7098],[-66.9111,52.7032],[-66.9103,52.7024],[-66.9068,52.7039],[-66.9057,52.7017],[-66.9064,52.6982],[-66.9032,52.6945],[-66.8997,52.6869],[-66.9008,52.6813],[-66.8999,52.6785],[-66.8943,52.6765],[-66.8884,52.6763],[-66.8857,52.678],[-66.8811,52.678],[-66.8776,52.6808],[-66.8731,52.6806],[-66.8713,52.6763],[-66.8533,52.6741],[-66.8514,52.6758],[-66.8513,52.6793],[-66.8531,52.6814],[-66.8521,52.6828],[-66.8545,52.6867],[-66.8548,52.69],[-66.8663,52.6989],[-66.8767,52.7159],[-66.8803,52.7169],[-66.8964,52.7308],[-66.8943,52.7317],[-66.895,52.7332],[-66.8911,52.7339],[-66.8728,52.7249],[-66.8644,52.7187],[-66.8605,52.7177],[-66.8557,52.7198],[-66.855,52.7221],[-66.8625,52.7288],[-66.8589,52.7329],[-66.8612,52.7442],[-66.8577,52.7468],[-66.8569,52.7509],[-66.8712,52.7554],[-66.8723,52.7567],[-66.8676,52.7647],[-66.8633,52.7644],[-66.8622,52.7679],[-66.8587,52.7689],[-66.8508,52.7624],[-66.8488,52.7554],[-66.8394,52.7519],[-66.8397,52.7501],[-66.8348,52.7441],[-66.8348,52.7378],[-66.8335,52.7349],[-66.8263,52.7283],[-66.8262,52.7218],[-66.8179,52.7125],[-66.8138,52.7116],[-66.8117,52.7139],[-66.8084,52.7122],[-66.8055,52.7164],[-66.8028,52.7163],[-66.8019,52.7094],[-66.7992,52.7064],[-66.8009,52.702],[-66.7982,52.7021],[-66.7974,52.701],[-66.7993,52.6964],[-66.7989,52.6941],[-66.7929,52.6909],[-66.7941,52.686],[-66.7927,52.6793],[-66.7865,52.6768],[-66.7855,52.6733],[-66.7756,52.6684],[-66.7697,52.6662],[-66.7625,52.6671],[-66.7598,52.6676],[-66.7579,52.6695],[-66.7599,52.672],[-66.7607,52.6759],[-66.7586,52.678],[-66.7624,52.6812],[-66.7646,52.6862],[-66.771,52.69],[-66.7719,52.6933],[-66.7711,52.6982],[-66.7568,52.6988],[-66.7509,52.7013],[-66.7499,52.706],[-66.7572,52.712],[-66.7552,52.7185],[-66.7587,52.7213],[-66.759,52.7234],[-66.7558,52.7269],[-66.7576,52.7297],[-66.7552,52.7357],[-66.7553,52.7415],[-66.753,52.7434],[-66.7524,52.7457],[-66.7578,52.7514],[-66.7565,52.7578],[-66.7615,52.7629],[-66.7651,52.764],[-66.7725,52.7745],[-66.7788,52.7778],[-66.7793,52.779],[-66.7779,52.7809],[-66.7829,52.7874],[-66.7808,52.7903],[-66.7897,52.7987],[-66.7863,52.8022],[-66.7761,52.8022],[-66.7719,52.7961],[-66.7681,52.7932],[-66.7666,52.7887],[-66.7542,52.7806],[-66.7426,52.7688],[-66.7347,52.769],[-66.7282,52.7676],[-66.7218,52.7629],[-66.7148,52.7599],[-66.7138,52.7622],[-66.7091,52.762],[-66.7041,52.7649],[-66.6989,52.7631],[-66.6881,52.766],[-66.691,52.7702],[-66.6879,52.7772],[-66.6865,52.7887],[-66.6779,52.7896],[-66.6729,52.7919],[-66.6705,52.7861],[-66.6665,52.7824],[-66.6577,52.7851],[-66.6472,52.7823],[-66.6484,52.7925],[-66.6522,52.7947],[-66.6524,52.7979],[-66.6568,52.7997],[-66.6577,52.8036],[-66.6636,52.8063],[-66.6665,52.8098],[-66.6623,52.8158],[-66.6656,52.8194],[-66.6652,52.8276],[-66.6628,52.8311],[-66.6624,52.8362],[-66.6574,52.8384],[-66.6566,52.8408],[-66.6511,52.8428],[-66.6492,52.8457],[-66.6504,52.8471],[-66.6413,52.8512],[-66.6532,52.8591],[-66.6552,52.8657],[-66.655,52.8713],[-66.6507,52.87],[-66.6481,52.8679],[-66.6447,52.8746],[-66.6455,52.8761],[-66.6576,52.8822],[-66.6584,52.8842],[-66.6534,52.8857],[-66.6599,52.8884],[-66.6651,52.8924],[-66.6614,52.8938],[-66.6543,52.8916],[-66.6505,52.8931],[-66.6489,52.8973],[-66.6507,52.9014],[-66.6484,52.901],[-66.6438,52.8969],[-66.6354,52.8972],[-66.6315,52.8987],[-66.6354,52.9049],[-66.6452,52.9111],[-66.6428,52.9167],[-66.6474,52.919],[-66.6473,52.9217],[-66.65,52.9242],[-66.6493,52.9275],[-66.6448,52.9261],[-66.6397,52.9265],[-66.6332,52.9309],[-66.6339,52.9329],[-66.639,52.9357],[-66.6377,52.9413],[-66.6349,52.9437],[-66.6337,52.95],[-66.6309,52.9531],[-66.6305,52.9561],[-66.6065,52.9526],[-66.601,52.9503],[-66.601,52.9472],[-66.5977,52.9438],[-66.5917,52.9422],[-66.5873,52.9427],[-66.5757,52.9364],[-66.5695,52.9353],[-66.5621,52.9376],[-66.5628,52.9426],[-66.5551,52.9401],[-66.5543,52.9429],[-66.5398,52.9424],[-66.5341,52.9467],[-66.5273,52.9465],[-66.5284,52.9501],[-66.5314,52.9533],[-66.5299,52.9561],[-66.5308,52.9596],[-66.5267,52.9629],[-66.5188,52.9617],[-66.5181,52.9627],[-66.5196,52.9665],[-66.5163,52.9676],[-66.5128,52.9621],[-66.5106,52.9515],[-66.507,52.9493],[-66.4992,52.9475],[-66.4968,52.9495],[-66.4963,52.9541],[-66.4873,52.9573],[-66.4939,52.9657],[-66.4852,52.9687],[-66.489,52.9709],[-66.4877,52.9754],[-66.4887,52.9769],[-66.4924,52.9772],[-66.4989,52.9826],[-66.498,52.9842],[-66.4906,52.9854],[-66.4889,52.9873],[-66.488,52.9915],[-66.4883,52.9934],[-66.4967,52.9955],[-66.4971,52.9995],[-66.4934,53.0014],[-66.4899,53.0014],[-66.4813,52.9933],[-66.4731,52.9891],[-66.4701,52.9895],[-66.467,52.9949],[-66.4668,52.9981],[-66.4713,53.0027],[-66.4694,53.0059],[-66.4735,53.012],[-66.4724,53.0137],[-66.4777,53.0195],[-66.4689,53.0234],[-66.4695,53.0252],[-66.4756,53.0302],[-66.4747,53.0324],[-66.4768,53.0335],[-66.4748,53.0359],[-66.4757,53.0397],[-66.4732,53.0418],[-66.467,53.0401],[-66.4644,53.0361],[-66.4615,53.0366],[-66.4612,53.0422],[-66.4636,53.0477],[-66.4603,53.0527],[-66.4577,53.0497],[-66.4443,53.0423],[-66.4415,53.0457],[-66.4363,53.0477],[-66.4326,53.0435],[-66.4014,53.0204],[-66.3754,53.0147],[-66.3733,53.0155],[-66.37,53.0204],[-66.3665,53.0209],[-66.354,53.0107],[-66.3457,53.0064],[-66.3437,53.0021],[-66.3482,52.9987],[-66.3432,52.9947],[-66.3381,52.9823],[-66.3333,52.9772],[-66.3236,52.9737],[-66.3215,52.9712],[-66.3215,52.9683],[-66.324,52.9651],[-66.3233,52.9618],[-66.3256,52.9591],[-66.3242,52.953],[-66.319,52.9473],[-66.3227,52.9464],[-66.3246,52.9412],[-66.3236,52.9379],[-66.3196,52.9328],[-66.3124,52.928],[-66.3076,52.9211],[-66.2981,52.9205],[-66.2928,52.9172],[-66.2844,52.9057],[-66.2801,52.9011],[-66.2765,52.8994],[-66.2731,52.895],[-66.2739,52.891],[-66.273,52.8865],[-66.2742,52.8831],[-66.2713,52.8781],[-66.2672,52.8735],[-66.2587,52.872],[-66.2574,52.8676],[-66.2601,52.8658],[-66.2709,52.8678],[-66.2754,52.8641],[-66.2794,52.8639],[-66.2852,52.861],[-66.2917,52.8614],[-66.2949,52.8602],[-66.2962,52.8584],[-66.2953,52.8568],[-66.2838,52.8512],[-66.2764,52.8451],[-66.2766,52.8425],[-66.2808,52.8407],[-66.2828,52.8374],[-66.2862,52.8359],[-66.2943,52.8359],[-66.2985,52.8403],[-66.3101,52.8432],[-66.3156,52.849],[-66.3339,52.8639],[-66.3468,52.8632],[-66.3502,52.8589],[-66.3546,52.8572],[-66.3728,52.8636],[-66.378,52.868],[-66.3785,52.8747],[-66.3861,52.8777],[-66.3977,52.8769],[-66.4031,52.8739],[-66.4086,52.8728],[-66.4114,52.8692],[-66.4166,52.8656],[-66.4169,52.8622],[-66.4128,52.8597],[-66.4172,52.8576],[-66.4179,52.854],[-66.415,52.8447],[-66.4068,52.8368],[-66.3985,52.8354],[-66.3982,52.8319],[-66.3931,52.83],[-66.3912,52.8268],[-66.3851,52.8247],[-66.3818,52.82],[-66.3807,52.8175],[-66.3816,52.8145],[-66.376,52.8089],[-66.386,52.8027],[-66.3839,52.8005],[-66.3854,52.7994],[-66.3861,52.7957],[-66.3779,52.7944],[-66.369,52.7975],[-66.3608,52.7969],[-66.3565,52.7983],[-66.3579,52.8009],[-66.3553,52.8022],[-66.3531,52.8017],[-66.3512,52.7982],[-66.3465,52.7944],[-66.3454,52.7887],[-66.3503,52.784],[-66.3499,52.7811],[-66.342,52.7732],[-66.3401,52.7693],[-66.334,52.7657],[-66.3331,52.7629],[-66.3281,52.7607],[-66.3312,52.758],[-66.3278,52.755],[-66.3275,52.751],[-66.3303,52.7485],[-66.3306,52.7456],[-66.335,52.745],[-66.3314,52.7408],[-66.3245,52.7365],[-66.3228,52.7332],[-66.3136,52.7324],[-66.3126,52.7283],[-66.3083,52.727],[-66.3077,52.7258],[-66.3089,52.723],[-66.3169,52.7232],[-66.318,52.7201],[-66.325,52.7174],[-66.3261,52.711],[-66.3311,52.7091],[-66.3342,52.7053],[-66.3397,52.7022],[-66.3336,52.6879],[-66.3345,52.6864],[-66.3394,52.6847],[-66.3395,52.6834],[-66.3322,52.6767],[-66.3238,52.6748],[-66.3077,52.663],[-66.3112,52.6612],[-66.3108,52.6596],[-66.3057,52.657],[-66.3025,52.6505],[-66.2945,52.6501],[-66.2974,52.6458],[-66.2978,52.6415],[-66.3064,52.6409],[-66.3061,52.6368],[-66.2999,52.6351],[-66.2951,52.6403],[-66.2873,52.6407],[-66.2868,52.6396],[-66.2887,52.6383],[-66.2928,52.6377],[-66.2909,52.6362],[-66.2919,52.6336],[-66.2894,52.6334],[-66.2856,52.6358],[-66.2783,52.6362],[-66.2773,52.6342],[-66.2789,52.6312],[-66.2845,52.6289],[-66.2846,52.6277],[-66.2744,52.627],[-66.2769,52.625],[-66.2781,52.6211],[-66.2821,52.6185],[-66.2809,52.6145],[-66.2816,52.6125],[-66.2877,52.6073],[-66.2855,52.6048],[-66.2891,52.6026],[-66.2978,52.6027],[-66.3052,52.6052],[-66.3123,52.61],[-66.3162,52.6092],[-66.3181,52.6107],[-66.3169,52.6134],[-66.3189,52.6146],[-66.3179,52.616],[-66.3189,52.6179],[-66.3233,52.6228],[-66.3289,52.6237],[-66.3284,52.6258],[-66.3322,52.6285],[-66.3315,52.6308],[-66.3328,52.6347],[-66.336,52.6352],[-66.3421,52.6391],[-66.3478,52.6392],[-66.3453,52.6453],[-66.3484,52.6512],[-66.3672,52.6634],[-66.3723,52.6717],[-66.3772,52.6738],[-66.3779,52.6768],[-66.3798,52.6785],[-66.3879,52.6818],[-66.3941,52.6802],[-66.4055,52.6722],[-66.4074,52.6657],[-66.4064,52.6607],[-66.4197,52.6513],[-66.4154,52.6483],[-66.416,52.6422],[-66.4391,52.6389],[-66.4409,52.6377],[-66.4415,52.6306],[-66.4388,52.6236],[-66.434,52.6202],[-66.4277,52.6191],[-66.4263,52.6173],[-66.4258,52.6153],[-66.4284,52.6117],[-66.4249,52.6071],[-66.4246,52.6015],[-66.4228,52.5982],[-66.4192,52.595],[-66.4155,52.5967],[-66.4097,52.5944],[-66.407,52.59],[-66.392,52.5799],[-66.3801,52.566],[-66.3837,52.5584],[-66.3785,52.5522],[-66.3751,52.5501],[-66.3775,52.5434],[-66.3712,52.533],[-66.3717,52.5311],[-66.3745,52.5291],[-66.3801,52.534],[-66.3847,52.5323],[-66.3971,52.5334],[-66.401,52.532],[-66.3887,52.5234],[-66.3824,52.521],[-66.3783,52.5179],[-66.3724,52.5163],[-66.3672,52.5094],[-66.3649,52.5082],[-66.3652,52.5052],[-66.3638,52.5024],[-66.3647,52.5012],[-66.3629,52.4976],[-66.3654,52.4958],[-66.3574,52.4904],[-66.358,52.4875],[-66.3603,52.4855],[-66.3542,52.4795],[-66.3561,52.475],[-66.3546,52.4692],[-66.356,52.4677],[-66.3588,52.468],[-66.3597,52.4665],[-66.3624,52.467],[-66.3738,52.4773],[-66.3794,52.484],[-66.3851,52.4851],[-66.3912,52.4887],[-66.396,52.4873],[-66.3913,52.481],[-66.3916,52.4777],[-66.3937,52.4751],[-66.3893,52.469],[-66.3899,52.4675],[-66.3871,52.461],[-66.356,52.4324],[-66.3584,52.4242],[-66.367,52.4215],[-66.3684,52.418],[-66.3734,52.4165],[-66.3733,52.4156],[-66.3611,52.4032],[-66.3437,52.3989],[-66.341,52.3962],[-66.3408,52.3924],[-66.3435,52.3857],[-66.3424,52.3809],[-66.3453,52.3752],[-66.3432,52.3737],[-66.3399,52.3666],[-66.3421,52.3661],[-66.3457,52.3577],[-66.3541,52.3525],[-66.3562,52.3493],[-66.362,52.3504],[-66.372,52.3577],[-66.3805,52.3698],[-66.3872,52.3757],[-66.3905,52.3806],[-66.3969,52.3777],[-66.3967,52.3735],[-66.3948,52.3699],[-66.3983,52.3694],[-66.4063,52.3737],[-66.4089,52.3733],[-66.4117,52.375],[-66.4146,52.3798],[-66.4131,52.3822],[-66.4144,52.3839],[-66.414,52.3859],[-66.4157,52.3864],[-66.4216,52.3828],[-66.4215,52.3812],[-66.4402,52.3786],[-66.4456,52.3756],[-66.437,52.3653],[-66.4372,52.3541],[-66.4509,52.3564],[-66.4513,52.3551],[-66.4473,52.3497],[-66.4473,52.3474],[-66.4559,52.346],[-66.4622,52.3488],[-66.4642,52.3503],[-66.465,52.3546],[-66.4688,52.3582],[-66.4717,52.3574],[-66.4713,52.3531],[-66.4738,52.3525],[-66.4779,52.3532],[-66.4822,52.3584],[-66.484,52.3588],[-66.4911,52.3549],[-66.4896,52.3524],[-66.4834,52.3476],[-66.4823,52.3421],[-66.485,52.3409],[-66.4904,52.3443],[-66.4925,52.3405],[-66.4884,52.338],[-66.4804,52.3292],[-66.4812,52.3274],[-66.4863,52.3254],[-66.4879,52.318],[-66.4832,52.3161],[-66.4777,52.3117],[-66.475,52.3059],[-66.4648,52.3008],[-66.4624,52.3005],[-66.4606,52.3019],[-66.4556,52.3007],[-66.4515,52.2944],[-66.4537,52.2925],[-66.461,52.2929],[-66.4654,52.2894],[-66.4716,52.2875],[-66.4684,52.2857],[-66.4598,52.2843],[-66.4595,52.2827],[-66.457,52.281],[-66.4505,52.2796],[-66.4454,52.2801],[-66.4469,52.2828],[-66.4437,52.2836],[-66.4426,52.2804],[-66.4352,52.2722],[-66.4321,52.2658],[-66.4327,52.2642],[-66.4361,52.2635],[-66.4443,52.2639],[-66.4503,52.2657],[-66.4574,52.2632],[-66.4666,52.2574],[-66.4698,52.2572],[-66.4702,52.2538],[-66.4667,52.2517],[-66.4548,52.2487],[-66.4527,52.2431],[-66.4435,52.2299],[-66.4319,52.2206],[-66.4235,52.2204],[-66.4145,52.2274],[-66.4067,52.2299],[-66.4038,52.2291],[-66.4035,52.214],[-66.4027,52.2134],[-66.3991,52.2171],[-66.3961,52.218],[-66.3949,52.2175],[-66.3929,52.2126],[-66.3864,52.2131],[-66.3836,52.2099],[-66.383,52.2041],[-66.372,52.1957],[-66.3729,52.1935],[-66.3711,52.186],[-66.3692,52.1843],[-66.3628,52.1823],[-66.3594,52.1793],[-66.3596,52.1756],[-66.356,52.1732],[-66.3556,52.1718],[-66.3609,52.169],[-66.3601,52.1663],[-66.3649,52.1656],[-66.3692,52.1667],[-66.3728,52.1632],[-66.3811,52.1622],[-66.3802,52.1579],[-66.3744,52.15],[-66.363,52.1493],[-66.357,52.1458],[-66.3454,52.1491],[-66.3316,52.1498],[-66.3299,52.1487],[-66.3303,52.144],[-66.3354,52.1436],[-66.3235,52.1313],[-66.3209,52.1306],[-66.3176,52.1318],[-66.315,52.1359],[-66.309,52.1408],[-66.3023,52.1392],[-66.2962,52.1441],[-66.2722,52.1473],[-66.2697,52.1487],[-66.2701,52.1526],[-66.2675,52.1606],[-66.2737,52.1664],[-66.2731,52.1796],[-66.2876,52.1955],[-66.2885,52.2023],[-66.2959,52.2121],[-66.2953,52.2133],[-66.2907,52.2144],[-66.2904,52.2172],[-66.2975,52.2272],[-66.2994,52.2322],[-66.2973,52.2367],[-66.3026,52.2403],[-66.3016,52.2453],[-66.3056,52.2495],[-66.3032,52.2508],[-66.3034,52.2556],[-66.2995,52.2574],[-66.3012,52.2593],[-66.3027,52.2651],[-66.3146,52.2816],[-66.313,52.2854],[-66.3146,52.2913],[-66.3106,52.2922],[-66.3032,52.2875],[-66.2982,52.286],[-66.2846,52.2854],[-66.2833,52.287],[-66.2839,52.2898],[-66.2916,52.2924],[-66.2959,52.2964],[-66.2955,52.2986],[-66.2843,52.3031],[-66.2922,52.3108],[-66.2818,52.3109],[-66.2789,52.3085],[-66.2647,52.311],[-66.2594,52.3086],[-66.2564,52.3101],[-66.2476,52.3043],[-66.248,52.3028],[-66.2513,52.3006],[-66.2486,52.299],[-66.2422,52.2906],[-66.249,52.2848],[-66.243,52.2734],[-66.2363,52.2672],[-66.2332,52.2622],[-66.2288,52.2638],[-66.2259,52.2617],[-66.2157,52.2595],[-66.2138,52.2555],[-66.21,52.2555],[-66.2025,52.2477],[-66.1985,52.2397],[-66.2047,52.2391],[-66.2055,52.237],[-66.1992,52.2306],[-66.2006,52.226],[-66.1993,52.2242],[-66.1919,52.2228],[-66.1877,52.2238],[-66.1844,52.2197],[-66.1747,52.2139],[-66.1689,52.2181],[-66.1685,52.2237],[-66.166,52.2282],[-66.1668,52.232],[-66.1657,52.2343],[-66.159,52.232],[-66.1511,52.2334],[-66.1484,52.2284],[-66.1364,52.2278],[-66.1354,52.2252],[-66.1314,52.2222],[-66.1293,52.2165],[-66.1226,52.2089],[-66.1093,52.2086],[-66.1055,52.2066],[-66.1029,52.2022],[-66.0976,52.2006],[-66.095,52.1918],[-66.096,52.1889],[-66.0936,52.1867],[-66.0928,52.1821],[-66.0897,52.1796],[-66.0812,52.1768],[-66.0813,52.1741],[-66.0832,52.1714],[-66.0801,52.1697],[-66.0772,52.164],[-66.0768,52.1596],[-66.0713,52.1533],[-66.07,52.1492],[-66.0706,52.1455],[-66.0734,52.1438],[-66.0749,52.1398],[-66.0713,52.1349],[-66.0751,52.1336],[-66.0726,52.1286],[-66.0729,52.1239],[-66.0775,52.1221],[-66.0816,52.1186],[-66.0836,52.1142],[-66.0868,52.1123],[-66.0872,52.1099],[-66.0917,52.1076],[-66.0907,52.1053],[-66.0923,52.0991],[-66.0889,52.0971],[-66.0925,52.0936],[-66.0947,52.0892],[-66.0909,52.0893],[-66.0818,52.095],[-66.0804,52.0971],[-66.0724,52.0986],[-66.0699,52.1001],[-66.0594,52.0972],[-66.0495,52.088],[-66.0387,52.089],[-66.0221,52.0864],[-66.0195,52.0833],[-66.0125,52.0832],[-66.0096,52.0798],[-66.0096,52.0776],[-66.0146,52.0743],[-66.012,52.0699],[-65.9985,52.0713],[-65.9931,52.0604],[-65.9899,52.0566],[-65.9835,52.0557],[-65.9787,52.0531],[-65.9747,52.0545],[-65.9728,52.0585],[-65.9694,52.0603],[-65.9724,52.0643],[-65.9718,52.0683],[-65.969,52.0721],[-65.9628,52.0759],[-65.9631,52.0784],[-65.9679,52.0854],[-65.9775,52.0877],[-65.974,52.0913],[-65.9738,52.0936],[-65.9686,52.0975],[-65.9724,52.1088],[-65.96,52.1075],[-65.9547,52.1019],[-65.943,52.1051],[-65.9408,52.099],[-65.9284,52.0983],[-65.9166,52.0941],[-65.9138,52.0917],[-65.9121,52.0862],[-65.9028,52.0843],[-65.8995,52.0777],[-65.8981,52.0775],[-65.8876,52.0887],[-65.8968,52.0986],[-65.8862,52.1075],[-65.8803,52.108],[-65.8778,52.1099],[-65.8739,52.1184],[-65.8716,52.1203],[-65.8665,52.1198],[-65.8624,52.1163],[-65.8587,52.119],[-65.8487,52.1181],[-65.8438,52.1206],[-65.8362,52.1203],[-65.8305,52.1173],[-65.8257,52.1168],[-65.8183,52.1126],[-65.8156,52.114],[-65.8178,52.1166],[-65.81,52.1244],[-65.8027,52.125],[-65.8002,52.1217],[-65.8036,52.1133],[-65.8006,52.1117],[-65.7994,52.1094],[-65.7871,52.1076],[-65.7783,52.1031],[-65.7769,52.1037],[-65.7756,52.1133],[-65.7735,52.1147],[-65.7651,52.116],[-65.759,52.1089],[-65.7548,52.1093],[-65.7529,52.1118],[-65.7494,52.1109],[-65.7472,52.1088],[-65.7471,52.1034],[-65.737,52.091],[-65.7343,52.0839],[-65.7329,52.0831],[-65.7289,52.085],[-65.7248,52.0895],[-65.7224,52.0952],[-65.717,52.0996],[-65.6959,52.1014],[-65.6871,52.1042],[-65.682,52.1071],[-65.6826,52.1106],[-65.6801,52.1123],[-65.6766,52.118],[-65.6732,52.1204],[-65.6706,52.1199],[-65.6661,52.1217],[-65.6626,52.116],[-65.6644,52.1119],[-65.6608,52.1051],[-65.6614,52.1001],[-65.6555,52.0982],[-65.6574,52.0951],[-65.6562,52.0928],[-65.6393,52.0835],[-65.6487,52.0796],[-65.6481,52.0765],[-65.6447,52.0718],[-65.6458,52.068],[-65.6499,52.0671],[-65.6474,52.0631],[-65.6415,52.062],[-65.6401,52.0603],[-65.6433,52.0546],[-65.6503,52.0532],[-65.6564,52.0501],[-65.6595,52.0448],[-65.6628,52.0425],[-65.6701,52.0409],[-65.6765,52.0417],[-65.6737,52.0361],[-65.6645,52.0356],[-65.6613,52.0324],[-65.6655,52.025],[-65.6639,52.0225],[-65.6674,52.0188],[-65.6659,52.0164],[-65.6731,52.0143],[-65.6743,52.0121],[-65.6699,52.0039],[-65.6634,51.9973],[-65.658,51.9971],[-65.6472,51.9909],[-65.6342,51.9973],[-65.6349,52.0001],[-65.6426,52.0048],[-65.6429,52.0061],[-65.6368,52.0107],[-65.6402,52.0122],[-65.6402,52.0136],[-65.6287,52.0201],[-65.6284,52.0232],[-65.6228,52.0268],[-65.6244,52.029],[-65.6235,52.0348],[-65.6261,52.0372],[-65.63,52.0381],[-65.6256,52.0401],[-65.621,52.0403],[-65.6232,52.0447],[-65.621,52.0481],[-65.6132,52.0474],[-65.613,52.0421],[-65.6075,52.0437],[-65.5933,52.0371],[-65.5824,52.0387],[-65.5788,52.0347],[-65.572,52.0372],[-65.5568,52.04],[-65.5525,52.0393],[-65.5458,52.0435],[-65.5391,52.0449],[-65.5381,52.0465],[-65.5388,52.0476],[-65.5449,52.0488],[-65.5472,52.0508],[-65.5458,52.0532],[-65.5338,52.058],[-65.5388,52.0631],[-65.5396,52.0674],[-65.5347,52.0691],[-65.5328,52.0735],[-65.5285,52.0763],[-65.5262,52.0819],[-65.5195,52.0857],[-65.517,52.0898],[-65.518,52.0932],[-65.5035,52.0964],[-65.5029,52.0974],[-65.5055,52.1001],[-65.5046,52.1033],[-65.5074,52.106],[-65.5078,52.1104],[-65.5048,52.1161],[-65.4963,52.1221],[-65.4978,52.1257],[-65.4892,52.1282],[-65.4797,52.1337],[-65.4804,52.1381],[-65.4796,52.1404],[-65.482,52.1434],[-65.4768,52.148],[-65.4748,52.1544],[-65.4795,52.1584],[-65.4758,52.1598],[-65.4619,52.1584],[-65.454,52.1613],[-65.4528,52.1674],[-65.4537,52.1703],[-65.4616,52.1712],[-65.4676,52.1754],[-65.4766,52.1729],[-65.485,52.1758],[-65.4699,52.1915],[-65.4615,52.1945],[-65.4386,52.1982],[-65.4313,52.2012],[-65.4298,52.2036],[-65.4265,52.2054],[-65.4191,52.2057],[-65.4127,52.2035],[-65.4059,52.21],[-65.3993,52.2123],[-65.3912,52.2116],[-65.3824,52.2202],[-65.3682,52.2211],[-65.3602,52.2235],[-65.3512,52.2209],[-65.3492,52.2281],[-65.3385,52.2278],[-65.332,52.2308],[-65.3377,52.2334],[-65.3382,52.2349],[-65.3444,52.2389],[-65.3444,52.2401],[-65.3378,52.2431],[-65.3275,52.2451],[-65.3213,52.2442],[-65.3155,52.2453],[-65.3091,52.2415],[-65.3059,52.2412],[-65.3037,52.2463],[-65.2983,52.2515],[-65.2781,52.2547],[-65.2745,52.2639],[-65.2694,52.27],[-65.2686,52.2725],[-65.2695,52.2764],[-65.2672,52.2791],[-65.2584,52.2766],[-65.2541,52.2805],[-65.2495,52.2816],[-65.2444,52.2762],[-65.236,52.2772],[-65.2344,52.276],[-65.2357,52.274],[-65.2456,52.2673],[-65.2465,52.264],[-65.2434,52.2614],[-65.2385,52.2611],[-65.2324,52.2635],[-65.2273,52.2636],[-65.2246,52.2625],[-65.2196,52.2573],[-65.2145,52.2562],[-65.2095,52.2581],[-65.2053,52.2632],[-65.2009,52.2632],[-65.1992,52.2611],[-65.1989,52.2572],[-65.2018,52.2459],[-65.2092,52.2328],[-65.2098,52.2269],[-65.2131,52.2225],[-65.2132,52.2191],[-65.2085,52.2074],[-65.2083,52.2011],[-65.2046,52.1985],[-65.2001,52.1989],[-65.1907,52.2023],[-65.1857,52.2064],[-65.1829,52.2066],[-65.1781,52.2047],[-65.1773,52.2012],[-65.1703,52.1953],[-65.173,52.1929],[-65.1818,52.1901],[-65.1823,52.1888],[-65.1744,52.178],[-65.1754,52.1755],[-65.1727,52.173],[-65.1702,52.167],[-65.1697,52.1565],[-65.1638,52.1528],[-65.1421,52.1471],[-65.1413,52.1419],[-65.1361,52.1355],[-65.1366,52.134],[-65.1447,52.1304],[-65.1556,52.135],[-65.1582,52.1353],[-65.1587,52.1343],[-65.1547,52.1125],[-65.1478,52.1088],[-65.1466,52.1046],[-65.1407,52.1057],[-65.1273,52.1044],[-65.1201,52.1104],[-65.1192,52.113],[-65.1098,52.119],[-65.106,52.1294],[-65.1065,52.1355],[-65.0964,52.1527],[-65.0955,52.1612],[-65.1006,52.1676],[-65.087,52.1668],[-65.0852,52.165],[-65.0861,52.161],[-65.0842,52.1562],[-65.0694,52.1509],[-65.0679,52.1486],[-65.0655,52.1484],[-65.0595,52.1377],[-65.0536,52.1365],[-65.0358,52.1401],[-65.0237,52.1392],[-65.0167,52.1341],[-65.0077,52.1247],[-64.9992,52.1212],[-64.9843,52.1125],[-64.9789,52.1133],[-64.9718,52.1125],[-64.9567,52.1058],[-64.9473,52.0905],[-64.9423,52.0864],[-64.9418,52.0826],[-64.9439,52.0803],[-64.9432,52.0788],[-64.9329,52.0695],[-64.9317,52.0666],[-64.9272,52.0651],[-64.9195,52.0651],[-64.9149,52.0605],[-64.9068,52.0573],[-64.9047,52.0553],[-64.9086,52.0491],[-64.9061,52.0453],[-64.9013,52.0435],[-64.8754,52.042],[-64.8686,52.0427],[-64.8645,52.0407],[-64.8579,52.0398],[-64.8538,52.0375],[-64.8454,52.0388],[-64.8352,52.0347],[-64.8352,52.0283],[-64.8254,52.0284],[-64.8251,52.0257],[-64.8301,52.0195],[-64.822,52.0164],[-64.8203,52.0101],[-64.8172,52.0064],[-64.814,52.0049],[-64.806,52.0045],[-64.8087,52.0017],[-64.8157,51.9989],[-64.8147,51.9956],[-64.8214,51.9894],[-64.8233,51.9846],[-64.842,51.9764],[-64.8329,51.9712],[-64.8271,51.9698],[-64.8277,51.9648],[-64.8234,51.9639],[-64.8206,51.9596],[-64.8107,51.9572],[-64.8133,51.952],[-64.8131,51.9484],[-64.8064,51.945],[-64.8016,51.9355],[-64.786,51.9265],[-64.7775,51.9196],[-64.7734,51.9185],[-64.7748,51.9166],[-64.778,51.9156],[-64.7771,51.9116],[-64.771,51.91],[-64.7608,51.9043],[-64.7514,51.9017],[-64.7443,51.8963],[-64.7367,51.8927],[-64.7309,51.8865],[-64.7237,51.8849],[-64.7157,51.8859],[-64.7042,51.8787],[-64.7091,51.8764],[-64.7107,51.8733],[-64.7128,51.8722],[-64.7275,51.8679],[-64.725,51.8633],[-64.7284,51.8565],[-64.7284,51.8519],[-64.7308,51.8495],[-64.7364,51.8473],[-64.7489,51.8468],[-64.7528,51.8453],[-64.7543,51.8385],[-64.7473,51.8362],[-64.7459,51.8301],[-64.7434,51.8291],[-64.7446,51.8271],[-64.7413,51.8245],[-64.7447,51.8228],[-64.7448,51.8207],[-64.7516,51.8156],[-64.7636,51.8128],[-64.7659,51.8086],[-64.7742,51.8047],[-64.7709,51.7965],[-64.7674,51.7945],[-64.7702,51.791],[-64.7787,51.7914],[-64.7818,51.7901],[-64.7801,51.7802],[-64.7737,51.7785],[-64.764,51.7802],[-64.768,51.775],[-64.7666,51.7712],[-64.767,51.7676],[-64.7656,51.7647],[-64.7598,51.7594],[-64.7527,51.7615],[-64.7476,51.7611],[-64.7453,51.7642],[-64.738,51.7655],[-64.7304,51.7618],[-64.7296,51.7584],[-64.7269,51.7574],[-64.7193,51.7561],[-64.7096,51.7579],[-64.6969,51.7547],[-64.6988,51.7503],[-64.7032,51.7494],[-64.7042,51.7474],[-64.7101,51.7462],[-64.7063,51.7412],[-64.699,51.7361],[-64.707,51.7313],[-64.6966,51.7283],[-64.6912,51.7284],[-64.693,51.7258],[-64.6968,51.7248],[-64.6972,51.7214],[-64.6806,51.7196],[-64.6809,51.7176],[-64.6876,51.7115],[-64.6862,51.7101],[-64.6864,51.7082],[-64.6795,51.7091],[-64.6767,51.7127],[-64.6745,51.7127],[-64.6735,51.7011],[-64.6679,51.7027],[-64.6628,51.7018],[-64.6462,51.7059],[-64.64,51.7059],[-64.6364,51.7079],[-64.6326,51.7062],[-64.6317,51.7043],[-64.6374,51.7005],[-64.6382,51.6965],[-64.6409,51.6943],[-64.6339,51.6916],[-64.6356,51.6901],[-64.633,51.688],[-64.6344,51.6872],[-64.6304,51.6863],[-64.6332,51.6801],[-64.6308,51.6759],[-64.6255,51.6735],[-64.6174,51.6748],[-64.6152,51.6734],[-64.6147,51.6713],[-64.6172,51.6695],[-64.6112,51.6634],[-64.6136,51.6621],[-64.614,51.6593],[-64.6124,51.6568],[-64.6091,51.6552],[-64.6114,51.6533],[-64.6077,51.6514],[-64.6113,51.6498],[-64.6224,51.6487],[-64.6237,51.6475],[-64.6222,51.6443],[-64.6161,51.6416],[-64.6206,51.6376],[-64.621,51.633],[-64.6121,51.6284],[-64.605,51.6289],[-64.6027,51.6321],[-64.6018,51.6377],[-64.6007,51.6377],[-64.5969,51.6316],[-64.5907,51.6263],[-64.5897,51.6183],[-64.5824,51.6148],[-64.5819,51.609],[-64.5798,51.6072],[-64.5743,51.6073],[-64.5709,51.6033],[-64.5705,51.6004],[-64.5677,51.6],[-64.5658,51.5969],[-64.56,51.5947],[-64.5573,51.5809],[-64.5536,51.5774],[-64.5495,51.5772],[-64.5464,51.5789],[-64.5461,51.5892],[-64.5424,51.5904],[-64.54,51.5883],[-64.5373,51.5886],[-64.533,51.5941],[-64.5206,51.6043],[-64.5147,51.6058],[-64.5095,51.6091],[-64.5023,51.6101],[-64.4922,51.614],[-64.488,51.614],[-64.4771,51.6189],[-64.4726,51.6224],[-64.4665,51.6239],[-64.4641,51.627],[-64.4576,51.6261],[-64.4544,51.6286],[-64.4496,51.6296],[-64.4498,51.6348],[-64.4475,51.639],[-64.4415,51.646],[-64.439,51.651],[-64.4338,51.6534],[-64.4332,51.6572],[-64.4379,51.6634],[-64.436,51.6654],[-64.4322,51.6665],[-64.43,51.6718],[-64.43,51.6759],[-64.4273,51.6786],[-64.4269,51.6819],[-64.4221,51.6786],[-64.4135,51.6773],[-64.3976,51.6667],[-64.3877,51.6643],[-64.3831,51.6648],[-64.3812,51.6667],[-64.3744,51.6686],[-64.3701,51.6715],[-64.3634,51.6717],[-64.3601,51.6732],[-64.3512,51.671],[-64.3467,51.6686],[-64.3462,51.667],[-64.3479,51.6637],[-64.3402,51.6656],[-64.3378,51.6688],[-64.338,51.672],[-64.3294,51.6778],[-64.3282,51.6804],[-64.3254,51.6826],[-64.3298,51.6867],[-64.3268,51.689],[-64.3309,51.6929],[-64.3271,51.7027],[-64.3216,51.7048],[-64.3155,51.7041],[-64.3095,51.7017],[-64.298,51.7024],[-64.2985,51.7045],[-64.3064,51.7065],[-64.3085,51.7091],[-64.3135,51.7105],[-64.314,51.7116],[-64.3063,51.7127],[-64.3018,51.7118],[-64.2979,51.7136],[-64.2964,51.7155],[-64.2996,51.7188],[-64.3003,51.7238],[-64.2939,51.7238],[-64.2862,51.7279],[-64.286,51.7307],[-64.2786,51.7374],[-64.2783,51.7474],[-64.2918,51.7449],[-64.2972,51.7452],[-64.2975,51.7486],[-64.3008,51.7527],[-64.3001,51.7545],[-64.305,51.7538],[-64.3076,51.7559],[-64.3057,51.7594],[-64.3083,51.7631],[-64.3048,51.767],[-64.3063,51.7725],[-64.3052,51.7753],[-64.3118,51.7776],[-64.306,51.7805],[-64.3056,51.7822],[-64.3105,51.7905],[-64.3066,51.7948],[-64.3011,51.7958],[-64.2969,51.7985],[-64.3042,51.8],[-64.3054,51.8014],[-64.3043,51.8048],[-64.3058,51.8062],[-64.3157,51.8073],[-64.3189,51.8123],[-64.3374,51.8185],[-64.3394,51.8228],[-64.343,51.826],[-64.3417,51.8375],[-64.3426,51.8416],[-64.3466,51.8447],[-64.3576,51.8481],[-64.3566,51.8543],[-64.3596,51.8576],[-64.3568,51.8597],[-64.36,51.8623],[-64.3611,51.865],[-64.3548,51.8701],[-64.3555,51.8737],[-64.3542,51.8823],[-64.3555,51.8848],[-64.354,51.8867],[-64.3537,51.8903],[-64.3478,51.8898],[-64.3455,51.8908],[-64.3494,51.8946],[-64.3501,51.8973],[-64.3478,51.9034],[-64.3453,51.906],[-64.3472,51.9097],[-64.346,51.9119],[-64.3481,51.9154],[-64.3618,51.928],[-64.3631,51.9308],[-64.3595,51.9331],[-64.3431,51.9349],[-64.3466,51.9399],[-64.3529,51.9417],[-64.3548,51.945],[-64.3466,51.9496],[-64.3457,51.9523],[-64.3505,51.9544],[-64.3523,51.9568],[-64.3504,51.9583],[-64.3506,51.9613],[-64.3445,51.9656],[-64.3461,51.9716],[-64.3595,51.9748],[-64.3611,51.976],[-64.3608,51.9783],[-64.364,51.981],[-64.3596,51.9828],[-64.3462,51.9842],[-64.3413,51.9867],[-64.3463,51.9895],[-64.3468,51.9931],[-64.3585,51.9992],[-64.364,52.0032],[-64.3659,52.0062],[-64.3639,52.0065],[-64.3594,52.0039],[-64.3507,52.0073],[-64.3369,52.0093],[-64.3296,52.0069],[-64.3183,52.007],[-64.3165,52.0048],[-64.3197,52.0001],[-64.3196,51.9982],[-64.3148,51.996],[-64.3133,51.992],[-64.3077,51.9917],[-64.3027,51.9854],[-64.2944,51.9865],[-64.2927,51.984],[-64.2894,51.9836],[-64.2894,51.9802],[-64.2875,51.9781],[-64.2779,51.9732],[-64.272,51.9774],[-64.2669,51.9767],[-64.2634,51.9789],[-64.2605,51.9758],[-64.2542,51.9723],[-64.2512,51.9725],[-64.2437,51.9761],[-64.2342,51.9754],[-64.2322,51.9828],[-64.2378,51.9838],[-64.2407,51.989],[-64.2479,51.9933],[-64.251,51.9976],[-64.2551,52.0079],[-64.2594,52.0111],[-64.262,52.0157],[-64.2667,52.0166],[-64.2673,52.0182],[-64.2696,52.0189],[-64.2702,52.0238],[-64.2688,52.0269],[-64.2764,52.0304],[-64.2778,52.0348],[-64.2834,52.0406],[-64.2829,52.0417],[-64.2762,52.044],[-64.2743,52.0462],[-64.2818,52.0496],[-64.2853,52.0536],[-64.2882,52.0663],[-64.2922,52.0714],[-64.2887,52.0767],[-64.2939,52.0794],[-64.2962,52.0821],[-64.2885,52.0828],[-64.2876,52.0793],[-64.2848,52.078],[-64.2802,52.0812],[-64.2748,52.0821],[-64.27,52.0782],[-64.266,52.0773],[-64.261,52.08],[-64.2552,52.0798],[-64.2509,52.0828],[-64.2594,52.0981],[-64.2517,52.1029],[-64.2571,52.1056],[-64.2597,52.11],[-64.2594,52.114],[-64.2557,52.1176],[-64.2547,52.1212],[-64.2575,52.1265],[-64.2557,52.1275],[-64.2521,52.1261],[-64.2449,52.1265],[-64.243,52.1296],[-64.2496,52.1393],[-64.2556,52.1439],[-64.2564,52.1473],[-64.2541,52.1492],[-64.25,52.149],[-64.2451,52.1507],[-64.2392,52.141],[-64.2374,52.1405],[-64.2271,52.1411],[-64.214,52.1385],[-64.2111,52.1367],[-64.2081,52.1309],[-64.2036,52.1297],[-64.1963,52.1309],[-64.188,52.1254],[-64.1767,52.1207],[-64.1734,52.1176],[-64.168,52.1183],[-64.1658,52.1203],[-64.1727,52.1242],[-64.1753,52.1341],[-64.1709,52.1417],[-64.1625,52.1425],[-64.1638,52.1482],[-64.1728,52.1522],[-64.1771,52.1569],[-64.1858,52.1593],[-64.1994,52.175],[-64.2006,52.1775],[-64.1976,52.1809],[-64.1989,52.1866],[-64.2028,52.1963],[-64.2091,52.1992],[-64.2133,52.2039],[-64.213,52.2071],[-64.2144,52.2107],[-64.2137,52.2169],[-64.2195,52.2239],[-64.2188,52.2281],[-64.2243,52.2264],[-64.2276,52.2209],[-64.233,52.2219],[-64.2332,52.2254],[-64.2278,52.231],[-64.2287,52.2337],[-64.2221,52.2363],[-64.2235,52.239],[-64.2321,52.2444],[-64.2328,52.2462],[-64.2238,52.2525],[-64.2246,52.2574],[-64.2308,52.2608],[-64.2333,52.2607],[-64.2353,52.2589],[-64.2391,52.2596],[-64.242,52.2631],[-64.2433,52.268],[-64.253,52.275],[-64.2544,52.2775],[-64.2503,52.2817],[-64.237,52.2818],[-64.2366,52.2831],[-64.24,52.2861],[-64.2399,52.2882],[-64.2305,52.2931],[-64.2288,52.2928],[-64.2259,52.2876],[-64.2204,52.287],[-64.22,52.2837],[-64.2147,52.2834],[-64.2086,52.285],[-64.2076,52.2914],[-64.2122,52.2939],[-64.2131,52.2974],[-64.219,52.2961],[-64.2303,52.304],[-64.2292,52.3066],[-64.2235,52.3105],[-64.2238,52.3138],[-64.2225,52.3154],[-64.2173,52.3142],[-64.2117,52.3162],[-64.2082,52.3147],[-64.2047,52.3094],[-64.1983,52.3066],[-64.1962,52.3017],[-64.1963,52.2963],[-64.1942,52.2935],[-64.1906,52.2924],[-64.189,52.2934],[-64.189,52.3021],[-64.1865,52.3032],[-64.1902,52.3091],[-64.1836,52.31],[-64.1743,52.3068],[-64.1664,52.3099],[-64.1648,52.3132],[-64.1681,52.3161],[-64.1689,52.3195],[-64.176,52.3233],[-64.1724,52.3251],[-64.1721,52.3269],[-64.1865,52.3298],[-64.1889,52.3313],[-64.1905,52.3343],[-64.1817,52.3395],[-64.172,52.3384],[-64.1648,52.3357],[-64.1601,52.3358],[-64.1607,52.3393],[-64.1645,52.3409],[-64.1667,52.3482],[-64.1651,52.3581],[-64.1655,52.3621],[-64.1675,52.3651],[-64.1673,52.368],[-64.1643,52.3684],[-64.1538,52.3622],[-64.1473,52.3625],[-64.1427,52.3667],[-64.1342,52.3678],[-64.1322,52.3721],[-64.1348,52.3783],[-64.1234,52.3868],[-64.1261,52.3904],[-64.1147,52.3919],[-64.1141,52.3963],[-64.1214,52.4047],[-64.1161,52.4047],[-64.1128,52.4066],[-64.1081,52.4069],[-64.1066,52.4091],[-64.1096,52.4149],[-64.115,52.4193],[-64.1262,52.4209],[-64.1369,52.4306],[-64.129,52.4406],[-64.1311,52.4416],[-64.1367,52.4406],[-64.1389,52.4418],[-64.1369,52.4507],[-64.1395,52.4568],[-64.1449,52.4621],[-64.1427,52.4684],[-64.1446,52.4758],[-64.1485,52.4821],[-64.1469,52.4863],[-64.1488,52.4948],[-64.1547,52.4994],[-64.159,52.5001],[-64.1551,52.5087],[-64.1545,52.5136],[-64.1492,52.5176],[-64.1754,52.5313],[-64.1756,52.5337],[-64.1645,52.5364],[-64.1685,52.5387],[-64.1689,52.5418],[-64.1731,52.5442],[-64.1782,52.5442],[-64.1802,52.5474],[-64.1856,52.5517],[-64.1941,52.5532],[-64.1989,52.5581],[-64.2086,52.5632],[-64.2107,52.5701],[-64.2153,52.5719],[-64.2325,52.5832],[-64.2229,52.5838],[-64.2101,52.5795],[-64.2012,52.5778],[-64.1984,52.5783],[-64.2078,52.5852],[-64.2092,52.5905],[-64.2025,52.5921],[-64.2021,52.5961],[-64.1991,52.5971],[-64.1924,52.5949],[-64.1876,52.5909],[-64.1746,52.5846],[-64.1719,52.5876],[-64.171,52.5924],[-64.1669,52.5947],[-64.1696,52.6009],[-64.1639,52.6014],[-64.1589,52.6059],[-64.1587,52.6076],[-64.1653,52.6117],[-64.1688,52.6121],[-64.1714,52.615],[-64.1717,52.6176],[-64.1693,52.6217],[-64.1701,52.6235],[-64.1762,52.6243],[-64.1661,52.6281],[-64.161,52.6275],[-64.1586,52.6359],[-64.1514,52.6441],[-64.1575,52.6499],[-64.1553,52.6527],[-64.1566,52.6555],[-64.17,52.6562],[-64.1674,52.66],[-64.1718,52.6633],[-64.1715,52.6659],[-64.1745,52.6676],[-64.1758,52.6722],[-64.1743,52.6742],[-64.1702,52.6754],[-64.1718,52.6768],[-64.169,52.6782],[-64.1613,52.678],[-64.1566,52.6749],[-64.1391,52.6788],[-64.1376,52.6803],[-64.1421,52.6822],[-64.1416,52.6833],[-64.1309,52.6836],[-64.1257,52.6856],[-64.1264,52.6909],[-64.124,52.6953],[-64.1277,52.6975],[-64.1271,52.6998],[-64.1283,52.7016],[-64.1394,52.7061],[-64.144,52.7119],[-64.1504,52.7168],[-64.15,52.7181],[-64.1429,52.7193],[-64.1413,52.7215],[-64.1424,52.7245],[-64.1491,52.7296],[-64.1396,52.7326],[-64.1329,52.7322],[-64.1261,52.7351],[-64.1168,52.7334],[-64.1062,52.7357],[-64.103,52.7342],[-64.0906,52.7381],[-64.0877,52.7362],[-64.0836,52.736],[-64.0813,52.7372],[-64.0805,52.7406],[-64.0768,52.7381],[-64.0683,52.7353],[-64.0701,52.7308],[-64.0684,52.7281],[-64.0542,52.7241],[-64.0355,52.7286],[-64.0384,52.7342],[-64.0419,52.7372],[-64.0331,52.7412],[-64.0211,52.7363],[-64.0147,52.7386],[-64.0109,52.7382],[-64.009,52.7405],[-64.002,52.7354],[-63.9974,52.7346],[-63.9946,52.728],[-63.9878,52.7256],[-63.9809,52.7274],[-63.9659,52.7286],[-63.9662,52.7305],[-63.9647,52.7312],[-63.9471,52.7299],[-63.9421,52.7317],[-63.9377,52.7305],[-63.9267,52.7353],[-63.9196,52.737],[-63.9216,52.741],[-63.9294,52.7457],[-63.9199,52.7484],[-63.9261,52.7538],[-63.9252,52.7566],[-63.9209,52.758],[-63.9111,52.757],[-63.8984,52.7518],[-63.8889,52.7507],[-63.8859,52.7534],[-63.8869,52.7557],[-63.892,52.76],[-63.9017,52.7637],[-63.8945,52.7661],[-63.8886,52.7636],[-63.8852,52.7638],[-63.8768,52.7721],[-63.8759,52.7754],[-63.8741,52.7761],[-63.8723,52.7762],[-63.8672,52.7729],[-63.8596,52.7732],[-63.8536,52.7754],[-63.8467,52.7691],[-63.8379,52.7681],[-63.8282,52.764],[-63.8277,52.7613],[-63.824,52.7599],[-63.8139,52.7608],[-63.8068,52.7661],[-63.7961,52.7656],[-63.7908,52.7681],[-63.7805,52.7682],[-63.7787,52.7696],[-63.7782,52.7734],[-63.7757,52.7751],[-63.765,52.7755],[-63.7623,52.7728],[-63.7602,52.7733],[-63.7599,52.7755],[-63.7588,52.7756],[-63.7562,52.7744],[-63.7554,52.772],[-63.7514,52.7686],[-63.7402,52.7712],[-63.7362,52.7691],[-63.7334,52.7709],[-63.7228,52.7732],[-63.7211,52.7748],[-63.7218,52.7762],[-63.7347,52.7797],[-63.7369,52.7833],[-63.7357,52.7873],[-63.7329,52.7887],[-63.7197,52.7864],[-63.7178,52.787],[-63.7173,52.7908],[-63.7224,52.7961],[-63.7197,52.7982],[-63.7209,52.8002],[-63.7199,52.8021],[-63.6968,52.8045],[-63.6959,52.8067],[-63.6968,52.8099],[-63.7026,52.8125],[-63.7005,52.8147],[-63.695,52.8132],[-63.6882,52.8144],[-63.6898,52.8126],[-63.6896,52.8109],[-63.6858,52.8073],[-63.6792,52.8095],[-63.6672,52.8111],[-63.6604,52.8097],[-63.6532,52.8154],[-63.6524,52.8174],[-63.647,52.8209],[-63.6467,52.8238],[-63.6414,52.8277],[-63.6438,52.8308],[-63.6434,52.8322],[-63.6376,52.8331],[-63.643,52.8364],[-63.6497,52.8381],[-63.6536,52.8411],[-63.6615,52.8406],[-63.6688,52.8434],[-63.6818,52.8494],[-63.6818,52.8508],[-63.6738,52.8552],[-63.6704,52.8555],[-63.6644,52.8514],[-63.6577,52.8509],[-63.6524,52.8521],[-63.6483,52.8496],[-63.6458,52.8449],[-63.6387,52.8441],[-63.6327,52.8453],[-63.6281,52.8431],[-63.6217,52.8427],[-63.6164,52.839],[-63.6135,52.8395],[-63.6143,52.8419],[-63.6098,52.8458],[-63.6109,52.8491],[-63.6094,52.8538],[-63.6148,52.8561],[-63.621,52.855],[-63.6224,52.8589],[-63.626,52.8596],[-63.625,52.8622],[-63.6177,52.865],[-63.6182,52.8667],[-63.621,52.8671],[-63.6217,52.8706],[-63.6261,52.8724],[-63.6239,52.8775],[-63.6199,52.8804],[-63.6182,52.8842],[-63.6099,52.8853],[-63.603,52.8843],[-63.6002,52.8854],[-63.5995,52.8901],[-63.6004,52.8936],[-63.6082,52.9012],[-63.6064,52.9089],[-63.6027,52.9124],[-63.6038,52.9164],[-63.603,52.9187],[-63.5953,52.9209],[-63.5949,52.9253],[-63.5842,52.9301],[-63.5724,52.9306],[-63.5667,52.9323],[-63.5662,52.9339],[-63.5745,52.9383],[-63.5681,52.9447],[-63.5627,52.9426],[-63.5525,52.9417],[-63.5487,52.9393],[-63.5424,52.9432],[-63.5356,52.9449],[-63.5266,52.9504],[-63.5219,52.949],[-63.5178,52.9503],[-63.512,52.9564],[-63.5049,52.9564],[-63.5036,52.9518],[-63.5023,52.9507],[-63.4972,52.9526],[-63.488,52.9537],[-63.4858,52.9525],[-63.4843,52.9492],[-63.481,52.9516],[-63.4737,52.953],[-63.4649,52.9479],[-63.4557,52.9478],[-63.4514,52.9453],[-63.4468,52.9449],[-63.4501,52.9398],[-63.4456,52.9364],[-63.4453,52.9343],[-63.4517,52.925],[-63.4642,52.921],[-63.468,52.9208],[-63.4734,52.9161],[-63.481,52.9045],[-63.4777,52.9036],[-63.4707,52.9046],[-63.4721,52.8991],[-63.4695,52.8977],[-63.4697,52.8957],[-63.4671,52.891],[-63.4624,52.8875],[-63.4609,52.8816],[-63.4506,52.885],[-63.4503,52.8892],[-63.4477,52.8901],[-63.4375,52.8882],[-63.4348,52.8815],[-63.4292,52.8887],[-63.4263,52.8905],[-63.4202,52.8896],[-63.4155,52.8914],[-63.4149,52.8878],[-63.4128,52.8863],[-63.3989,52.888],[-63.3967,52.8869],[-63.3959,52.8853],[-63.3975,52.8809],[-63.4027,52.8768],[-63.4018,52.8719],[-63.3966,52.8712],[-63.3921,52.8681],[-63.3881,52.8686],[-63.3815,52.8661],[-63.391,52.862],[-63.3935,52.8595],[-63.3933,52.8569],[-63.3884,52.8547],[-63.381,52.8553],[-63.3789,52.8495],[-63.3694,52.8501],[-63.3667,52.8489],[-63.3797,52.842],[-63.3864,52.8407],[-63.3887,52.8389],[-63.3885,52.8375],[-63.3793,52.8342],[-63.371,52.8328],[-63.3682,52.8309],[-63.3612,52.8328],[-63.3553,52.837],[-63.3526,52.8345],[-63.348,52.834],[-63.3442,52.831],[-63.344,52.826],[-63.3418,52.8231],[-63.3344,52.8229],[-63.3309,52.8176],[-63.3295,52.8219],[-63.3237,52.8247],[-63.3181,52.8219],[-63.3165,52.8185],[-63.3122,52.8151],[-63.3181,52.811],[-63.3158,52.8088],[-63.3145,52.8045],[-63.3118,52.8021],[-63.3059,52.8014],[-63.3039,52.7992],[-63.2989,52.7989],[-63.2974,52.796],[-63.2985,52.7917],[-63.2899,52.7836],[-63.2889,52.7807],[-63.2908,52.7735],[-63.2964,52.7703],[-63.3091,52.7765],[-63.3179,52.776],[-63.3158,52.7692],[-63.3114,52.7674],[-63.3101,52.7623],[-63.3074,52.7603],[-63.2813,52.7507],[-63.2758,52.7389],[-63.2637,52.7298],[-63.2443,52.7205],[-63.2348,52.7206],[-63.2206,52.7229],[-63.2138,52.7307],[-63.2144,52.7329],[-63.2072,52.744],[-63.1994,52.7497],[-63.1963,52.755],[-63.1896,52.759],[-63.1892,52.7652],[-63.1828,52.7738],[-63.1828,52.7814],[-63.1791,52.7846],[-63.1792,52.7866],[-63.1735,52.7953],[-63.1726,52.799],[-63.1623,52.7996],[-63.155,52.7965],[-63.1562,52.7996],[-63.1617,52.8025],[-63.1649,52.8116],[-63.1618,52.8127],[-63.1612,52.8153],[-63.1547,52.8174],[-63.1513,52.8155],[-63.1451,52.8071],[-63.1395,52.8036],[-63.1331,52.8039],[-63.1294,52.8059],[-63.1273,52.8053],[-63.1245,52.8023],[-63.1255,52.7992],[-63.1229,52.7961],[-63.1141,52.7924],[-63.1068,52.7911],[-63.1005,52.7922],[-63.0956,52.7906],[-63.065,52.7938],[-63.0629,52.7893],[-63.0596,52.7874],[-63.0588,52.7845],[-63.0545,52.7814],[-63.0544,52.7775],[-63.052,52.7749],[-63.0476,52.7739],[-63.0402,52.7751],[-63.0401,52.7785],[-63.0375,52.781],[-63.028,52.7792],[-63.0192,52.7807],[-63.0055,52.7729],[-63.0061,52.7702],[-63.0051,52.7686],[-62.9991,52.7662],[-62.9845,52.7673],[-62.9809,52.7648],[-62.9788,52.7613],[-62.9653,52.7586],[-62.9441,52.7615],[-62.9374,52.7649],[-62.9332,52.7704],[-62.9382,52.7732],[-62.9358,52.7815],[-62.9403,52.7855],[-62.9409,52.7881],[-62.935,52.7916],[-62.9357,52.794],[-62.9336,52.795],[-62.9233,52.7931],[-62.9136,52.7873],[-62.9084,52.7869],[-62.9031,52.7887],[-62.8952,52.7868],[-62.8907,52.7928],[-62.882,52.7922],[-62.873,52.7977],[-62.8524,52.7942],[-62.8391,52.7985],[-62.8168,52.8008],[-62.8043,52.8001],[-62.7916,52.7973],[-62.7833,52.7891],[-62.7544,52.7972],[-62.7431,52.7871],[-62.7368,52.7847],[-62.7244,52.787],[-62.7117,52.7792],[-62.6998,52.7801],[-62.676,52.7749],[-62.6663,52.776],[-62.665,52.7777],[-62.6738,52.7815],[-62.6755,52.7874],[-62.6947,52.7935],[-62.6865,52.7954],[-62.6782,52.7946],[-62.6758,52.7968],[-62.6782,52.8005],[-62.6875,52.8044],[-62.6952,52.8056],[-62.6959,52.8077],[-62.6932,52.8095],[-62.6945,52.8133],[-62.6849,52.8126],[-62.6787,52.8098],[-62.6556,52.8065],[-62.654,52.8053],[-62.6531,52.8014],[-62.6503,52.7991],[-62.6435,52.7991],[-62.637,52.7964],[-62.6299,52.798],[-62.6286,52.7996],[-62.6176,52.8007],[-62.6101,52.7999],[-62.607,52.8035],[-62.5993,52.8059],[-62.5999,52.8073],[-62.6147,52.8102],[-62.6189,52.8119],[-62.6204,52.814],[-62.6045,52.8225],[-62.6069,52.8236],[-62.6305,52.823],[-62.6324,52.8252],[-62.6309,52.8297],[-62.6326,52.8342],[-62.6377,52.8307],[-62.6477,52.8333],[-62.66,52.8339],[-62.6609,52.835],[-62.6571,52.8393],[-62.6564,52.8422],[-62.6637,52.8446],[-62.6541,52.8505],[-62.6535,52.8525],[-62.6545,52.8536],[-62.6707,52.8562],[-62.6693,52.8596],[-62.6726,52.8621],[-62.6773,52.8609],[-62.6813,52.8584],[-62.6858,52.8579],[-62.6951,52.8597],[-62.7042,52.8637],[-62.7062,52.8714],[-62.7012,52.8719],[-62.6912,52.8762],[-62.6845,52.8755],[-62.6681,52.8869],[-62.6752,52.8899],[-62.6784,52.8888],[-62.6807,52.8898],[-62.7005,52.8848],[-62.7005,52.889],[-62.7061,52.8927],[-62.7076,52.8951],[-62.7187,52.8965],[-62.7213,52.8981],[-62.7196,52.9026],[-62.7117,52.9033],[-62.703,52.9098],[-62.7154,52.915],[-62.7253,52.9144],[-62.7262,52.9187],[-62.72,52.9249],[-62.7082,52.9267],[-62.6979,52.9314],[-62.7005,52.9373],[-62.6926,52.9364],[-62.6876,52.9343],[-62.6817,52.9343],[-62.6772,52.9322],[-62.6732,52.9326],[-62.6643,52.9365],[-62.6417,52.9356],[-62.6396,52.9348],[-62.6375,52.93],[-62.634,52.9279],[-62.6277,52.9264],[-62.6096,52.9255],[-62.6043,52.9239],[-62.6033,52.9157],[-62.5986,52.9138],[-62.5976,52.9111],[-62.5928,52.9085],[-62.5929,52.906],[-62.5893,52.9031],[-62.5944,52.8992],[-62.5864,52.8948],[-62.5784,52.8976],[-62.5714,52.8983],[-62.5675,52.9004],[-62.5631,52.9049],[-62.5585,52.9058],[-62.5584,52.9077],[-62.5617,52.9099],[-62.5573,52.913],[-62.5522,52.9131],[-62.5446,52.9154],[-62.5399,52.9143],[-62.5377,52.9153],[-62.5281,52.9153],[-62.5257,52.9133],[-62.5213,52.9049],[-62.5227,52.9022],[-62.5216,52.9015],[-62.5223,52.8974],[-62.5183,52.8955],[-62.5177,52.8928],[-62.5127,52.8883],[-62.512,52.8862],[-62.5044,52.8831],[-62.5029,52.8806],[-62.4956,52.8781],[-62.4892,52.8855],[-62.481,52.8846],[-62.4742,52.8856],[-62.4653,52.8837],[-62.4657,52.8937],[-62.4643,52.8949],[-62.4608,52.8934],[-62.4571,52.8892],[-62.4574,52.8787],[-62.4448,52.8666],[-62.4445,52.8615],[-62.4544,52.8576],[-62.4563,52.8483],[-62.4673,52.8472],[-62.475,52.8437],[-62.4747,52.8403],[-62.478,52.8381],[-62.4772,52.8348],[-62.4789,52.833],[-62.4856,52.833],[-62.4982,52.8363],[-62.5083,52.8356],[-62.508,52.8286],[-62.5029,52.8247],[-62.5019,52.8168],[-62.483,52.8107],[-62.4803,52.805],[-62.4688,52.8009],[-62.4742,52.7992],[-62.4734,52.7967],[-62.4746,52.7952],[-62.4855,52.7907],[-62.4862,52.7894],[-62.4782,52.7869],[-62.4757,52.7836],[-62.4649,52.7783],[-62.4619,52.7756],[-62.4516,52.7736],[-62.4364,52.7683],[-62.4279,52.7666],[-62.3973,52.7652],[-62.3722,52.758],[-62.3684,52.7556],[-62.3732,52.7497],[-62.3727,52.7472],[-62.3707,52.7459],[-62.3476,52.7417],[-62.338,52.7372],[-62.3152,52.7345],[-62.31,52.7387],[-62.3211,52.7447],[-62.3175,52.748],[-62.3172,52.7501],[-62.3099,52.7531],[-62.3003,52.7529],[-62.297,52.7549],[-62.2724,52.7543],[-62.262,52.7536],[-62.2539,52.7511],[-62.2469,52.745],[-62.2444,52.7408],[-62.2391,52.7386],[-62.226,52.7394],[-62.216,52.7382],[-62.2034,52.7398],[-62.1772,52.7361],[-62.1753,52.7389],[-62.1788,52.7476],[-62.1783,52.7539],[-62.1751,52.7569],[-62.1649,52.7599],[-62.1595,52.763],[-62.1586,52.769],[-62.156,52.772],[-62.1567,52.7769],[-62.1589,52.7784],[-62.1584,52.7797],[-62.156,52.7806],[-62.1335,52.7768],[-62.1198,52.7697],[-62.0872,52.7599],[-62.0767,52.7529],[-62.076,52.7499],[-62.0612,52.7491],[-62.0511,52.7468],[-62.0463,52.7435],[-62.0224,52.7397],[-62.0031,52.7297],[-61.9872,52.7245],[-61.9755,52.7177],[-61.9685,52.7154],[-61.962,52.7107],[-61.9578,52.7106],[-61.9459,52.7059],[-61.9383,52.6985],[-61.909,52.6963],[-61.9047,52.6933],[-61.911,52.6863],[-61.9069,52.6761],[-61.9091,52.6706],[-61.8869,52.6584],[-61.8632,52.6504],[-61.8629,52.6482],[-61.8661,52.6408],[-61.864,52.635],[-61.8613,52.6328],[-61.8449,52.6324],[-61.8377,52.63],[-61.8318,52.6248],[-61.823,52.6244],[-61.798,52.6187],[-61.7802,52.6185],[-61.7691,52.6143],[-61.7612,52.6137],[-61.746,52.6099],[-61.7318,52.603],[-61.73,52.5961],[-61.7264,52.5912],[-61.7162,52.5898],[-61.7136,52.5884],[-61.7164,52.5825],[-61.7127,52.5763],[-61.7152,52.5748],[-61.7148,52.574],[-61.7088,52.5732],[-61.6917,52.5762],[-61.6792,52.5709],[-61.664,52.5733],[-61.6595,52.5719],[-61.6596,52.5691],[-61.6573,52.5676],[-61.6463,52.5668],[-61.6402,52.5643],[-61.6383,52.5614],[-61.6349,52.56],[-61.6274,52.5621],[-61.6144,52.5622],[-61.6108,52.5633],[-61.6042,52.5576],[-61.5938,52.5537],[-61.5789,52.5513],[-61.567,52.5548],[-61.5599,52.5549],[-61.5125,52.5416],[-61.5083,52.5426],[-61.5039,52.5457],[-61.4925,52.54],[-61.4819,52.5376],[-61.478,52.5325],[-61.4755,52.5315],[-61.4712,52.5314],[-61.4662,52.5331],[-61.4624,52.5325],[-61.4604,52.5303],[-61.4586,52.5236],[-61.4496,52.5197],[-61.4485,52.5127],[-61.4424,52.5084],[-61.4442,52.5065],[-61.4566,52.5021],[-61.4574,52.5009],[-61.4565,52.4995],[-61.4683,52.4966],[-61.4614,52.4933],[-61.4613,52.488],[-61.4562,52.4845],[-61.4663,52.4796],[-61.4684,52.4772],[-61.4665,52.4755],[-61.4532,52.4712],[-61.4488,52.4718],[-61.4317,52.4786],[-61.4243,52.4828],[-61.4148,52.4914],[-61.4016,52.4893],[-61.3972,52.4931],[-61.3864,52.4964],[-61.363,52.4961],[-61.3591,52.4945],[-61.3459,52.4954],[-61.3358,52.5062],[-61.3311,52.5082],[-61.3245,52.5033],[-61.3239,52.5001],[-61.3255,52.4958],[-61.3175,52.4931],[-61.3058,52.4993],[-61.3113,52.5031],[-61.3067,52.5066],[-61.3054,52.51],[-61.2933,52.5135],[-61.2719,52.5139],[-61.2638,52.5118],[-61.249,52.5104],[-61.2352,52.5069],[-61.2267,52.5072],[-61.2204,52.505],[-61.2158,52.508],[-61.211,52.5046],[-61.2011,52.5006],[-61.1888,52.499],[-61.1869,52.492],[-61.1822,52.4887],[-61.1442,52.4751],[-61.1362,52.4589],[-61.1256,52.4582],[-61.1224,52.4566],[-61.1147,52.4455],[-61.1047,52.4419],[-61.0977,52.4428],[-61.0856,52.4414],[-61.0761,52.4417],[-61.07,52.4402],[-61.0618,52.4441],[-61.0569,52.4434],[-61.0568,52.4403],[-61.0491,52.4336],[-61.0339,52.4246],[-61.0334,52.4225],[-61.0371,52.4189],[-61.0293,52.4168],[-61.0186,52.411],[-61.0201,52.4095],[-61.0196,52.4076],[-61.0226,52.404],[-61.0149,52.4001],[-61.0129,52.3957],[-61.0135,52.3918],[-61.0038,52.3859],[-60.959,52.3701],[-60.9522,52.3704],[-60.9459,52.3665],[-60.9347,52.3673],[-60.9224,52.3616],[-60.9096,52.3613],[-60.9059,52.3578],[-60.8947,52.3561],[-60.8762,52.3577],[-60.862,52.3565],[-60.8477,52.3535],[-60.8522,52.3472],[-60.8507,52.3453],[-60.8477,52.3445],[-60.8388,52.3461],[-60.8191,52.3454],[-60.8135,52.348],[-60.8068,52.3482],[-60.7946,52.353],[-60.7791,52.3463],[-60.7749,52.3464],[-60.7684,52.3496],[-60.7642,52.35],[-60.7579,52.3463],[-60.743,52.3425],[-60.7403,52.3369],[-60.73,52.3279],[-60.7218,52.3268],[-60.7119,52.3285],[-60.7068,52.3273],[-60.6876,52.3174],[-60.6831,52.3116],[-60.6802,52.3097],[-60.6529,52.3036],[-60.6348,52.3092],[-60.6262,52.3139],[-60.6119,52.3116],[-60.6065,52.3147],[-60.6009,52.3137],[-60.5809,52.3148],[-60.5631,52.3196],[-60.5627,52.3224],[-60.5649,52.3245],[-60.577,52.3274],[-60.5811,52.3298],[-60.5784,52.3314],[-60.5613,52.3337],[-60.5593,52.3373],[-60.5586,52.3417],[-60.5633,52.3468],[-60.5761,52.3512],[-60.5835,52.3524],[-60.5878,52.3549],[-60.5878,52.3646],[-60.5938,52.3679],[-60.5967,52.3748],[-60.6043,52.3824],[-60.605,52.3864],[-60.6041,52.3978],[-60.5975,52.402],[-60.5882,52.4039],[-60.5861,52.4059],[-60.5864,52.4092],[-60.5839,52.4105],[-60.5769,52.4127],[-60.5647,52.4141],[-60.5641,52.4159],[-60.5652,52.4193],[-60.5745,52.4267],[-60.5742,52.4277],[-60.5515,52.4269],[-60.5483,52.4278],[-60.5527,52.4302],[-60.5638,52.4327],[-60.5675,52.4348],[-60.5675,52.4361],[-60.5562,52.4399],[-60.5513,52.4402],[-60.534,52.4379],[-60.525,52.4384],[-60.52,52.443],[-60.5211,52.4498],[-60.5203,52.4527],[-60.5174,52.4545],[-60.501,52.4529],[-60.483,52.4547],[-60.471,52.4533],[-60.4599,52.4562],[-60.451,52.452],[-60.4306,52.4526],[-60.4171,52.4497],[-60.3672,52.4534],[-60.3639,52.4526],[-60.3584,52.448],[-60.3463,52.4465],[-60.3118,52.4505],[-60.2833,52.4492],[-60.2626,52.4497],[-60.2583,52.4505],[-60.2528,52.4554],[-60.2502,52.4561],[-60.2395,52.4553],[-60.2329,52.4524],[-60.2269,52.4525],[-60.225,52.4537],[-60.2245,52.4588],[-60.2157,52.4697],[-60.2114,52.4728],[-60.1954,52.4761],[-60.1842,52.4755],[-60.1525,52.477],[-60.1403,52.4801],[-60.1355,52.4829],[-60.135,52.4895],[-60.1238,52.4931],[-60.1143,52.4935],[-60.1089,52.4988],[-60.0869,52.507],[-60.0866,52.5082],[-60.0901,52.5134],[-60.0862,52.5168],[-60.0809,52.518],[-60.0601,52.5155],[-60.0533,52.5137],[-60.0481,52.5097],[-60.0338,52.5096],[-60.024,52.5072],[-60.0179,52.5044],[-60.006,52.5026],[-59.983,52.502],[-59.9777,52.4987],[-59.9674,52.4962],[-59.9694,52.4901],[-59.9673,52.4864],[-59.9596,52.4809],[-59.9602,52.4792],[-59.9668,52.4795],[-59.9731,52.4831],[-59.9821,52.4834],[-59.9872,52.4775],[-60.0007,52.4708],[-60.0009,52.4667],[-59.999,52.4635],[-59.99,52.4581],[-59.9823,52.4514],[-59.9626,52.4501],[-59.9338,52.4376],[-59.9145,52.4322],[-59.9006,52.4342],[-59.8844,52.4337],[-59.8622,52.441],[-59.8539,52.4462],[-59.8435,52.4477],[-59.8375,52.4536],[-59.8317,52.4561],[-59.8282,52.4593],[-59.829,52.4608],[-59.8332,52.4625],[-59.8349,52.4679],[-59.8443,52.469],[-59.8538,52.472],[-59.878,52.4732],[-59.8823,52.4751],[-59.8871,52.4849],[-59.8914,52.4889],[-59.8917,52.4939],[-59.8949,52.4998],[-59.9036,52.5022],[-59.919,52.5031],[-59.9228,52.5067],[-59.9336,52.5101],[-59.9362,52.5156],[-59.9422,52.5173],[-59.9477,52.5247],[-59.9567,52.5267],[-59.9562,52.5301],[-59.9571,52.5312],[-59.9721,52.5351],[-59.9773,52.5352],[-59.9831,52.5373],[-59.9831,52.5397],[-59.9884,52.5398],[-59.9903,52.546],[-59.997,52.5473],[-59.9984,52.5508],[-60.0034,52.5506],[-60.0068,52.552],[-60.0058,52.5584],[-60.0084,52.5614],[-60.0085,52.5642],[-60.0137,52.5669],[-60.0158,52.5706],[-60.0142,52.5726],[-60.0068,52.572],[-59.9974,52.576],[-59.9747,52.5667],[-59.9637,52.5579],[-59.9557,52.5568],[-59.9433,52.5518],[-59.9382,52.551],[-59.9267,52.5539],[-59.9227,52.5517],[-59.9178,52.5554],[-59.9136,52.5559],[-59.9077,52.5621],[-59.9042,52.5685],[-59.8734,52.5614],[-59.871,52.5603],[-59.8734,52.5582],[-59.8731,52.5571],[-59.8619,52.5542],[-59.8572,52.555],[-59.8506,52.5598],[-59.8443,52.5592],[-59.8307,52.562],[-59.8225,52.5606],[-59.8155,52.5629],[-59.8127,52.5667],[-59.8074,52.5688],[-59.8064,52.5724],[-59.8115,52.5751],[-59.8121,52.5776],[-59.81,52.5821],[-59.815,52.5854],[-59.8269,52.5872],[-59.8345,52.5923],[-59.8456,52.5974],[-59.8474,52.6008],[-59.8418,52.6067],[-59.8425,52.6086],[-59.8601,52.6082],[-59.8756,52.6128],[-59.8839,52.6137],[-59.8893,52.6165],[-59.8954,52.6166],[-59.9057,52.6202],[-59.9019,52.6233],[-59.8945,52.6242],[-59.8889,52.6287],[-59.8894,52.6313],[-59.887,52.6336],[-59.8726,52.6313],[-59.8701,52.6278],[-59.8636,52.6257],[-59.8501,52.6277],[-59.8448,52.6326],[-59.843,52.6388],[-59.8397,52.6437],[-59.8489,52.647],[-59.8484,52.6537],[-59.8388,52.6573],[-59.8367,52.6621],[-59.8242,52.6658],[-59.8115,52.6737],[-59.7973,52.6786],[-59.7802,52.6773],[-59.7673,52.6802],[-59.7408,52.6787],[-59.73,52.6815],[-59.7097,52.6763],[-59.7068,52.6716],[-59.6966,52.668],[-59.6932,52.6538],[-59.6916,52.6522],[-59.6758,52.6496],[-59.661,52.6444],[-59.6506,52.6429],[-59.6503,52.6405],[-59.6525,52.6376],[-59.6525,52.6357],[-59.6504,52.6337],[-59.653,52.6289],[-59.6526,52.6272],[-59.6443,52.625],[-59.6257,52.6239],[-59.6086,52.6199],[-59.5879,52.6104],[-59.5872,52.6069],[-59.5952,52.5989],[-59.5983,52.5919],[-59.5843,52.5892],[-59.5687,52.5787],[-59.5576,52.5769],[-59.5635,52.573],[-59.5699,52.5706],[-59.5703,52.5654],[-59.5664,52.5639],[-59.5492,52.5619],[-59.5395,52.557],[-59.528,52.5607],[-59.521,52.5679],[-59.5115,52.5724],[-59.5108,52.5776],[-59.518,52.5863],[-59.513,52.5922],[-59.5193,52.5959],[-59.5204,52.6006],[-59.5137,52.6118],[-59.501,52.6159],[-59.4989,52.6217],[-59.4927,52.6209],[-59.4913,52.6185],[-59.4849,52.618],[-59.4777,52.6196],[-59.4726,52.619],[-59.4688,52.6217],[-59.4607,52.6229],[-59.4568,52.6261],[-59.4397,52.6259],[-59.4301,52.6244],[-59.4194,52.6265],[-59.4139,52.6226],[-59.4156,52.6206],[-59.4264,52.6171],[-59.4272,52.6153],[-59.4242,52.6125],[-59.4054,52.61],[-59.4015,52.6108],[-59.3971,52.6084],[-59.3847,52.6062],[-59.3751,52.6072],[-59.3678,52.6116],[-59.3562,52.6144],[-59.3493,52.6175],[-59.3374,52.6171],[-59.3319,52.6197],[-59.3284,52.6233],[-59.3161,52.6267],[-59.3103,52.6303],[-59.3065,52.6286],[-59.3054,52.6266],[-59.3094,52.6207],[-59.3121,52.6188],[-59.3091,52.6152],[-59.3081,52.6114],[-59.3054,52.611],[-59.2941,52.6143],[-59.2883,52.6129],[-59.2859,52.6082],[-59.2889,52.601],[-59.2886,52.5989],[-59.2821,52.596],[-59.2813,52.5929],[-59.2745,52.5882],[-59.2725,52.5826],[-59.2682,52.5789],[-59.2622,52.5774],[-59.2447,52.5686],[-59.2447,52.5663],[-59.2489,52.5628],[-59.2425,52.5547],[-59.2236,52.5507],[-59.2194,52.5511],[-59.2148,52.5537],[-59.2106,52.5539],[-59.1981,52.5514],[-59.19,52.5513],[-59.1846,52.5476],[-59.1757,52.5467],[-59.1696,52.5405],[-59.1696,52.5361],[-59.1683,52.5347],[-59.1595,52.529],[-59.1552,52.5247],[-59.1463,52.5222],[-59.1455,52.5191],[-59.1415,52.5168],[-59.1326,52.5174],[-59.129,52.5234],[-59.1222,52.5292],[-59.1035,52.5299],[-59.0981,52.5315],[-59.0958,52.5331],[-59.0954,52.536],[-59.0914,52.5404],[-59.0879,52.542],[-59.074,52.5399],[-59.0601,52.5415],[-59.0499,52.541],[-59.0446,52.5392],[-59.0415,52.5358],[-59.0211,52.5294],[-59.0193,52.528],[-59.0195,52.5264],[-59.025,52.5224],[-59.0257,52.5201],[-59.0121,52.5105],[-58.9907,52.5002],[-58.9887,52.4966],[-58.9783,52.4952],[-58.9585,52.4864],[-58.9495,52.4863],[-58.948,52.4852],[-58.948,52.4814],[-58.9465,52.4794],[-58.9256,52.4752],[-58.921,52.4732],[-58.9049,52.477],[-58.898,52.4806],[-58.8914,52.4776],[-58.8873,52.4705],[-58.8819,52.4662],[-58.8701,52.4643],[-58.8598,52.4647],[-58.8499,52.4757],[-58.8376,52.4801],[-58.8405,52.4916],[-58.8393,52.4952],[-58.8443,52.5003],[-58.8454,52.5046],[-58.8319,52.505],[-58.8277,52.5039],[-58.8245,52.5007],[-58.8213,52.5006],[-58.8154,52.5034],[-58.8076,52.5016],[-58.806,52.4987],[-58.8105,52.495],[-58.8105,52.4926],[-58.8041,52.4887],[-58.7939,52.4858],[-58.7906,52.4815],[-58.7857,52.4793],[-58.7775,52.4798],[-58.773,52.4833],[-58.7707,52.4828],[-58.7683,52.4801],[-58.7614,52.4791],[-58.7506,52.4821],[-58.7446,52.4854],[-58.7428,52.4826],[-58.7365,52.4805],[-58.7301,52.4819],[-58.7222,52.4757],[-58.7102,52.4706],[-58.7051,52.4718],[-58.7025,52.4741],[-58.696,52.4768],[-58.6847,52.4752],[-58.675,52.4758],[-58.6601,52.4657],[-58.6579,52.4615],[-58.6522,52.4578],[-58.6414,52.4599],[-58.6377,52.463],[-58.6321,52.4633],[-58.6266,52.466],[-58.6262,52.469],[-58.6229,52.4716],[-58.6222,52.4741],[-58.6331,52.4772],[-58.6373,52.4818],[-58.6365,52.4854],[-58.6388,52.4877],[-58.6424,52.4882],[-58.6496,52.4854],[-58.655,52.4855],[-58.6607,52.4886],[-58.6624,52.4917],[-58.6675,52.495],[-58.667,52.5005],[-58.6597,52.5019],[-58.6534,52.5071],[-58.6667,52.5119],[-58.6741,52.516],[-58.674,52.5224],[-58.6776,52.5254],[-58.6859,52.5288],[-58.6831,52.5318],[-58.6864,52.5343],[-58.6873,52.5374],[-58.6758,52.5436],[-58.6797,52.5522],[-58.6789,52.56],[-58.672,52.5627],[-58.6709,52.5652],[-58.6688,52.5663],[-58.6551,52.5678],[-58.6545,52.5719],[-58.6509,52.5741],[-58.6497,52.5741],[-58.645,52.5672],[-58.6262,52.5591],[-58.6202,52.5617],[-58.596,52.5624],[-58.5915,52.5663],[-58.5935,52.5689],[-58.5812,52.5718],[-58.5765,52.5751],[-58.568,52.578],[-58.5526,52.5769],[-58.5472,52.5747],[-58.54,52.575],[-58.5335,52.577],[-58.5215,52.5757],[-58.5335,52.5892],[-58.5519,52.5949],[-58.5448,52.6002],[-58.5367,52.6008],[-58.5323,52.6027],[-58.5309,52.6073],[-58.538,52.6087],[-58.5397,52.6108],[-58.5471,52.6144],[-58.556,52.6162],[-58.5597,52.6187],[-58.5619,52.626],[-58.5721,52.6375],[-58.5705,52.6425],[-58.5666,52.6453],[-58.5711,52.6475],[-58.5727,52.6509],[-58.5699,52.6528],[-58.557,52.6521],[-58.5435,52.6444],[-58.535,52.6422],[-58.5299,52.6475],[-58.5273,52.6548],[-58.518,52.6589],[-58.5096,52.6584],[-58.5032,52.6527],[-58.4989,52.6515],[-58.4962,52.6526],[-58.4923,52.658],[-58.4812,52.6577],[-58.4616,52.6524],[-58.448,52.6541],[-58.4465,52.6555],[-58.4472,52.6572],[-58.4449,52.659],[-58.4373,52.6596],[-58.4347,52.6619],[-58.4336,52.6653],[-58.4422,52.669],[-58.4385,52.6723],[-58.4384,52.6743],[-58.4471,52.679],[-58.4465,52.6805],[-58.4394,52.6822],[-58.4386,52.6865],[-58.4424,52.6885],[-58.4544,52.6905],[-58.4542,52.6935],[-58.4556,52.6964],[-58.4434,52.7058],[-58.4315,52.7056],[-58.4272,52.7105],[-58.4272,52.7135],[-58.4259,52.7152],[-58.4173,52.7155],[-58.4093,52.7134],[-58.4078,52.7117],[-58.3842,52.7086],[-58.3817,52.7062],[-58.3811,52.7016],[-58.3639,52.6988],[-58.345,52.6976],[-58.3264,52.6906],[-58.3231,52.685],[-58.3126,52.6793],[-58.3108,52.6736],[-58.3091,52.6722],[-58.2967,52.6681],[-58.2832,52.6579],[-58.2703,52.6525],[-58.2543,52.6486],[-58.2555,52.6466],[-58.2543,52.6445],[-58.2486,52.6402],[-58.2403,52.6358],[-58.2321,52.6332],[-58.2267,52.6329],[-58.2208,52.6304],[-58.2181,52.6269],[-58.2198,52.6252],[-58.2448,52.6252],[-58.2559,52.623],[-58.2585,52.6201],[-58.2584,52.6128],[-58.257,52.6112],[-58.2537,52.6107],[-58.242,52.6135],[-58.2345,52.613],[-58.2279,52.6113],[-58.2103,52.6024],[-58.1739,52.5968],[-58.1783,52.5912],[-58.1716,52.59],[-58.1689,52.5864],[-58.1621,52.5838],[-58.1685,52.5802],[-58.1682,52.5788],[-58.1562,52.5766],[-58.141,52.5775],[-58.1254,52.5746],[-58.1241,52.5735],[-58.1252,52.5703],[-58.1323,52.5668],[-58.1275,52.5646],[-58.1258,52.5625],[-58.113,52.5632],[-58.1085,52.5601],[-58.1049,52.5594],[-58.0998,52.563],[-58.1011,52.5684],[-58.1003,52.5695],[-58.0948,52.5735],[-58.0839,52.5744],[-58.0834,52.5726],[-58.0855,52.5698],[-58.0848,52.5646],[-58.0806,52.5576],[-58.08,52.5506],[-58.0777,52.5444],[-58.0823,52.5371],[-58.0826,52.5273],[-58.079,52.5246],[-58.0761,52.5198],[-58.0607,52.5133],[-58.0467,52.5024],[-58.0476,52.5001],[-58.0565,52.4975],[-58.062,52.4941],[-58.0631,52.4905],[-58.0544,52.4876],[-58.0191,52.4815],[-58.0105,52.472],[-58.0055,52.4634],[-57.9973,52.459],[-57.9999,52.4545],[-57.9876,52.4515],[-57.985,52.447],[-57.9849,52.4416],[-57.9807,52.4394],[-57.9803,52.4318],[-57.9747,52.4266],[-57.9623,52.4314],[-57.954,52.4317],[-57.9475,52.4269],[-57.9446,52.4271],[-57.9434,52.4294],[-57.9407,52.4301],[-57.9389,52.4234],[-57.9332,52.4184],[-57.9204,52.4162],[-57.9082,52.4167],[-57.9035,52.4149],[-57.9008,52.4158],[-57.8966,52.414],[-57.891,52.4149],[-57.8874,52.4199],[-57.8768,52.4209],[-57.8687,52.4188],[-57.8646,52.4126],[-57.8609,52.4128],[-57.8592,52.4148],[-57.8598,52.4195],[-57.8588,52.4226],[-57.8617,52.427],[-57.8593,52.4338],[-57.861,52.4373],[-57.8675,52.4396],[-57.8684,52.4418],[-57.8648,52.4437],[-57.8506,52.4456],[-57.8504,52.4489],[-57.8489,52.4509],[-57.8375,52.4529],[-57.8367,52.4582],[-57.8334,52.4591],[-57.8279,52.4579],[-57.8207,52.461],[-57.8214,52.4638],[-57.8128,52.464],[-57.813,52.4664],[-57.8096,52.4685],[-57.8119,52.4707],[-57.8115,52.4743],[-57.8148,52.4748],[-57.8138,52.4767],[-57.8191,52.4763],[-57.8202,52.478],[-57.8257,52.4797],[-57.8233,52.4829],[-57.8244,52.4862],[-57.8178,52.4901],[-57.8172,52.4924],[-57.8226,52.4938],[-57.8284,52.4932],[-57.8351,52.4957],[-57.8404,52.4941],[-57.8481,52.4997],[-57.8373,52.5006],[-57.8354,52.5059],[-57.8254,52.5074],[-57.8203,52.51],[-57.8159,52.5103],[-57.815,52.5116],[-57.805,52.5105],[-57.801,52.5078],[-57.7992,52.5061],[-57.7997,52.505],[-57.8047,52.504],[-57.8025,52.5024],[-57.8025,52.5009],[-57.7874,52.4967],[-57.786,52.4924],[-57.7878,52.4903],[-57.7867,52.4894],[-57.7772,52.4897],[-57.7739,52.4865],[-57.7689,52.4847],[-57.7502,52.4848],[-57.7319,52.4787],[-57.7377,52.4742],[-57.7395,52.4689],[-57.745,52.4631],[-57.7527,52.4599],[-57.7546,52.4579],[-57.7578,52.453],[-57.758,52.4485],[-57.7611,52.4452],[-57.7609,52.442],[-57.7664,52.4395],[-57.7676,52.4365],[-57.7714,52.4346],[-57.7714,52.4323],[-57.773,52.4311],[-57.7799,52.4316],[-57.7833,52.4307],[-57.7865,52.4278],[-57.7808,52.4251],[-57.7768,52.426],[-57.7694,52.4246],[-57.761,52.4252],[-57.7567,52.4236],[-57.7532,52.4196],[-57.7486,52.4185],[-57.7516,52.4114],[-57.7509,52.4092],[-57.7442,52.4027],[-57.7379,52.4014],[-57.7421,52.3978],[-57.7432,52.3898],[-57.7316,52.3834],[-57.7325,52.3816],[-57.738,52.3784],[-57.7399,52.3707],[-57.7079,52.3556],[-57.6996,52.3437],[-57.68,52.3346],[-57.6768,52.3163],[-57.6531,52.3126],[-57.6376,52.3138],[-57.6345,52.3128],[-57.613,52.2944],[-57.5987,52.2925],[-57.5881,52.2889],[-57.5782,52.2783],[-57.5746,52.2677],[-57.5566,52.2593],[-57.564,52.248],[-57.559,52.2458],[-57.5537,52.2398],[-57.5426,52.2351],[-57.5346,52.2287],[-57.5198,52.2241],[-57.5077,52.2171],[-57.4954,52.2154],[-57.494,52.2108],[-57.495,52.2038],[-57.4926,52.1998],[-57.494,52.1949],[-57.4932,52.1937],[-57.4747,52.1929],[-57.4678,52.1896],[-57.4669,52.1871],[-57.4684,52.179],[-57.4666,52.1763],[-57.45,52.165],[-57.4435,52.1539],[-57.4341,52.1447],[-57.4297,52.1376],[-57.4174,52.1235],[-57.4141,52.1156],[-57.4169,52.1068],[-57.415,52.0977],[-57.4173,52.0924],[-57.4212,52.0884],[-57.4209,52.0852],[-57.4176,52.0821],[-57.4036,52.0819],[-57.3979,52.0781],[-57.3962,52.0746],[-57.4082,52.0691],[-57.4101,52.0669],[-57.4091,52.0661],[-57.3984,52.0634],[-57.3824,52.0639],[-57.3775,52.0603],[-57.3621,52.0566],[-57.3559,52.0517],[-57.3335,52.0521],[-57.3281,52.055],[-57.3266,52.0636],[-57.3194,52.0648],[-57.3127,52.0695],[-57.3067,52.0712],[-57.3065,52.0752],[-57.3104,52.0806],[-57.3039,52.0849],[-57.297,52.0959],[-57.2945,52.0968],[-57.2785,52.0966],[-57.2682,52.0949],[-57.2494,52.0838],[-57.2348,52.082],[-57.2232,52.0837],[-57.2198,52.0791],[-57.2141,52.0769],[-57.2156,52.0751],[-57.215,52.0687],[-57.2161,52.0656],[-57.2131,52.0591],[-57.2006,52.0545],[-57.1855,52.0606],[-57.1737,52.0599],[-57.166,52.0582],[-57.1658,52.0646],[-57.1638,52.0654],[-57.1545,52.065],[-57.139,52.0679],[-57.1289,52.0659],[-57.1219,52.0665],[-57.1181,52.0712],[-57.1194,52.0773],[-57.1132,52.0797],[-57.107,52.085],[-57.1056,52.0881],[-57.1009,52.0861],[-57.0928,52.0885],[-57.0841,52.1006],[-57.0802,52.1028],[-57.0748,52.1032],[-57.0693,52.1019],[-57.0663,52.0993],[-57.0658,52.0972],[-57.0688,52.0905],[-57.0609,52.0886],[-57.0482,52.0944],[-57.0419,52.0991],[-57.0292,52.102],[-57.0245,52.1004],[-57.0193,52.0957],[-57.0116,52.0919],[-57.0109,52.0881],[-57.0083,52.0847],[-56.9993,52.0829],[-56.9874,52.076],[-56.9874,52.0744],[-56.9927,52.0693],[-56.9932,52.0673],[-56.9912,52.0641],[-56.9807,52.0601],[-56.9892,52.0519],[-56.984,52.0453],[-56.9844,52.0417],[-56.9809,52.029],[-56.9781,52.0257],[-56.9711,52.0243],[-56.9666,52.0209],[-56.9621,52.009],[-56.9539,52.0026],[-56.9469,52.0],[-56.94,51.9931],[-56.9375,51.9877],[-56.9404,51.9807],[-56.9349,51.9744],[-56.9377,51.9714],[-56.9449,51.9688],[-56.9551,51.9726],[-56.9619,51.9771],[-56.9711,51.9798],[-56.9822,51.9754],[-56.9973,51.9817],[-57.0042,51.9916],[-57.0112,51.9934],[-57.0226,51.9923],[-57.0273,51.9889],[-57.0408,51.9842],[-57.044,51.9819],[-57.0437,51.9751],[-57.0381,51.971],[-57.0358,51.9636],[-57.042,51.9589],[-57.0484,51.9482],[-57.0558,51.9444],[-57.0623,51.9381],[-57.0599,51.9345],[-57.054,51.9332],[-57.0523,51.9313],[-57.0509,51.9207],[-57.0545,51.9169],[-57.0731,51.9184],[-57.0811,51.9156],[-57.0791,51.9137],[-57.0789,51.9102],[-57.0734,51.9059],[-57.0619,51.8919],[-57.058,51.8827],[-57.0582,51.8776],[-57.0565,51.8723],[-57.0578,51.8689],[-57.0631,51.8642],[-57.064,51.8574],[-57.0787,51.8534],[-57.0801,51.8517],[-57.0824,51.8463],[-57.0798,51.843],[-57.0776,51.8369],[-57.0802,51.8293],[-57.0792,51.8253],[-57.09,51.8163],[-57.0887,51.8112],[-57.0957,51.8059],[-57.1014,51.8063],[-57.1042,51.8052],[-57.1078,51.8061],[-57.1075,51.4149],[-57.1263,51.4232],[-57.1312,51.4242],[-57.1361,51.4274],[-57.1402,51.4245],[-57.1464,51.4242],[-57.1504,51.4211],[-57.1534,51.415],[-57.17,51.4076],[-57.1755,51.4067],[-57.1802,51.4092],[-57.1913,51.4087],[-57.1965,51.4107],[-57.2025,51.4096],[-57.2077,51.4114],[-57.2106,51.4175],[-57.2065,51.4235],[-57.2069,51.4297],[-57.2152,51.4358],[-57.2258,51.4368],[-57.2305,51.4402],[-57.235,51.441],[-57.24,51.4483],[-57.2416,51.4552],[-57.2468,51.4589],[-57.2473,51.4645],[-57.2434,51.4705],[-57.2444,51.4771],[-57.237,51.4927],[-57.2384,51.5],[-57.2329,51.5016],[-57.2421,51.5048],[-57.2477,51.5035],[-57.2442,51.4999],[-57.2454,51.4929],[-57.2489,51.4898],[-57.2509,51.4938],[-57.2496,51.4979],[-57.255,51.4969],[-57.2595,51.4986],[-57.2703,51.494],[-57.2756,51.4932],[-57.2813,51.4931],[-57.2807,51.4961],[-57.3173,51.4904],[-57.3224,51.4913],[-57.3314,51.4874],[-57.3636,51.4818],[-57.3973,51.4792],[-57.4093,51.4771],[-57.4119,51.4732],[-57.4113,51.4702],[-57.4134,51.4638],[-57.4203,51.4618],[-57.4267,51.4635],[-57.4303,51.4731],[-57.4279,51.476],[-57.4319,51.4794],[-57.4371,51.4812],[-57.4546,51.4823],[-57.4557,51.4811],[-57.4482,51.478],[-57.4489,51.4749],[-57.4589,51.468],[-57.4643,51.4675],[-57.463,51.4643],[-57.4595,51.4609],[-57.4547,51.4602],[-57.4446,51.4695],[-57.4427,51.4662],[-57.4425,51.4632],[-57.4385,51.4592],[-57.4385,51.4523],[-57.4362,51.4487],[-57.4414,51.4424],[-57.4474,51.4402],[-57.4523,51.4414],[-57.4707,51.4345],[-57.4772,51.4354],[-57.4781,51.4386],[-57.4769,51.445],[-57.4811,51.4473],[-57.4808,51.4505],[-57.4703,51.457],[-57.4711,51.4602],[-57.475,51.4638],[-57.4793,51.4613],[-57.4801,51.4584],[-57.4863,51.4581],[-57.486,51.465],[-57.4962,51.4627],[-57.4955,51.4533],[-57.499,51.4503],[-57.5047,51.449],[-57.4993,51.4466],[-57.4986,51.4432],[-57.5049,51.4359],[-57.5111,51.4333],[-57.5163,51.4329],[-57.518,51.4363],[-57.5158,51.4396],[-57.5169,51.4477],[-57.5246,51.4431],[-57.531,51.4409],[-57.5305,51.4376],[-57.5422,51.4377],[-57.5478,51.434],[-57.553,51.4325],[-57.5548,51.4365],[-57.5617,51.4359],[-57.5628,51.4391],[-57.5682,51.4398],[-57.5689,51.4363],[-57.5736,51.4334],[-57.5791,51.4373],[-57.5843,51.4345],[-57.5877,51.4293],[-57.5931,51.4273],[-57.5966,51.4204],[-57.6081,51.4217],[-57.6081,51.4182],[-57.6182,51.4198],[-57.6209,51.4235],[-57.6158,51.4235],[-57.6143,51.4273],[-57.6094,51.4326],[-57.5963,51.4409],[-57.5911,51.4425],[-57.5876,51.4461],[-57.5845,51.4529],[-57.584,51.4572],[-57.5816,51.4604],[-57.5848,51.4674],[-57.5865,51.4579],[-57.5978,51.4566],[-57.6074,51.4469],[-57.6118,51.4402],[-57.6174,51.4387],[-57.6185,51.4355],[-57.6133,51.4331],[-57.6187,51.4297],[-57.6241,51.4282],[-57.6256,51.4314],[-57.6218,51.4347],[-57.6283,51.4326],[-57.6378,51.4351],[-57.645,51.4295],[-57.6509,51.4287],[-57.6558,51.431],[-57.6594,51.4283],[-57.665,51.4285],[-57.6677,51.4254],[-57.6781,51.4227],[-57.6788,51.4264],[-57.6841,51.4256],[-57.6891,51.4227],[-57.6916,51.4198],[-57.6967,51.4212],[-57.6962,51.4244],[-57.6991,51.4284],[-57.6973,51.4313],[-57.6988,51.436],[-57.6942,51.4354],[-57.692,51.4388],[-57.6914,51.4453],[-57.6873,51.4432],[-57.6761,51.4428],[-57.6929,51.4485],[-57.6968,51.4419],[-57.6964,51.4385],[-57.7019,51.4391],[-57.7028,51.4436],[-57.7001,51.4531],[-57.7027,51.4571],[-57.7021,51.462],[-57.6959,51.4723],[-57.6996,51.4733],[-57.7106,51.471],[-57.7122,51.468],[-57.7175,51.4661],[-57.7218,51.4685],[-57.7267,51.4679],[-57.731,51.4709],[-57.7474,51.4706],[-57.7581,51.4646],[-57.7535,51.4633],[-57.7509,51.4597],[-57.7521,51.4556],[-57.7555,51.4522],[-57.7508,51.4503],[-57.7468,51.4465],[-57.753,51.4442],[-57.7643,51.4363],[-57.7656,51.4298],[-57.7712,51.4307],[-57.7669,51.4264],[-57.7711,51.4235],[-57.7772,51.4247],[-57.7829,51.4239],[-57.789,51.4226],[-57.7905,51.4197],[-57.789,51.4159],[-57.7776,51.4201],[-57.7741,51.4166],[-57.7718,51.412],[-57.7755,51.4093],[-57.7771,51.4057],[-57.777,51.4022],[-57.7748,51.3989],[-57.7756,51.3958],[-57.7855,51.3975],[-57.7867,51.401],[-57.7906,51.4045],[-57.793,51.4015],[-57.8053,51.4002],[-57.8131,51.4088],[-57.811,51.4154],[-57.8078,51.4186],[-57.7991,51.4248],[-57.7876,51.4298],[-57.785,51.4327],[-57.7846,51.4358],[-57.8089,51.4243],[-57.8146,51.4246],[-57.8154,51.4212],[-57.8281,51.4225],[-57.8274,51.4188],[-57.8321,51.4155],[-57.8278,51.413],[-57.8274,51.4082],[-57.8383,51.4018],[-57.8505,51.398],[-57.8664,51.3952],[-57.8776,51.3875],[-57.8889,51.3849],[-57.891,51.382],[-57.8976,51.3788],[-57.8931,51.3757],[-57.8926,51.3724],[-57.8901,51.3688],[-57.8988,51.3643],[-57.9019,51.3607],[-57.9066,51.361],[-57.9244,51.3549],[-57.9294,51.3518],[-57.9355,51.3509],[-57.9409,51.3475],[-57.9456,51.3497],[-57.9507,51.3469],[-57.9502,51.3438],[-57.9557,51.3453],[-57.9565,51.3422],[-57.974,51.3301],[-57.9754,51.327],[-57.9812,51.3256],[-57.9851,51.3195],[-58.0087,51.3092],[-58.0137,51.3096],[-58.0109,51.3126],[-58.0158,51.3138],[-58.0183,51.3176],[-58.0177,51.3097],[-58.0232,51.3066],[-58.034,51.3039],[-58.0386,51.3053],[-58.0342,51.3142],[-58.0285,51.3179],[-58.0286,51.3248],[-58.0403,51.3105],[-58.0548,51.3023],[-58.0621,51.3015],[-58.0565,51.3129],[-58.0555,51.323],[-58.0505,51.3388],[-58.0507,51.3516],[-58.0452,51.3611],[-58.0456,51.364],[-58.055,51.3571],[-58.0561,51.3403],[-58.0604,51.3335],[-58.0585,51.3298],[-58.063,51.3219],[-58.0634,51.3147],[-58.0702,51.299],[-58.0757,51.2979],[-58.0738,51.2943],[-58.0796,51.2947],[-58.0769,51.3006],[-58.0793,51.3041],[-58.0824,51.2994],[-58.0934,51.2907],[-58.0978,51.2946],[-58.1007,51.2914],[-58.106,51.2887],[-58.1106,51.2896],[-58.1072,51.2986],[-58.1104,51.2928],[-58.1167,51.289],[-58.122,51.289],[-58.1219,51.2921],[-58.1269,51.2896],[-58.126,51.2862],[-58.1313,51.2828],[-58.1416,51.2811],[-58.1442,51.2782],[-58.1504,51.2859],[-58.1504,51.2891],[-58.1423,51.3002],[-58.1408,51.3134],[-58.1299,51.3348],[-58.1304,51.3378],[-58.1247,51.3394],[-58.1301,51.341],[-58.1301,51.3487],[-58.1342,51.3459],[-58.1338,51.3428],[-58.1395,51.3357],[-58.1384,51.3289],[-58.1425,51.3259],[-58.1406,51.3195],[-58.1469,51.3049],[-58.1509,51.3021],[-58.1537,51.2926],[-58.1628,51.2797],[-58.1849,51.2718],[-58.2123,51.2662],[-58.2127,51.27],[-58.2089,51.2825],[-58.2044,51.2862],[-58.2082,51.2965],[-58.2094,51.3175],[-58.212,51.3144],[-58.211,51.3113],[-58.212,51.3045],[-58.2175,51.3029],[-58.2131,51.2998],[-58.2117,51.2961],[-58.2138,51.2757],[-58.2168,51.2663],[-58.2229,51.2639],[-58.2348,51.265],[-58.2374,51.2693],[-58.2458,51.2744],[-58.2428,51.2808],[-58.2486,51.2794],[-58.2527,51.2834],[-58.257,51.2854],[-58.2591,51.2889],[-58.2558,51.2962],[-58.2515,51.2936],[-58.2565,51.2989],[-58.2571,51.3031],[-58.2546,51.3064],[-58.2495,51.3063],[-58.2527,51.3101],[-58.2479,51.3076],[-58.2444,51.3137],[-58.2477,51.3172],[-58.2526,51.3191],[-58.2512,51.3228],[-58.2458,51.3243],[-58.2451,51.3276],[-58.251,51.3278],[-58.2536,51.3311],[-58.2587,51.3338],[-58.2642,51.3314],[-58.2693,51.3323],[-58.2754,51.331],[-58.2798,51.3347],[-58.2843,51.3364],[-58.2887,51.3446],[-58.2887,51.3477],[-58.2847,51.3511],[-58.2845,51.3545],[-58.2801,51.3577],[-58.2812,51.3611],[-58.2871,51.3598],[-58.2938,51.3625],[-58.296,51.3661],[-58.301,51.3622],[-58.3038,51.3655],[-58.3044,51.3693],[-58.2941,51.3762],[-58.289,51.377],[-58.2833,51.3799],[-58.2824,51.3829],[-58.2775,51.3824],[-58.2798,51.3794],[-58.2626,51.3825],[-58.2623,51.3856],[-58.2684,51.3925],[-58.2729,51.3882],[-58.2836,51.3837],[-58.2886,51.3829],[-58.3054,51.3745],[-58.3232,51.3701],[-58.3275,51.372],[-58.3338,51.3695],[-58.3301,51.3611],[-58.33,51.3578],[-58.3326,51.3546],[-58.3325,51.3515],[-58.33,51.3469],[-58.3287,51.3503],[-58.3181,51.3536],[-58.3134,51.3521],[-58.3082,51.3479],[-58.3091,51.3528],[-58.3033,51.3532],[-58.2989,51.3505],[-58.2864,51.3334],[-58.2861,51.3303],[-58.2914,51.3308],[-58.2945,51.334],[-58.2944,51.3278],[-58.2894,51.3241],[-58.2873,51.3271],[-58.2827,51.3263],[-58.2777,51.319],[-58.2723,51.3176],[-58.2668,51.3257],[-58.2628,51.3218],[-58.2627,51.3183],[-58.2571,51.3107],[-58.2574,51.3077],[-58.2639,51.3086],[-58.2786,51.3161],[-58.2737,51.3078],[-58.2785,51.3086],[-58.2851,51.3155],[-58.2963,51.3208],[-58.2946,51.3167],[-58.2857,51.3095],[-58.2812,51.3087],[-58.276,51.3022],[-58.2743,51.2979],[-58.2801,51.2982],[-58.2862,51.2959],[-58.2876,51.2992],[-58.2918,51.3035],[-58.3029,51.3107],[-58.2951,51.3031],[-58.2934,51.2995],[-58.3009,51.294],[-58.2897,51.2917],[-58.2845,51.2848],[-58.2969,51.2832],[-58.2803,51.28],[-58.2815,51.2737],[-58.2859,51.2752],[-58.2859,51.2721],[-58.2812,51.2696],[-58.2827,51.2667],[-58.2931,51.267],[-58.2855,51.2643],[-58.3083,51.261],[-58.3136,51.2652],[-58.3235,51.2694],[-58.3328,51.2768],[-58.332,51.28],[-58.3369,51.2801],[-58.3404,51.2773],[-58.3514,51.2755],[-58.354,51.279],[-58.3581,51.2817],[-58.3589,51.2856],[-58.3668,51.2927],[-58.37,51.2898],[-58.3704,51.2854],[-58.3752,51.2793],[-58.3805,51.2778],[-58.3833,51.2817],[-58.3796,51.2844],[-58.3807,51.2897],[-58.3872,51.2893],[-58.392,51.2914],[-58.3998,51.2987],[-58.3945,51.2877],[-58.4003,51.2856],[-58.411,51.2849],[-58.4183,51.2918],[-58.4147,51.3011],[-58.4146,51.3071],[-58.4258,51.3083],[-58.4267,51.3119],[-58.4317,51.3133],[-58.443,51.3118],[-58.4636,51.3051],[-58.4751,51.303],[-58.4762,51.3069],[-58.4752,51.3112],[-58.4805,51.3081],[-58.4826,51.3047],[-58.4884,51.3028],[-58.4791,51.2991],[-58.4811,51.296],[-58.4922,51.2928],[-58.4974,51.29],[-58.4988,51.2867],[-58.5089,51.2818],[-58.5135,51.2823],[-58.5157,51.2791],[-58.5225,51.2771],[-58.5295,51.2708],[-58.5297,51.2672],[-58.5379,51.2627],[-58.5495,51.2589],[-58.548,51.2557],[-58.5584,51.25],[-58.5701,51.2411],[-58.5812,51.2359],[-58.5807,51.2566],[-58.5834,51.2624],[-58.5863,51.2503],[-58.5829,51.2463],[-58.5862,51.242],[-58.584,51.2386],[-58.5885,51.2317],[-58.593,51.233],[-58.5949,51.2399],[-58.593,51.2434],[-58.5986,51.2465],[-58.5996,51.2501],[-58.604,51.2534],[-58.6032,51.2605],[-58.6009,51.2632],[-58.6058,51.2631],[-58.6105,51.2659],[-58.6148,51.2716],[-58.6116,51.2756],[-58.6163,51.2774],[-58.6215,51.275],[-58.6265,51.2766],[-58.6308,51.2739],[-58.6358,51.2739],[-58.6341,51.267],[-58.6355,51.2642],[-58.6266,51.2591],[-58.6212,51.258],[-58.6236,51.2505],[-58.6181,51.2451],[-58.6178,51.242],[-58.6206,51.239],[-58.6164,51.2364],[-58.6163,51.2327],[-58.6214,51.2316],[-58.6256,51.2271],[-58.6317,51.2263],[-58.6368,51.2235],[-58.6433,51.2223],[-58.6476,51.215],[-58.6427,51.2118],[-58.6318,51.2136],[-58.6256,51.2092],[-58.6204,51.2083],[-58.622,51.2055],[-58.6198,51.2023],[-58.6251,51.2019],[-58.6316,51.1994],[-58.6229,51.1926],[-58.6168,51.1914],[-58.6072,51.187],[-58.5964,51.1853],[-58.5922,51.1824],[-58.5904,51.1852],[-58.5854,51.1853],[-58.5836,51.1822],[-58.5641,51.1791],[-58.5751,51.1758],[-58.5787,51.1699],[-58.5847,51.1679],[-58.589,51.1712],[-58.5893,51.1744],[-58.594,51.1717],[-58.5933,51.1776],[-58.6072,51.1788],[-58.6124,51.1767],[-58.6079,51.1727],[-58.6136,51.1708],[-58.6135,51.1672],[-58.6022,51.1622],[-58.608,51.1588],[-58.6097,51.1558],[-58.6148,51.1536],[-58.6207,51.1472],[-58.6303,51.1417],[-58.6351,51.1438],[-58.6355,51.1407],[-58.6407,51.1399],[-58.6409,51.1369],[-58.6517,51.1346],[-58.6569,51.1356],[-58.6561,51.132],[-58.6609,51.1288],[-58.664,51.1327],[-58.6621,51.1376],[-58.6628,51.143],[-58.6575,51.1433],[-58.6614,51.1481],[-58.6652,51.145],[-58.6645,51.1419],[-58.6689,51.139],[-58.6685,51.1282],[-58.6711,51.1255],[-58.6853,51.1246],[-58.6825,51.1209],[-58.6877,51.1193],[-58.6928,51.1193],[-58.6958,51.1165],[-58.6911,51.1149],[-58.7029,51.1071],[-58.7094,51.1045],[-58.7138,51.1061],[-58.7139,51.103],[-58.7179,51.1],[-58.7359,51.0941],[-58.7392,51.0913],[-58.745,51.0916],[-58.7502,51.0887],[-58.7553,51.0875],[-58.7575,51.0911],[-58.7561,51.094],[-58.7563,51.1005],[-58.7601,51.1049],[-58.7623,51.0991],[-58.7585,51.0956],[-58.7612,51.0926],[-58.7589,51.089],[-58.7655,51.0851],[-58.7657,51.0884],[-58.7631,51.0912],[-58.768,51.0904],[-58.7676,51.0827],[-58.7739,51.0806],[-58.7794,51.0809],[-58.7831,51.0845],[-58.7842,51.0839],[-58.7833,51.0807],[-58.7882,51.0826],[-58.7939,51.093],[-58.7939,51.0963],[-58.7886,51.0968],[-58.7881,51.1],[-58.7939,51.0985],[-58.7988,51.1004],[-58.8047,51.0954],[-58.7998,51.0934],[-58.8001,51.0902],[-58.7981,51.0841],[-58.7978,51.0767],[-58.8007,51.0704],[-58.8053,51.0679],[-58.8108,51.0683],[-58.8154,51.0707],[-58.816,51.0647],[-58.8197,51.0661],[-58.8192,51.0623],[-58.8262,51.0634],[-58.8275,51.0692],[-58.8273,51.0778],[-58.8325,51.0814],[-58.8386,51.0889],[-58.8429,51.0919],[-58.8492,51.0927],[-58.854,51.0897],[-58.8492,51.0886],[-58.844,51.0893],[-58.8397,51.0875],[-58.8344,51.081],[-58.8357,51.076],[-58.8449,51.0667],[-58.8402,51.0561],[-58.8417,51.0532],[-58.847,51.0496],[-58.8563,51.0468],[-58.868,51.0406],[-58.8666,51.0395],[-58.8607,51.042],[-58.8484,51.0447],[-58.8384,51.0429],[-58.8401,51.0471],[-58.8355,51.052],[-58.83,51.0535],[-58.8232,51.0392],[-58.8234,51.0358],[-58.8254,51.0323],[-58.8259,51.0246],[-58.8305,51.0252],[-58.8345,51.0343],[-58.8361,51.0313],[-58.8363,51.0246],[-58.8417,51.0237],[-58.8462,51.0207],[-58.8512,51.0245],[-58.8528,51.0211],[-58.8515,51.0165],[-58.8617,51.0127],[-58.8647,51.0165],[-58.8696,51.0175],[-58.8679,51.003],[-58.8704,51.0003],[-58.8789,51.0001],[-58.8805,50.9968],[-58.8828,51.0001],[-58.8849,51.0001],[-58.8832,50.9946],[-58.8961,50.9858],[-58.8935,50.9825],[-58.8947,50.9792],[-58.9007,50.9766],[-58.9053,50.9796],[-58.9048,50.9826],[-58.915,50.9779],[-58.911,50.9747],[-58.9063,50.9738],[-58.8958,50.9769],[-58.8895,50.981],[-58.8872,50.9842],[-58.8833,50.9802],[-58.8811,50.9765],[-58.8849,50.9737],[-58.8853,50.9708],[-58.8906,50.9704],[-58.8857,50.9635],[-58.8865,50.9604],[-58.8906,50.9577],[-58.8889,50.9608],[-58.8934,50.9621],[-58.9019,50.9673],[-58.8991,50.963],[-58.9049,50.9615],[-58.9083,50.9582],[-58.9032,50.9573],[-58.898,50.9601],[-58.8934,50.9572],[-58.8909,50.9537],[-58.8938,50.9468],[-58.8984,50.9477],[-58.8957,50.9506],[-58.9002,50.9522],[-58.9008,50.9555],[-58.907,50.9536],[-58.9067,50.9565],[-58.9107,50.9538],[-58.9094,50.9501],[-58.9124,50.9464],[-58.9191,50.9487],[-58.9187,50.9555],[-58.9132,50.9577],[-58.9161,50.9609],[-58.9196,50.958],[-58.9179,50.9778],[-58.9227,50.9795],[-58.9188,50.9827],[-58.9221,50.9866],[-58.9207,50.9896],[-58.9218,50.9928],[-58.9204,51.0001],[-58.9171,51.0038],[-58.9151,51.0001],[-58.9162,50.9961],[-58.9147,50.9893],[-58.9131,50.9923],[-58.9096,51.0103],[-58.9064,51.018],[-58.9018,51.0208],[-58.9006,51.0243],[-58.8847,51.0309],[-58.8897,51.0335],[-58.8943,51.05],[-58.8978,51.0567],[-58.9026,51.0593],[-58.9033,51.0562],[-58.9069,51.0533],[-58.9028,51.0501],[-58.9031,51.0445],[-58.9085,51.0444],[-58.9097,51.0416],[-58.9111,51.0461],[-58.9216,51.0444],[-58.9246,51.048],[-58.9251,51.0516],[-58.9268,51.0525],[-58.9305,51.0476],[-58.9347,51.045],[-58.9362,51.042],[-58.9414,51.0405],[-58.9445,51.0313],[-58.9496,51.0297],[-58.9528,51.0255],[-58.9583,51.0227],[-58.9615,51.0279],[-58.9611,51.031],[-58.9661,51.0342],[-58.9687,51.0311],[-58.9674,51.0279],[-58.9695,51.0235],[-58.9651,51.0218],[-58.9657,51.0172],[-58.9703,51.0142],[-58.9716,51.0106],[-58.9772,51.0103],[-58.9819,51.014],[-58.9812,51.0106],[-58.9863,51.0102],[-58.9916,51.0112],[-58.9992,51.015],[-59.0041,51.0149],[-59.0081,51.0115],[-59.0066,51.0046],[-58.9935,51.0049],[-58.9879,51.0034],[-58.984,51.0],[-58.9863,50.9969],[-58.9842,50.9951],[-58.9794,50.9953],[-58.9698,51.0],[-58.9608,51.0],[-58.9514,50.9933],[-58.9488,50.9879],[-58.9538,50.9881],[-58.959,50.9802],[-58.9586,50.9771],[-58.9615,50.974],[-58.9567,50.9711],[-58.9556,50.968],[-58.9615,50.9661],[-58.9665,50.9685],[-58.9695,50.9537],[-58.9718,50.9508],[-58.9774,50.95],[-58.9769,50.9468],[-58.9829,50.9468],[-58.9862,50.9437],[-58.9692,50.9453],[-58.964,50.9432],[-58.959,50.9432],[-58.9584,50.9394],[-58.96,50.9356],[-58.9571,50.9276],[-58.9616,50.9287],[-58.9624,50.9256],[-58.9675,50.9271],[-58.9681,50.926],[-58.9638,50.9232],[-58.966,50.9198],[-58.9599,50.9179],[-58.9557,50.9145],[-58.9573,50.9109],[-58.9647,50.9048],[-58.9669,50.901],[-58.9774,50.8947],[-58.9807,50.8912],[-58.9731,50.8902],[-58.9714,50.8865],[-58.9615,50.8866],[-58.9555,50.888],[-58.9517,50.8841],[-58.9512,50.8779],[-58.9532,50.8745],[-58.9512,50.8711],[-58.9557,50.8684],[-58.957,50.8715],[-58.956,50.8746],[-58.9624,50.8705],[-58.9666,50.8726],[-58.9648,50.8692],[-58.9711,50.8677],[-58.9759,50.8714],[-58.977,50.875],[-58.9825,50.8686],[-58.9779,50.8664],[-58.978,50.8633],[-58.9851,50.8575],[-58.984,50.8545],[-58.9792,50.8513],[-58.9776,50.8469],[-58.9737,50.8432],[-58.9723,50.836],[-58.9654,50.8381],[-58.9589,50.8373],[-58.9536,50.8383],[-58.9536,50.8353],[-58.9489,50.8336],[-58.9536,50.8307],[-58.9536,50.8273],[-58.9517,50.8238],[-58.9575,50.8225],[-58.9606,50.8261],[-58.9619,50.8225],[-58.9554,50.8205],[-58.9523,50.817],[-58.9573,50.8167],[-58.9618,50.8193],[-58.971,50.8142],[-58.9723,50.809],[-58.9774,50.8098],[-58.9777,50.806],[-58.9801,50.8028],[-58.9898,50.8027],[-58.9929,50.7993],[-58.9928,50.7959],[-58.9852,50.8015],[-58.9817,50.7983],[-58.9872,50.7981],[-58.9893,50.7916],[-58.9939,50.7922],[-58.9922,50.7879],[-58.9977,50.7851],[-58.9991,50.7792],[-59.0025,50.7763],[-59.008,50.7764],[-59.0131,50.7735],[-59.0158,50.7696],[-59.021,50.7693],[-59.0187,50.7722],[-59.0254,50.7723],[-59.0306,50.7705],[-59.0281,50.7733],[-59.032,50.7771],[-59.0304,50.7737],[-59.0399,50.7773],[-59.0387,50.7836],[-59.0476,50.7878],[-59.0504,50.7847],[-59.0504,50.7816],[-59.0603,50.777],[-59.0498,50.7757],[-59.0331,50.7706],[-59.0282,50.759],[-59.0316,50.7562],[-59.0268,50.7544],[-59.0196,50.75],[-59.0174,50.7469],[-59.0121,50.7447],[-59.0111,50.7414],[-59.0127,50.7384],[-59.0179,50.7363],[-59.0269,50.7403],[-59.0288,50.7438],[-59.0343,50.7436],[-59.0392,50.7464],[-59.0438,50.7467],[-59.0691,50.7543],[-59.0741,50.7537],[-59.0624,50.7585],[-59.071,50.7614],[-59.074,50.7654],[-59.071,50.7685],[-59.0703,50.7715],[-59.0763,50.7693],[-59.0813,50.7723],[-59.0862,50.7716],[-59.088,50.7687],[-59.0929,50.7714],[-59.0921,50.7762],[-59.0959,50.7832],[-59.0937,50.786],[-59.0878,50.7887],[-59.0985,50.7909],[-59.0987,50.7938],[-59.0876,50.8025],[-59.0878,50.8061],[-59.0893,50.8095],[-59.0991,50.8094],[-59.1036,50.8111],[-59.1039,50.8146],[-59.0996,50.812],[-59.0944,50.8139],[-59.0991,50.8137],[-59.1016,50.8172],[-59.1151,50.8176],[-59.1134,50.814],[-59.1137,50.8075],[-59.1091,50.804],[-59.112,50.8102],[-59.1067,50.8087],[-59.1059,50.8023],[-59.1072,50.7975],[-59.1157,50.7885],[-59.1212,50.7874],[-59.1173,50.792],[-59.1226,50.7937],[-59.132,50.7878],[-59.1373,50.7867],[-59.137,50.7833],[-59.1323,50.7835],[-59.1344,50.7804],[-59.1458,50.7778],[-59.1416,50.77],[-59.1441,50.7673],[-59.1497,50.7671],[-59.1721,50.7606],[-59.1808,50.7551],[-59.1915,50.7547],[-59.1965,50.7578],[-59.2022,50.7564],[-59.2074,50.7579],[-59.2124,50.7572],[-59.1979,50.7528],[-59.2029,50.7518],[-59.2083,50.7531],[-59.2104,50.7502],[-59.2032,50.7502],[-59.2072,50.7481],[-59.204,50.7448],[-59.1985,50.7474],[-59.1931,50.7481],[-59.1942,50.7448],[-59.1899,50.748],[-59.1876,50.7413],[-59.1885,50.7384],[-59.1926,50.7355],[-59.1866,50.7355],[-59.1905,50.7324],[-59.1967,50.7308],[-59.1958,50.7338],[-59.2013,50.7336],[-59.2006,50.7274],[-59.2058,50.7272],[-59.2101,50.7239],[-59.2089,50.7312],[-59.2028,50.7372],[-59.203,50.7404],[-59.208,50.7396],[-59.2081,50.7426],[-59.2137,50.739],[-59.2131,50.7353],[-59.2162,50.7323],[-59.2116,50.7296],[-59.2129,50.7244],[-59.2176,50.7267],[-59.2186,50.7304],[-59.2241,50.7288],[-59.2208,50.7319],[-59.2253,50.733],[-59.2235,50.7359],[-59.2245,50.7397],[-59.23,50.7392],[-59.2329,50.7353],[-59.2337,50.7426],[-59.2289,50.7432],[-59.2325,50.7466],[-59.2322,50.7553],[-59.2356,50.7587],[-59.2405,50.7554],[-59.2395,50.7499],[-59.2486,50.7501],[-59.2451,50.7537],[-59.25,50.7557],[-59.2526,50.753],[-59.2579,50.7537],[-59.2625,50.7575],[-59.2651,50.7531],[-59.2643,50.75],[-59.2605,50.7462],[-59.2632,50.7433],[-59.2696,50.7584],[-59.2638,50.7663],[-59.2585,50.7679],[-59.2597,50.7711],[-59.2642,50.7727],[-59.2673,50.7699],[-59.2698,50.7653],[-59.2706,50.7502],[-59.2638,50.7364],[-59.2596,50.7331],[-59.2598,50.7298],[-59.2576,50.7258],[-59.2581,50.7227],[-59.2548,50.7161],[-59.2554,50.7108],[-59.2609,50.7083],[-59.2711,50.7087],[-59.2773,50.7062],[-59.2803,50.7013],[-59.3003,50.6949],[-59.3017,50.6986],[-59.3111,50.6979],[-59.3134,50.7014],[-59.3205,50.7018],[-59.3295,50.6847],[-59.335,50.6829],[-59.3301,50.6808],[-59.3325,50.6711],[-59.3302,50.6678],[-59.3337,50.6651],[-59.3391,50.6635],[-59.3341,50.6639],[-59.3358,50.6599],[-59.3437,50.6542],[-59.3442,50.6521],[-59.3492,50.6516],[-59.3542,50.6537],[-59.3543,50.6506],[-59.3581,50.6544],[-59.3632,50.6568],[-59.368,50.6538],[-59.3737,50.6524],[-59.3816,50.6527],[-59.3951,50.65],[-59.4106,50.6522],[-59.4288,50.6579],[-59.4308,50.655],[-59.4284,50.6515],[-59.4239,50.6482],[-59.4203,50.6416],[-59.4162,50.6384],[-59.4109,50.6309],[-59.4158,50.6282],[-59.4136,50.6247],[-59.4154,50.6215],[-59.4262,50.6241],[-59.4313,50.6238],[-59.4361,50.6112],[-59.4408,50.6123],[-59.4421,50.6158],[-59.4407,50.622],[-59.446,50.624],[-59.461,50.6212],[-59.4626,50.616],[-59.4592,50.6121],[-59.4591,50.608],[-59.4547,50.6055],[-59.4598,50.6046],[-59.4633,50.5964],[-59.4614,50.5927],[-59.4754,50.5772],[-59.4761,50.5742],[-59.4716,50.5728],[-59.4782,50.5641],[-59.4741,50.5597],[-59.4858,50.5523],[-59.4952,50.5518],[-59.498,50.5562],[-59.4991,50.5619],[-59.5028,50.558],[-59.5132,50.5577],[-59.5197,50.5549],[-59.5266,50.5448],[-59.5231,50.5368],[-59.5237,50.5339],[-59.5294,50.5314],[-59.531,50.5286],[-59.5296,50.5254],[-59.525,50.5254],[-59.5293,50.5227],[-59.5329,50.516],[-59.5341,50.5202],[-59.5396,50.5234],[-59.5457,50.5243],[-59.5546,50.5235],[-59.5619,50.5203],[-59.5624,50.5104],[-59.5679,50.5083],[-59.5701,50.5053],[-59.5638,50.5047],[-59.5675,50.5018],[-59.573,50.5001],[-59.5701,50.4968],[-59.571,50.4904],[-59.5762,50.4892],[-59.58,50.4858],[-59.5809,50.4748],[-59.5852,50.4721],[-59.5914,50.4725],[-59.5965,50.4706],[-59.6072,50.4714],[-59.6256,50.4635],[-59.674,50.4587],[-59.6787,50.4602],[-59.6877,50.4498],[-59.7022,50.4544],[-59.7122,50.4514],[-59.7105,50.4483],[-59.7062,50.4466],[-59.7151,50.4438],[-59.7208,50.4476],[-59.7237,50.4513],[-59.7239,50.448],[-59.7281,50.4501],[-59.7336,50.4492],[-59.7375,50.4431],[-59.7329,50.44],[-59.7339,50.4368],[-59.738,50.4334],[-59.7434,50.4317],[-59.7559,50.4307],[-59.7561,50.434],[-59.7666,50.4313],[-59.7693,50.4281],[-59.7753,50.426],[-59.7817,50.4268],[-59.7827,50.4306],[-59.7938,50.4267],[-59.7998,50.4282],[-59.8048,50.4273],[-59.8044,50.4307],[-59.7951,50.4377],[-59.789,50.4398],[-59.7857,50.4478],[-59.785,50.4559],[-59.7954,50.4499],[-59.7909,50.447],[-59.7944,50.444],[-59.7996,50.4422],[-59.7981,50.4389],[-59.8056,50.4327],[-59.8114,50.43],[-59.8156,50.4328],[-59.8191,50.4299],[-59.8199,50.4266],[-59.8232,50.4225],[-59.8222,50.4162],[-59.8232,50.4131],[-59.831,50.4063],[-59.8365,50.4047],[-59.8404,50.4017],[-59.848,50.4],[-59.8507,50.3971],[-59.8694,50.3891],[-59.8742,50.3897],[-59.8645,50.3867],[-59.8543,50.389],[-59.8542,50.3859],[-59.8723,50.3774],[-59.8751,50.3744],[-59.8796,50.3756],[-59.8823,50.3727],[-59.8935,50.3717],[-59.8937,50.3749],[-59.8995,50.3721],[-59.898,50.3689],[-59.8926,50.37],[-59.8901,50.3647],[-59.8842,50.3669],[-59.8797,50.3645],[-59.8811,50.361],[-59.8765,50.3606],[-59.8819,50.3584],[-59.8656,50.3625],[-59.8647,50.3594],[-59.8495,50.3619],[-59.8339,50.3626],[-59.8289,50.3641],[-59.8266,50.3609],[-59.832,50.3563],[-59.8385,50.3553],[-59.8431,50.3564],[-59.8455,50.3534],[-59.8622,50.3505],[-59.877,50.3526],[-59.867,50.3476],[-59.8518,50.3434],[-59.8548,50.3407],[-59.8558,50.3378],[-59.8608,50.3375],[-59.8672,50.334],[-59.8619,50.3326],[-59.8559,50.3331],[-59.8619,50.3306],[-59.8708,50.3247],[-59.8576,50.3298],[-59.8517,50.329],[-59.8568,50.3258],[-59.857,50.3227],[-59.8524,50.3204],[-59.8473,50.3203],[-59.8455,50.3238],[-59.8401,50.3253],[-59.8377,50.3283],[-59.8307,50.3294],[-59.828,50.3353],[-59.8332,50.3358],[-59.8442,50.3308],[-59.8421,50.3337],[-59.8372,50.3369],[-59.8313,50.3388],[-59.8374,50.3408],[-59.8335,50.3435],[-59.8401,50.3458],[-59.8295,50.3486],[-59.8264,50.352],[-59.8213,50.3508],[-59.8266,50.3487],[-59.8163,50.3485],[-59.8109,50.3461],[-59.8129,50.3433],[-59.808,50.3422],[-59.8131,50.3404],[-59.8084,50.3381],[-59.8115,50.3352],[-59.8171,50.3338],[-59.8171,50.326],[-59.8369,50.3151],[-59.8514,50.3143],[-59.8564,50.3123],[-59.8579,50.3071],[-59.8681,50.304],[-59.8745,50.2978],[-59.886,50.2906],[-59.8909,50.2893],[-59.8953,50.2917],[-59.9055,50.2827],[-59.9098,50.2855],[-59.9094,50.2896],[-59.9059,50.293],[-59.9034,50.299],[-59.9,50.3027],[-59.895,50.3057],[-59.8889,50.3058],[-59.885,50.3084],[-59.8752,50.3083],[-59.8749,50.3122],[-59.8697,50.3138],[-59.8698,50.3171],[-59.8731,50.3144],[-59.8863,50.3115],[-59.8908,50.309],[-59.8896,50.3157],[-59.8953,50.316],[-59.9062,50.3123],[-59.9029,50.3088],[-59.8979,50.3072],[-59.9035,50.3009],[-59.9164,50.2911],[-59.9162,50.2878],[-59.9139,50.2845],[-59.9156,50.2809],[-59.9203,50.2845],[-59.9199,50.28],[-59.9217,50.2772],[-59.9265,50.2739],[-59.9309,50.2777],[-59.936,50.2774],[-59.9486,50.2735],[-59.951,50.2707],[-59.9467,50.2691],[-59.9464,50.2586],[-59.9499,50.2558],[-59.9614,50.2598],[-59.9629,50.2629],[-59.9608,50.2657],[-59.9608,50.2687],[-59.9667,50.2663],[-59.9718,50.268],[-59.9679,50.2709],[-59.9688,50.2755],[-59.9748,50.2714],[-59.9763,50.275],[-59.9822,50.2731],[-59.9767,50.2683],[-59.9751,50.265],[-59.9801,50.2637],[-59.9867,50.2639],[-59.9839,50.2607],[-59.9894,50.2579],[-59.9897,50.2549],[-59.9852,50.2532],[-59.9804,50.2496],[-59.9906,50.2474],[-59.9956,50.2501],[-60.0145,50.25],[-60.018,50.2466],[-60.0186,50.2432],[-60.0231,50.2457],[-60.0223,50.2501],[-60.0232,50.2539],[-60.0121,50.2644],[-60.0,50.2733],[-59.9952,50.2789],[-60.0052,50.2836],[-60.0095,50.2803],[-60.0142,50.2804],[-60.0195,50.2783],[-60.0198,50.2748],[-60.01,50.2758],[-60.0165,50.2694],[-60.0147,50.2658],[-60.0287,50.2544],[-60.0338,50.2532],[-60.0356,50.2563],[-60.0403,50.2534],[-60.0372,50.25],[-60.0383,50.2468],[-60.0368,50.2429],[-60.0425,50.2365],[-60.0372,50.2378],[-60.0356,50.2421],[-60.0316,50.2448],[-60.0266,50.2467],[-60.0257,50.2436],[-60.0317,50.2376],[-60.0302,50.2343],[-60.0374,50.233],[-60.039,50.2302],[-60.0354,50.2266],[-60.0387,50.2238],[-60.0431,50.2261],[-60.0433,50.2306],[-60.0483,50.2334],[-60.0566,50.2291],[-60.0666,50.2275],[-60.0648,50.2313],[-60.0584,50.2313],[-60.0531,50.2355],[-60.0551,50.2392],[-60.0501,50.2402],[-60.0448,50.2395],[-60.0422,50.2431],[-60.0573,50.2407],[-60.0555,50.2436],[-60.0584,50.2472],[-60.0684,50.2451],[-60.0732,50.2421],[-60.0784,50.2434],[-60.0839,50.242],[-60.0782,50.2478],[-60.0828,50.2491],[-60.0875,50.2423],[-60.092,50.2426],[-60.0936,50.2362],[-60.0883,50.2358],[-60.0877,50.2322],[-60.0903,50.229],[-60.0857,50.2283],[-60.0899,50.2254],[-60.1022,50.2219],[-60.1057,50.2308],[-60.1053,50.2345],[-60.0975,50.2375],[-60.102,50.2391],[-60.0948,50.2493],[-60.1002,50.2462],[-60.1031,50.2427],[-60.1095,50.2395],[-60.1145,50.2394],[-60.1191,50.2368],[-60.1136,50.2365],[-60.1163,50.2336],[-60.126,50.2287],[-60.116,50.23],[-60.1184,50.2271],[-60.1301,50.2247],[-60.1359,50.2219],[-60.1343,50.2187],[-60.1287,50.22],[-60.1241,50.2227],[-60.1247,50.2158],[-60.1353,50.2118],[-60.1354,50.2088],[-60.1377,50.2058],[-60.1331,50.2057],[-60.1357,50.2026],[-60.1452,50.2024],[-60.1518,50.1963],[-60.1578,50.195],[-60.1654,50.1969],[-60.1648,50.2],[-60.1599,50.2022],[-60.1596,50.2054],[-60.1662,50.2041],[-60.1661,50.2004],[-60.1721,50.2],[-60.1726,50.1966],[-60.1749,50.2001],[-60.1724,50.2035],[-60.1814,50.1983],[-60.1813,50.1947],[-60.1859,50.1973],[-60.183,50.2007],[-60.1717,50.2057],[-60.1694,50.2116],[-60.1672,50.2084],[-60.1619,50.2092],[-60.1518,50.215],[-60.1507,50.2214],[-60.1557,50.2207],[-60.1523,50.2282],[-60.1574,50.2262],[-60.1676,50.2247],[-60.1715,50.2189],[-60.1724,50.2223],[-60.1769,50.2193],[-60.182,50.2183],[-60.1876,50.2122],[-60.1932,50.2112],[-60.1882,50.2204],[-60.1887,50.2241],[-60.1857,50.2275],[-60.181,50.2311],[-60.1714,50.2337],[-60.1547,50.2457],[-60.1494,50.2463],[-60.1521,50.2498],[-60.135,50.2629],[-60.1353,50.2694],[-60.1418,50.2681],[-60.1443,50.2651],[-60.144,50.2621],[-60.1511,50.2526],[-60.1642,50.2457],[-60.1694,50.2477],[-60.171,50.2445],[-60.1755,50.2448],[-60.1768,50.2416],[-60.1813,50.2424],[-60.1791,50.2455],[-60.174,50.2473],[-60.1793,50.2501],[-60.1859,50.247],[-60.1905,50.2501],[-60.1884,50.2558],[-60.1787,50.2615],[-60.1729,50.2682],[-60.1671,50.2709],[-60.1552,50.2798],[-60.1506,50.2798],[-60.1485,50.2827],[-60.1505,50.2859],[-60.1528,50.2829],[-60.1633,50.2782],[-60.1694,50.2759],[-60.1737,50.2787],[-60.1756,50.2757],[-60.191,50.2693],[-60.1914,50.2724],[-60.1795,50.2835],[-60.1849,50.2831],[-60.1964,50.2789],[-60.196,50.2828],[-60.2023,50.2803],[-60.1995,50.2769],[-60.2103,50.2725],[-60.2167,50.2662],[-60.2266,50.25],[-60.2334,50.2442],[-60.2461,50.2275],[-60.2495,50.2247],[-60.2544,50.2251],[-60.2594,50.2222],[-60.2584,50.2252],[-60.2653,50.2196],[-60.2737,50.2224],[-60.2785,50.2222],[-60.2794,50.2258],[-60.2842,50.2226],[-60.2938,50.224],[-60.285,50.2328],[-60.2868,50.236],[-60.2779,50.2418],[-60.2711,50.2437],[-60.2655,50.2499],[-60.2587,50.2533],[-60.2563,50.2561],[-60.2548,50.262],[-60.246,50.2685],[-60.2441,50.2723],[-60.2497,50.27],[-60.2539,50.2643],[-60.2589,50.2625],[-60.2605,50.2591],[-60.2708,50.2591],[-60.2714,50.2558],[-60.267,50.2526],[-60.2781,50.2463],[-60.2825,50.2472],[-60.2777,50.2502],[-60.281,50.2548],[-60.2856,50.2522],[-60.2887,50.2559],[-60.2976,50.256],[-60.2973,50.2531],[-60.3069,50.2435],[-60.3084,50.2374],[-60.3112,50.233],[-60.3119,50.226],[-60.3174,50.2233],[-60.322,50.2234],[-60.3181,50.226],[-60.3181,50.2304],[-60.3198,50.2344],[-60.3182,50.2394],[-60.3218,50.2436],[-60.3246,50.2398],[-60.3267,50.2432],[-60.3284,50.2357],[-60.3308,50.2325],[-60.3309,50.2289],[-60.3423,50.2079],[-60.3443,50.2118],[-60.3382,50.2231],[-60.3361,50.2324],[-60.3477,50.2317],[-60.3499,50.2352],[-60.3554,50.235],[-60.3664,50.2402],[-60.3635,50.2365],[-60.3565,50.2322],[-60.3719,50.2371],[-60.3769,50.2354],[-60.3717,50.2337],[-60.3711,50.2297],[-60.3743,50.2202],[-60.3663,50.2106],[-60.3717,50.2094],[-60.3785,50.2135],[-60.3769,50.2098],[-60.3873,50.2151],[-60.3895,50.2238],[-60.3927,50.2272],[-60.394,50.2242],[-60.3992,50.2259],[-60.4078,50.2315],[-60.4143,50.2384],[-60.4123,50.2416],[-60.4176,50.2449],[-60.4201,50.2452],[-60.4243,50.2421],[-60.4262,50.239],[-60.431,50.2393],[-60.4414,50.228],[-60.4516,50.2291],[-60.4528,50.2327],[-60.452,50.2361],[-60.4506,50.2406],[-60.4468,50.2439],[-60.4472,50.2469],[-60.4583,50.2412],[-60.4627,50.2434],[-60.4631,50.2404],[-60.4659,50.2376],[-60.4706,50.2379],[-60.4752,50.2406],[-60.4781,50.2448],[-60.4777,50.2413],[-60.4906,50.2386],[-60.4953,50.2406],[-60.4991,50.2379],[-60.5062,50.255],[-60.5076,50.2426],[-60.513,50.2365],[-60.5182,50.2366],[-60.5211,50.2335],[-60.5323,50.2346],[-60.5362,50.2379],[-60.5371,50.2418],[-60.5376,50.2381],[-60.5356,50.2347],[-60.5359,50.2318],[-60.543,50.2202],[-60.5466,50.2173],[-60.5419,50.2148],[-60.5446,50.212],[-60.5493,50.2117],[-60.5538,50.2083],[-60.559,50.209],[-60.5599,50.2121],[-60.5647,50.2093],[-60.5752,50.2107],[-60.5698,50.2135],[-60.5927,50.2061],[-60.5877,50.2092],[-60.5938,50.2114],[-60.596,50.2083],[-60.5966,50.2022],[-60.612,50.2016],[-60.6104,50.2077],[-60.6158,50.2086],[-60.6213,50.2069],[-60.6247,50.2107],[-60.6302,50.2104],[-60.6324,50.2138],[-60.6292,50.2198],[-60.6322,50.2263],[-60.6309,50.2292],[-60.632,50.2348],[-60.6361,50.2396],[-60.6429,50.2373],[-60.6439,50.2342],[-60.6419,50.2306],[-60.6454,50.2276],[-60.6463,50.2221],[-60.6445,50.2185],[-60.6565,50.2175],[-60.6739,50.2139],[-60.6725,50.2102],[-60.6791,50.2126],[-60.6815,50.2165],[-60.6858,50.2139],[-60.6907,50.2145],[-60.6927,50.2178],[-60.687,50.2187],[-60.6845,50.2215],[-60.6858,50.2293],[-60.6808,50.2325],[-60.6892,50.2295],[-60.6942,50.2292],[-60.6897,50.2281],[-60.6937,50.2221],[-60.6987,50.2239],[-60.6966,50.2207],[-60.6981,50.2172],[-60.6969,50.2139],[-60.7065,50.2174],[-60.7104,50.2207],[-60.7065,50.2239],[-60.7139,50.2248],[-60.7152,50.2216],[-60.7099,50.2153],[-60.7192,50.2204],[-60.7201,50.224],[-60.7316,50.2169],[-60.7374,50.2158],[-60.7422,50.2173],[-60.74,50.2207],[-60.7292,50.2236],[-60.7299,50.2274],[-60.7278,50.2344],[-60.729,50.2383],[-60.7314,50.2339],[-60.7355,50.2375],[-60.7443,50.232],[-60.7489,50.2344],[-60.7464,50.2374],[-60.7513,50.2381],[-60.7581,50.2352],[-60.7585,50.239],[-60.7601,50.2356],[-60.7666,50.2297],[-60.7736,50.2176],[-60.7736,50.2143],[-60.7763,50.2085],[-60.7809,50.2085],[-60.7863,50.2165],[-60.7871,50.2136],[-60.7919,50.2123],[-60.7953,50.2091],[-60.7906,50.2089],[-60.791,50.2054],[-60.7933,50.2025],[-60.7982,50.205],[-60.7988,50.202],[-60.8032,50.2028],[-60.8047,50.1955],[-60.8097,50.1957],[-60.8075,50.2023],[-60.8102,50.2066],[-60.8118,50.2032],[-60.8123,50.2064],[-60.8161,50.2097],[-60.8191,50.2079],[-60.8228,50.2006],[-60.8279,50.2001],[-60.8241,50.2032],[-60.8235,50.2062],[-60.828,50.2035],[-60.8247,50.2075],[-60.8225,50.2143],[-60.8271,50.2141],[-60.8322,50.2074],[-60.8319,50.218],[-60.8302,50.2216],[-60.8226,50.2276],[-60.7989,50.2421],[-60.7829,50.25],[-60.7902,50.2503],[-60.7985,50.2444],[-60.8031,50.2444],[-60.8093,50.2417],[-60.8129,50.238],[-60.8061,50.241],[-60.8082,50.2382],[-60.8328,50.2222],[-60.8338,50.2108],[-60.8379,50.2071],[-60.8372,50.2138],[-60.8404,50.2181],[-60.8578,50.2085],[-60.8599,50.2047],[-60.8656,50.204],[-60.8588,50.2133],[-60.8538,50.2243],[-60.85,50.2277],[-60.849,50.231],[-60.8439,50.2324],[-60.8319,50.2413],[-60.8259,50.2435],[-60.8352,50.2457],[-60.8434,50.2464],[-60.8546,50.2452],[-60.8416,50.2426],[-60.852,50.239],[-60.8517,50.2358],[-60.8576,50.2332],[-60.8616,50.2368],[-60.8665,50.2307],[-60.8697,50.2233],[-60.8748,50.2216],[-60.8795,50.2153],[-60.8897,50.2061],[-60.8912,50.2095],[-60.8885,50.2126],[-60.8906,50.2157],[-60.8952,50.2186],[-60.8995,50.2204],[-60.9011,50.2159],[-60.906,50.2147],[-60.9056,50.2182],[-60.9101,50.2147],[-60.9093,50.2111],[-60.9149,50.2094],[-60.9196,50.2123],[-60.9244,50.2203],[-60.9261,50.2175],[-60.9237,50.2135],[-60.9281,50.2067],[-60.9259,50.2034],[-60.9285,50.1999],[-60.9302,50.2032],[-60.9303,50.2],[-60.9336,50.1968],[-60.9325,50.1938],[-60.9337,50.1908],[-60.9453,50.1849],[-60.9434,50.1965],[-60.947,50.1937],[-60.9452,50.1966],[-60.9488,50.1939],[-60.9535,50.1936],[-60.9529,50.1972],[-60.9494,50.2002],[-60.9498,50.2033],[-60.952,50.2066],[-60.9521,50.2101],[-60.9575,50.207],[-60.9586,50.2123],[-60.9528,50.2185],[-60.9454,50.2212],[-60.9402,50.2213],[-60.9355,50.2242],[-60.9407,50.2266],[-60.9401,50.2295],[-60.9455,50.2306],[-60.9477,50.238],[-60.943,50.2376],[-60.9274,50.2403],[-60.9293,50.2372],[-60.9235,50.2395],[-60.9188,50.2391],[-60.9072,50.2416],[-60.9245,50.2434],[-60.9295,50.242],[-60.934,50.2448],[-60.9399,50.2451],[-60.9469,50.2475],[-60.9519,50.2459],[-60.9551,50.2387],[-60.9714,50.2366],[-60.9756,50.2385],[-60.9804,50.2379],[-60.985,50.2411],[-60.9853,50.2379],[-60.9886,50.2348],[-60.9944,50.2323],[-60.9998,50.2318],[-61.0038,50.2358],[-61.0029,50.2392],[-61.0074,50.2415],[-61.0066,50.2449],[-61.0131,50.2435],[-61.0154,50.247],[-61.0183,50.257],[-61.0287,50.2572],[-61.0305,50.2534],[-61.0341,50.2502],[-61.0235,50.2467],[-61.0201,50.2428],[-61.013,50.2417],[-61.0115,50.2381],[-60.9993,50.2287],[-60.9896,50.2263],[-60.9595,50.2359],[-60.96,50.2328],[-60.9544,50.2332],[-60.953,50.2296],[-60.9537,50.226],[-60.9551,50.223],[-60.9589,50.2199],[-60.9646,50.2197],[-60.9649,50.2168],[-60.9631,50.2124],[-60.9685,50.2096],[-60.9711,50.2021],[-60.9762,50.2009],[-60.973,50.2075],[-60.9747,50.2125],[-60.9908,50.205],[-60.9884,50.21],[-60.9937,50.2091],[-60.9991,50.2046],[-61.0013,50.2113],[-61.0094,50.2159],[-61.0136,50.2129],[-61.0147,50.2172],[-61.0177,50.2134],[-61.0275,50.2211],[-61.0415,50.2268],[-61.0492,50.2248],[-61.0531,50.2217],[-61.0582,50.2156],[-61.0557,50.2119],[-61.0613,50.2132],[-61.0699,50.2226],[-61.0703,50.2305],[-61.0799,50.2335],[-61.0848,50.2432],[-61.0943,50.2406],[-61.0988,50.2371],[-61.0994,50.2332],[-61.0948,50.2285],[-61.0892,50.2269],[-61.079,50.2288],[-61.0783,50.2217],[-61.076,50.2182],[-61.0656,50.2121],[-61.0769,50.2107],[-61.0704,50.2071],[-61.065,50.2086],[-61.0596,50.1987],[-61.0705,50.1994],[-61.0684,50.1958],[-61.0631,50.1967],[-61.0587,50.1941],[-61.0617,50.1909],[-61.0666,50.1912],[-61.0662,50.1879],[-61.0677,50.1848],[-61.063,50.181],[-61.0626,50.1775],[-61.0785,50.1897],[-61.0873,50.1939],[-61.0927,50.1935],[-61.0899,50.1963],[-61.0944,50.1998],[-61.0945,50.2036],[-61.1,50.2076],[-61.0979,50.2044],[-61.1086,50.2061],[-61.1088,50.2028],[-61.1108,50.1998],[-61.1157,50.2005],[-61.1226,50.1989],[-61.1204,50.1953],[-61.1207,50.1918],[-61.1187,50.1878],[-61.1093,50.1891],[-61.1044,50.1857],[-61.1087,50.1883],[-61.1155,50.1852],[-61.1108,50.1822],[-61.1192,50.1811],[-61.1282,50.1828],[-61.1382,50.188],[-61.1433,50.1887],[-61.1481,50.1919],[-61.1544,50.1859],[-61.1567,50.1915],[-61.1603,50.195],[-61.1647,50.1963],[-61.1598,50.2001],[-61.1705,50.1989],[-61.178,50.201],[-61.1741,50.2037],[-61.1842,50.2014],[-61.183,50.1979],[-61.1751,50.1959],[-61.1701,50.1885],[-61.1703,50.1856],[-61.1739,50.1826],[-61.175,50.1797],[-61.1698,50.1814],[-61.18,50.1748],[-61.1855,50.1747],[-61.1906,50.1774],[-61.1912,50.1813],[-61.1895,50.187],[-61.1936,50.1896],[-61.198,50.1867],[-61.2083,50.1884],[-61.2248,50.1883],[-61.2228,50.1912],[-61.2082,50.1952],[-61.2109,50.1987],[-61.2158,50.1992],[-61.2205,50.1962],[-61.2409,50.1936],[-61.2458,50.1935],[-61.2509,50.1958],[-61.2578,50.1967],[-61.2633,50.1951],[-61.2712,50.19],[-61.2718,50.1868],[-61.269,50.1833],[-61.2744,50.1842],[-61.2768,50.1877],[-61.2876,50.1885],[-61.2923,50.1922],[-61.2969,50.1933],[-61.3075,50.1897],[-61.3122,50.1901],[-61.3164,50.187],[-61.3212,50.1892],[-61.3276,50.1888],[-61.3317,50.1859],[-61.3422,50.183],[-61.3476,50.1827],[-61.3527,50.18],[-61.3672,50.1812],[-61.3605,50.1783],[-61.3546,50.1786],[-61.35,50.1773],[-61.3554,50.1759],[-61.3663,50.1768],[-61.3721,50.1751],[-61.3775,50.1759],[-61.3987,50.1716],[-61.4133,50.1737],[-61.452,50.1651],[-61.5288,50.1425],[-61.582,50.1242],[-61.6748,50.0959],[-61.7346,50.0849],[-61.7463,50.0863],[-61.7715,50.0927],[-61.8006,50.1022],[-61.8151,50.1133],[-61.8186,50.1221],[-61.8113,50.1269],[-61.8058,50.1368],[-61.8039,50.1429],[-61.8045,50.1595],[-61.8076,50.1678],[-61.8124,50.1755],[-61.8242,50.1874],[-61.8183,50.1893],[-61.8163,50.1922],[-61.81,50.1911],[-61.8048,50.1925],[-61.803,50.1963],[-61.7973,50.1967],[-61.8049,50.1965],[-61.8061,50.1934],[-61.8159,50.1947],[-61.8191,50.1919],[-61.8246,50.1921],[-61.8253,50.1886],[-61.8306,50.1899],[-61.8318,50.1931],[-61.8372,50.1923],[-61.8407,50.1893],[-61.8423,50.1957],[-61.823,50.2029],[-61.8284,50.2026],[-61.8491,50.1964],[-61.8658,50.199],[-61.8662,50.2055],[-61.8594,50.2072],[-61.856,50.21],[-61.8416,50.2096],[-61.8415,50.2127],[-61.8518,50.2131],[-61.8577,50.2169],[-61.8627,50.2153],[-61.8676,50.216],[-61.8682,50.2193],[-61.8712,50.2224],[-61.8763,50.223],[-61.8803,50.2201],[-61.8858,50.2185],[-61.8969,50.2251],[-61.8973,50.227],[-61.9044,50.2304],[-61.9085,50.2274],[-61.9182,50.2279],[-61.9213,50.2249],[-61.9206,50.2214],[-61.9266,50.2151],[-61.9244,50.2205],[-61.9289,50.2215],[-61.9278,50.2247],[-61.9229,50.228],[-61.9224,50.2315],[-61.9197,50.2353],[-61.9241,50.2371],[-61.9239,50.2335],[-61.9274,50.2302],[-61.9327,50.2287],[-61.9336,50.2215],[-61.939,50.2222],[-61.9399,50.2253],[-61.9436,50.2224],[-61.9491,50.2205],[-61.9457,50.2253],[-61.9462,50.2287],[-61.951,50.2272],[-61.9531,50.2309],[-61.9626,50.2306],[-61.9697,50.2286],[-61.977,50.2245],[-61.9838,50.2172],[-61.9857,50.2204],[-61.9969,50.218],[-61.9941,50.2144],[-62.0,50.2084],[-62.0012,50.2144],[-62.0101,50.2194],[-62.0153,50.2169],[-62.0135,50.2137],[-62.0217,50.2181],[-62.0165,50.2191],[-62.0256,50.2237],[-62.031,50.2239],[-62.0355,50.2207],[-62.0357,50.2238],[-62.0401,50.2252],[-62.0439,50.2222],[-62.0391,50.2201],[-62.0396,50.2171],[-62.0446,50.2201],[-62.0496,50.2209],[-62.0528,50.2173],[-62.053,50.2203],[-62.0596,50.2218],[-62.0691,50.221],[-62.0827,50.2171],[-62.0854,50.221],[-62.0896,50.2235],[-62.0893,50.2265],[-62.0942,50.2284],[-62.1089,50.2291],[-62.1104,50.2264],[-62.0985,50.2214],[-62.1082,50.2222],[-62.1163,50.2232],[-62.1214,50.2264],[-62.1314,50.2299],[-62.1566,50.2355],[-62.1923,50.2343],[-62.199,50.2319],[-62.2153,50.2297],[-62.219,50.2331],[-62.2312,50.2372],[-62.2334,50.2404],[-62.2431,50.2442],[-62.2438,50.2472],[-62.2548,50.2518],[-62.2604,50.2556],[-62.2906,50.2602],[-62.302,50.2549],[-62.3069,50.2538],[-62.3075,50.257],[-62.3121,50.2565],[-62.3129,50.26],[-62.3259,50.2684],[-62.3207,50.2689],[-62.3402,50.2765],[-62.3432,50.2797],[-62.3446,50.2731],[-62.3495,50.2767],[-62.351,50.2735],[-62.3529,50.2748],[-62.3535,50.268],[-62.3579,50.2697],[-62.3615,50.2653],[-62.3672,50.2642],[-62.3708,50.2675],[-62.3733,50.2748],[-62.3767,50.27],[-62.3817,50.267],[-62.384,50.2701],[-62.3863,50.2666],[-62.3856,50.2759],[-62.3877,50.2755],[-62.3924,50.2692],[-62.393,50.2716],[-62.3945,50.2653],[-62.3979,50.2625],[-62.3998,50.2585],[-62.4008,50.2647],[-62.404,50.2689],[-62.3992,50.2873],[-62.4032,50.2842],[-62.414,50.2806],[-62.4106,50.2874],[-62.4122,50.2906],[-62.4181,50.2874],[-62.42,50.2805],[-62.4232,50.2773],[-62.4256,50.2815],[-62.4309,50.2722],[-62.4309,50.2683],[-62.4354,50.2699],[-62.4353,50.2666],[-62.4408,50.2637],[-62.44,50.2603],[-62.4432,50.257],[-62.4616,50.2533],[-62.4652,50.2568],[-62.4664,50.2603],[-62.4705,50.2575],[-62.475,50.2637],[-62.4764,50.2604],[-62.4856,50.2684],[-62.4873,50.265],[-62.488,50.269],[-62.4896,50.2693],[-62.4906,50.2658],[-62.4991,50.271],[-62.502,50.2638],[-62.507,50.2612],[-62.506,50.2643],[-62.509,50.2687],[-62.5103,50.265],[-62.5153,50.265],[-62.5214,50.2586],[-62.5235,50.2624],[-62.5285,50.264],[-62.5315,50.2713],[-62.5305,50.2751],[-62.5317,50.2784],[-62.5357,50.2754],[-62.5434,50.2796],[-62.548,50.28],[-62.5579,50.2799],[-62.5643,50.2742],[-62.5631,50.2706],[-62.5673,50.2674],[-62.5685,50.2644],[-62.5779,50.2687],[-62.5893,50.2671],[-62.5919,50.2708],[-62.5952,50.2676],[-62.6003,50.2672],[-62.6027,50.2644],[-62.6077,50.2625],[-62.6127,50.2661],[-62.6228,50.2681],[-62.6211,50.2709],[-62.6261,50.2696],[-62.6314,50.2716],[-62.6361,50.2718],[-62.6467,50.2705],[-62.652,50.2686],[-62.6573,50.2702],[-62.6533,50.2742],[-62.6606,50.2729],[-62.6652,50.2743],[-62.6675,50.2711],[-62.6754,50.2655],[-62.6862,50.2641],[-62.672,50.2733],[-62.6769,50.2711],[-62.6823,50.2717],[-62.6899,50.2659],[-62.688,50.269],[-62.6924,50.2707],[-62.6948,50.2678],[-62.6994,50.2696],[-62.6936,50.2721],[-62.7044,50.2738],[-62.7037,50.2769],[-62.7151,50.2722],[-62.7208,50.2722],[-62.7161,50.2754],[-62.7261,50.2741],[-62.7226,50.2773],[-62.7293,50.2755],[-62.7303,50.2725],[-62.7353,50.2727],[-62.7316,50.2783],[-62.7372,50.2766],[-62.7403,50.2735],[-62.7449,50.2754],[-62.7396,50.2785],[-62.7404,50.2816],[-62.7347,50.2835],[-62.7389,50.2865],[-62.7458,50.2799],[-62.7565,50.2791],[-62.767,50.275],[-62.7639,50.2782],[-62.7589,50.2799],[-62.7476,50.287],[-62.7301,50.2923],[-62.7307,50.2952],[-62.7133,50.3034],[-62.7185,50.3028],[-62.704,50.3112],[-62.7154,50.3079],[-62.7204,50.3049],[-62.7257,50.3073],[-62.7233,50.3108],[-62.729,50.3068],[-62.7304,50.3038],[-62.7397,50.3013],[-62.742,50.2984],[-62.7473,50.2978],[-62.746,50.302],[-62.7502,50.299],[-62.7627,50.2948],[-62.7649,50.2919],[-62.7704,50.2885],[-62.7746,50.2951],[-62.7693,50.3011],[-62.7689,50.304],[-62.7634,50.3091],[-62.7685,50.3083],[-62.7682,50.3119],[-62.7736,50.3069],[-62.7734,50.3038],[-62.7766,50.3006],[-62.7772,50.3037],[-62.7801,50.2976],[-62.7903,50.2845],[-62.7886,50.2874],[-62.7889,50.2906],[-62.7903,50.2908],[-62.7985,50.2811],[-62.7979,50.2852],[-62.8068,50.289],[-62.8136,50.2793],[-62.8178,50.2822],[-62.8217,50.2793],[-62.8249,50.2789],[-62.8282,50.2748],[-62.8334,50.2733],[-62.838,50.2742],[-62.8386,50.2777],[-62.8428,50.2745],[-62.8542,50.2754],[-62.8484,50.2813],[-62.8641,50.2786],[-62.8652,50.2757],[-62.8711,50.2738],[-62.8763,50.2744],[-62.8685,50.2796],[-62.8781,50.2798],[-62.8775,50.2832],[-62.8727,50.283],[-62.878,50.2853],[-62.8713,50.288],[-62.8824,50.2889],[-62.8928,50.283],[-62.9029,50.2847],[-62.9071,50.2818],[-62.9167,50.2812],[-62.922,50.2789],[-62.9265,50.2801],[-62.9259,50.2831],[-62.931,50.2807],[-62.9369,50.281],[-62.9355,50.2778],[-62.9392,50.275],[-62.9468,50.2746],[-62.9513,50.2768],[-62.9523,50.2799],[-62.9664,50.2857],[-62.9712,50.2825],[-62.9764,50.2813],[-62.9838,50.284],[-62.9893,50.2833],[-62.9856,50.2863],[-62.9859,50.2894],[-62.9963,50.2928],[-62.9864,50.2953],[-62.9924,50.2959],[-62.9873,50.2966],[-62.9834,50.2994],[-62.9904,50.3036],[-62.9892,50.3065],[-63.0095,50.3105],[-63.0225,50.3089],[-63.0171,50.3079],[-63.0271,50.3042],[-63.0265,50.3012],[-63.0488,50.3006],[-63.0538,50.2986],[-63.0583,50.2989],[-63.0558,50.2954],[-63.0421,50.2941],[-63.0373,50.2922],[-63.0405,50.289],[-63.0354,50.2889],[-63.0395,50.286],[-63.0429,50.2897],[-63.0439,50.2868],[-63.0534,50.2886],[-63.0535,50.2855],[-63.0559,50.2826],[-63.0581,50.2765],[-63.0635,50.2771],[-63.0688,50.2756],[-63.0727,50.2792],[-63.074,50.2762],[-63.0831,50.28],[-63.0939,50.2795],[-63.1041,50.2753],[-63.1108,50.274],[-63.1107,50.279],[-63.1125,50.2823],[-63.127,50.2851],[-63.132,50.2849],[-63.1367,50.2869],[-63.1462,50.2848],[-63.1511,50.2876],[-63.1563,50.2869],[-63.158,50.2907],[-63.1609,50.2876],[-63.1724,50.2842],[-63.185,50.2766],[-63.1903,50.2769],[-63.1872,50.2704],[-63.1777,50.2654],[-63.164,50.2527],[-63.1532,50.2502],[-63.158,50.2454],[-63.1628,50.2466],[-63.1727,50.2411],[-63.1877,50.2405],[-63.2001,50.2368],[-63.2061,50.2363],[-63.2161,50.2408],[-63.2146,50.2367],[-63.2245,50.2356],[-63.2292,50.2323],[-63.2297,50.2286],[-63.2272,50.2252],[-63.2221,50.2234],[-63.2212,50.2201],[-63.2314,50.2241],[-63.2408,50.2256],[-63.2455,50.2297],[-63.2509,50.2295],[-63.2559,50.2308],[-63.261,50.2286],[-63.2691,50.2302],[-63.2702,50.227],[-63.2755,50.2253],[-63.2978,50.2239],[-63.3123,50.2286],[-63.3148,50.2318],[-63.3248,50.2319],[-63.3302,50.2308],[-63.3343,50.2281],[-63.339,50.2282],[-63.3443,50.2292],[-63.3468,50.2335],[-63.357,50.2349],[-63.3647,50.2338],[-63.3816,50.2283],[-63.387,50.2248],[-63.3926,50.2194],[-63.3982,50.2024],[-63.4034,50.2017],[-63.4243,50.2058],[-63.4244,50.2091],[-63.4297,50.2107],[-63.4357,50.2105],[-63.4437,50.2037],[-63.4485,50.205],[-63.4537,50.2084],[-63.4583,50.215],[-63.4593,50.2204],[-63.4555,50.2282],[-63.4558,50.2317],[-63.4665,50.2393],[-63.4652,50.2427],[-63.4813,50.2498],[-63.5222,50.2567],[-63.5477,50.2567],[-63.5585,50.2552],[-63.5745,50.2501],[-63.5868,50.2428],[-63.607,50.2364],[-63.6122,50.2377],[-63.6104,50.241],[-63.6151,50.2501],[-63.634,50.2575],[-63.6432,50.2622],[-63.6453,50.2656],[-63.6505,50.2641],[-63.6589,50.2539],[-63.6744,50.2512],[-63.689,50.2521],[-63.6881,50.2554],[-63.6915,50.2622],[-63.6893,50.2686],[-63.6946,50.2694],[-63.6919,50.2728],[-63.6921,50.2763],[-63.6974,50.2777],[-63.7035,50.2838],[-63.7253,50.2907],[-63.7457,50.2939],[-63.7629,50.2939],[-63.773,50.2916],[-63.7888,50.284],[-63.7916,50.2872],[-63.7964,50.2865],[-63.8009,50.2877],[-63.7967,50.2904],[-63.7953,50.294],[-63.7915,50.2972],[-63.8066,50.2953],[-63.8027,50.2983],[-63.802,50.3031],[-63.8149,50.302],[-63.8193,50.3033],[-63.8387,50.3026],[-63.845,50.2967],[-63.8452,50.2933],[-63.8505,50.2913],[-63.8566,50.2918],[-63.8723,50.2999],[-63.877,50.2997],[-63.88,50.2967],[-63.8907,50.298],[-63.8968,50.2964],[-63.906,50.2964],[-63.9216,50.3007],[-63.9348,50.3027],[-63.9577,50.3015],[-63.9806,50.296],[-63.9856,50.2968],[-63.9805,50.2991],[-63.9798,50.3055],[-63.9918,50.3047],[-63.995,50.303],[-63.9952,50.2969],[-64.0,50.2931],[-64.0102,50.2908],[-64.0241,50.2897],[-64.0286,50.2868],[-64.0523,50.2883],[-64.074,50.2918],[-64.0933,50.2895],[-64.1337,50.27],[-64.1556,50.2572],[-64.1618,50.255],[-64.199,50.2643],[-64.2351,50.2663],[-64.2686,50.2703],[-64.3221,50.2815],[-64.3374,50.2824],[-64.3459,50.285],[-64.3776,50.3],[-64.4159,50.3155],[-64.423,50.3176],[-64.4508,50.318],[-64.4553,50.3193],[-64.4601,50.3192],[-64.4618,50.3158],[-64.4853,50.3156],[-64.4991,50.3074],[-64.5001,50.3031],[-64.505,50.2994],[-64.5149,50.2951],[-64.5254,50.2929],[-64.5426,50.2847],[-64.5526,50.2848],[-64.5644,50.2831],[-64.5739,50.2866],[-64.5794,50.2854],[-64.5843,50.2872],[-64.5927,50.2851],[-64.5988,50.2863],[-64.6098,50.2856],[-64.6206,50.2818],[-64.6236,50.2786],[-64.6341,50.2755],[-64.6486,50.2762],[-64.6593,50.2739],[-64.6694,50.2742],[-64.6797,50.2749],[-64.69,50.2781],[-64.6991,50.2779],[-64.7189,50.2733],[-64.7237,50.2739],[-64.7362,50.2693],[-64.7466,50.2675],[-64.7527,50.2718],[-64.7574,50.273],[-64.779,50.2724],[-64.7804,50.2754],[-64.7811,50.2724],[-64.7866,50.274],[-64.802,50.2701],[-64.8122,50.2707],[-64.818,50.269],[-64.8232,50.2698],[-64.83,50.2676],[-64.833,50.2645],[-64.8375,50.2663],[-64.8598,50.2624],[-64.8712,50.2626],[-64.8764,50.2598],[-64.8886,50.2642],[-64.8938,50.2628],[-64.9046,50.2647],[-64.9094,50.2639],[-64.9128,50.2673],[-64.9218,50.2707],[-64.9297,50.2717],[-64.9479,50.269],[-64.96,50.2634],[-64.9639,50.2666],[-64.9695,50.2655],[-64.9859,50.2684],[-64.9905,50.2677],[-65.0053,50.2753],[-65.0207,50.2763],[-65.0286,50.2822],[-65.0347,50.2793],[-65.0533,50.2774],[-65.0638,50.2799],[-65.0695,50.2794],[-65.0736,50.2828],[-65.0784,50.2827],[-65.0835,50.2846],[-65.0944,50.282],[-65.099,50.2848],[-65.1042,50.2832],[-65.12,50.2847],[-65.122,50.2912],[-65.1299,50.2863],[-65.1347,50.2859],[-65.1519,50.2889],[-65.1625,50.2877],[-65.1671,50.2893],[-65.1724,50.2875],[-65.177,50.2877],[-65.1851,50.2849],[-65.198,50.2845],[-65.21,50.2887],[-65.2202,50.2884],[-65.2371,50.2912],[-65.2406,50.2975],[-65.2395,50.305],[-65.2434,50.3021],[-65.2527,50.2984],[-65.2725,50.3028],[-65.278,50.3005],[-65.284,50.301],[-65.2893,50.2996],[-65.2914,50.2967],[-65.2964,50.2982],[-65.318,50.2939],[-65.3226,50.2971],[-65.3273,50.2969],[-65.3325,50.2993],[-65.3505,50.3032],[-65.3658,50.3012],[-65.3703,50.3025],[-65.3802,50.2994],[-65.3908,50.3007],[-65.4356,50.2924],[-65.45,50.2925],[-65.4671,50.289],[-65.4767,50.2905],[-65.4818,50.29],[-65.4992,50.2854],[-65.5085,50.2848],[-65.5446,50.2717],[-65.5503,50.2742],[-65.5559,50.2725],[-65.5606,50.2738],[-65.5706,50.2719],[-65.5805,50.272],[-65.5855,50.274],[-65.5932,50.2747],[-65.604,50.2732],[-65.6045,50.2703],[-65.6089,50.2715],[-65.6131,50.2686],[-65.6184,50.2689],[-65.6154,50.2727],[-65.6212,50.2704],[-65.6259,50.2704],[-65.621,50.2681],[-65.6265,50.2661],[-65.636,50.2676],[-65.6412,50.2669],[-65.646,50.2644],[-65.655,50.2669],[-65.6602,50.2649],[-65.6643,50.2615],[-65.6795,50.2602],[-65.6834,50.2573],[-65.686,50.2574],[-65.6891,50.2539],[-65.6937,50.2548],[-65.6981,50.2575],[-65.703,50.2556],[-65.7116,50.2609],[-65.7212,50.2598],[-65.7267,50.2609],[-65.7415,50.2569],[-65.7473,50.2616],[-65.7469,50.2587],[-65.7514,50.2591],[-65.7501,50.256],[-65.7568,50.2554],[-65.7641,50.2569],[-65.7672,50.26],[-65.7773,50.2568],[-65.782,50.26],[-65.8065,50.2621],[-65.8055,50.2659],[-65.8114,50.2624],[-65.8164,50.2653],[-65.8211,50.2663],[-65.8138,50.2604],[-65.8144,50.2575],[-65.8106,50.2537],[-65.8173,50.2545],[-65.8171,50.2514],[-65.8221,50.2505],[-65.8328,50.2541],[-65.838,50.2519],[-65.8471,50.2552],[-65.8473,50.2585],[-65.8506,50.2585],[-65.8569,50.2617],[-65.8615,50.2623],[-65.8631,50.2658],[-65.8735,50.2687],[-65.8704,50.2719],[-65.874,50.2719],[-65.8773,50.2688],[-65.8987,50.2779],[-65.9087,50.2791],[-65.9172,50.2847],[-65.9231,50.2853],[-65.926,50.2824],[-65.9309,50.2854],[-65.9359,50.2834],[-65.9457,50.282],[-65.9514,50.2896],[-65.9543,50.2866],[-65.9552,50.283],[-65.9669,50.2837],[-65.9795,50.2798],[-66.0,50.268],[-66.015,50.2543],[-66.0498,50.2117],[-66.0757,50.193],[-66.0902,50.1883],[-66.1035,50.1857],[-66.1282,50.1861],[-66.1534,50.1898],[-66.2164,50.2112],[-66.2274,50.213],[-66.2579,50.2128],[-66.2864,50.2057],[-66.3185,50.2036],[-66.3618,50.1861],[-66.3667,50.1876],[-66.3717,50.191],[-66.3917,50.2061],[-66.3934,50.2094],[-66.4056,50.2154],[-66.4099,50.2201],[-66.4119,50.2236],[-66.3938,50.2291],[-66.3978,50.2353],[-66.4004,50.2458],[-66.4089,50.2567],[-66.4084,50.2632],[-66.4239,50.2654],[-66.4301,50.2651],[-66.4355,50.2633],[-66.4576,50.2684],[-66.4627,50.2646],[-66.4668,50.2586],[-66.4721,50.2553],[-66.4942,50.2488],[-66.5276,50.2308],[-66.5305,50.2276],[-66.535,50.2157],[-66.5411,50.2105],[-66.5386,50.2088],[-66.5364,50.2021],[-66.5325,50.1837],[-66.5245,50.1702],[-66.5166,50.1616],[-66.5065,50.1596],[-66.4899,50.1624],[-66.485,50.1653],[-66.4756,50.1642],[-66.4701,50.165],[-66.4763,50.1629],[-66.4773,50.1597],[-66.466,50.1586],[-66.4492,50.1604],[-66.4443,50.1628],[-66.4345,50.165],[-66.4297,50.1652],[-66.4252,50.163],[-66.4301,50.1595],[-66.4245,50.153],[-66.4251,50.1499],[-66.4379,50.1524],[-66.4476,50.1473],[-66.454,50.141],[-66.4539,50.138],[-66.4571,50.1341],[-66.4517,50.1277],[-66.4565,50.1258],[-66.4715,50.1275],[-66.4737,50.1309],[-66.4847,50.1348],[-66.4887,50.1381],[-66.4993,50.141],[-66.5049,50.1466],[-66.5216,50.1423],[-66.5231,50.1493],[-66.5373,50.1514],[-66.5565,50.1507],[-66.5751,50.1479],[-66.6111,50.138],[-66.6141,50.1347],[-66.6203,50.132],[-66.6651,50.124],[-66.6811,50.1179],[-66.697,50.1085],[-66.7045,50.1092],[-66.7,50.106],[-66.7097,50.0957],[-66.7221,50.0792],[-66.7243,50.0724],[-66.7247,50.0652],[-66.7274,50.0623],[-66.7273,50.0587],[-66.7254,50.0557],[-66.7263,50.0526],[-66.7319,50.043],[-66.7366,50.0427],[-66.7379,50.0395],[-66.7472,50.0434],[-66.7502,50.0399],[-66.7568,50.0362],[-66.7624,50.037],[-66.7676,50.0355],[-66.7701,50.0326],[-66.7753,50.0302],[-66.7781,50.034],[-66.7863,50.0292],[-66.7971,50.0258],[-66.8069,50.0302],[-66.8118,50.0283],[-66.8116,50.0254],[-66.8164,50.0188],[-66.823,50.022],[-66.828,50.0202],[-66.8288,50.0255],[-66.8272,50.0286],[-66.8321,50.0259],[-66.8375,50.0248],[-66.8392,50.0278],[-66.8446,50.0282],[-66.8425,50.0253],[-66.8558,50.0217],[-66.8644,50.0232],[-66.8689,50.0264],[-66.8712,50.026],[-66.8745,50.0197],[-66.8752,50.0156],[-66.891,50.0204],[-66.8939,50.0201],[-66.8933,50.0141],[-66.8904,50.011],[-66.9003,50.0081],[-66.9041,50.012],[-66.9096,50.0053],[-66.9146,50.0043],[-66.9193,50.0063],[-66.9204,50.0034],[-66.9331,49.9986],[-66.9351,49.9924],[-66.9401,49.9911],[-66.9446,49.9878],[-66.9433,49.9849],[-66.9538,49.9838],[-66.958,49.9809],[-66.9629,49.9715],[-66.9598,49.9632],[-66.9692,49.9607],[-66.9726,49.9522],[-66.9704,49.949],[-66.9703,49.9454],[-66.9671,49.9421],[-66.967,49.9389],[-66.965,49.9354],[-66.9702,49.9353],[-66.9743,49.9271],[-66.9798,49.9276],[-66.9811,49.9239],[-66.9765,49.9229],[-66.9778,49.9197],[-66.9663,49.9198],[-66.9668,49.9162],[-66.9692,49.9132],[-66.9738,49.9115],[-66.9767,49.9084],[-66.9782,49.9032],[-66.9833,49.9028],[-66.9905,49.9],[-66.995,49.896],[-66.9952,49.8895],[-66.9924,49.8864],[-66.9973,49.8828],[-67.0017,49.8747],[-67.0016,49.8711],[-67.0043,49.8678],[-67.0039,49.8646],[-67.0054,49.8613],[-67.0126,49.8603],[-67.0088,49.8571],[-67.0122,49.8542],[-67.0137,49.8506],[-67.0191,49.8484],[-67.0222,49.8407],[-67.0313,49.8326],[-67.0367,49.8315],[-67.0432,49.8226],[-67.0457,49.8256],[-67.0481,49.8218],[-67.0579,49.8173],[-67.0568,49.8241],[-67.0613,49.8245],[-67.0628,49.8285],[-67.0612,49.8408],[-67.0658,49.8443],[-67.072,49.8467],[-67.0905,49.8472],[-67.1072,49.8409],[-67.1116,49.8363],[-67.1076,49.8329],[-67.1061,49.8299],[-67.1334,49.8147],[-67.1355,49.8116],[-67.1353,49.8082],[-67.14,49.806],[-67.1446,49.8057],[-67.145,49.8017],[-67.1498,49.8033],[-67.1483,49.8],[-67.1513,49.797],[-67.1486,49.794],[-67.1513,49.7905],[-67.156,49.7878],[-67.1543,49.7845],[-67.1543,49.7813],[-67.1572,49.7782],[-67.1634,49.7802],[-67.1674,49.7732],[-67.1716,49.7472],[-67.1724,49.7183],[-67.1687,49.6886],[-67.1671,49.6835],[-67.1666,49.6693],[-67.169,49.6658],[-67.174,49.666],[-67.1795,49.6637],[-67.1893,49.6547],[-67.1947,49.6438],[-67.2026,49.638],[-67.2047,49.6343],[-67.2037,49.6298],[-67.2053,49.626],[-67.2149,49.6165],[-67.2237,49.6054],[-67.2247,49.6022],[-67.2336,49.5951],[-67.2345,49.5921],[-67.2339,49.5866],[-67.4993,49.5873],[-67.5861,49.5862],[-67.5866,49.5899],[-67.5903,49.5927],[-67.5922,49.5998],[-67.589,49.6072],[-67.5858,49.6087],[-67.5829,49.6186],[-67.5839,49.6204],[-67.5874,49.6213],[-67.5908,49.6262],[-67.5881,49.6354],[-67.5892,49.6445],[-67.5919,49.646],[-67.5926,49.6732],[-67.5984,49.6714],[-67.599,49.6734],[-67.6036,49.6774],[-67.6045,49.685],[-67.603,49.6896],[-67.6035,49.6948],[-67.6065,49.6977],[-67.6029,49.701],[-67.6018,49.7086],[-67.5811,49.7139],[-67.5781,49.7213],[-67.5827,49.726],[-67.5752,49.7356],[-67.5757,49.7368],[-67.5679,49.7357],[-67.5646,49.7399],[-67.5643,49.7457],[-67.5663,49.7474],[-67.558,49.7621],[-67.5504,49.7642],[-67.5469,49.7749],[-67.5493,49.7779],[-67.5518,49.7891],[-67.5508,49.7906],[-67.5417,49.7951],[-67.5329,49.7918],[-67.5211,49.7938],[-67.5126,49.8006],[-67.5086,49.8072],[-67.5188,49.8334],[-67.5308,49.8415],[-67.5292,49.85],[-67.549,49.8543],[-67.5555,49.8506],[-67.5596,49.8544],[-67.5687,49.8555],[-67.5871,49.8725],[-67.5879,49.882],[-67.5932,49.8839],[-67.6249,49.8876],[-67.6243,49.8912],[-67.6464,49.8938],[-67.6497,49.8965],[-67.6656,49.8984],[-67.7346,49.8777],[-67.7161,49.941],[-67.7161,49.9754],[-67.6037,50.0412],[-67.6486,50.1681],[-67.7063,50.3232],[-67.8665,50.3233],[-67.8656,50.3262],[-67.8675,50.3268],[-67.8669,50.3287],[-67.8703,50.3321],[-67.8652,50.334],[-67.8639,50.338],[-67.8654,50.3428],[-67.8675,50.3429],[-67.8679,50.3414],[-67.8651,50.3394],[-67.8674,50.3368],[-67.8708,50.3431],[-67.8707,50.3582],[-67.873,50.3609],[-67.8745,50.3603],[-67.8738,50.3588],[-67.8758,50.3595],[-67.8758,50.3618],[-67.878,50.3642],[-67.8776,50.3656],[-67.8788,50.3633],[-67.8799,50.3644],[-67.8827,50.3644],[-67.8875,50.3696],[-67.8837,50.3706],[-67.8887,50.3713],[-67.8928,50.3771],[-67.889,50.3877],[-67.8844,50.3908],[-67.8847,50.3937],[-67.8818,50.3927],[-67.8777,50.3942],[-67.8749,50.3977],[-67.8818,50.3951],[-67.8801,50.3995],[-67.8694,50.4102],[-67.8641,50.4103],[-67.8688,50.411],[-67.8685,50.4126],[-67.8642,50.417],[-67.8603,50.4174],[-67.8629,50.4178],[-67.8611,50.4213],[-67.8595,50.4213],[-67.8561,50.4229],[-67.8603,50.4221],[-67.8578,50.4273],[-67.8544,50.428],[-67.8563,50.4285],[-67.8561,50.4304],[-67.8494,50.4402],[-67.8457,50.4428],[-67.8432,50.44],[-67.8429,50.4442],[-67.8414,50.4409],[-67.8389,50.4417],[-67.8358,50.4387],[-67.8341,50.4388],[-67.8344,50.4423],[-67.8397,50.445],[-67.8361,50.4445],[-67.8416,50.4459],[-67.8374,50.4494],[-67.8385,50.4503],[-67.8364,50.4506],[-67.8343,50.4491],[-67.8361,50.4507],[-67.8382,50.4514],[-67.8367,50.4517],[-67.8355,50.4535],[-67.8386,50.4516],[-67.8376,50.4507],[-67.84,50.4509],[-67.8389,50.4494],[-67.8408,50.4491],[-67.8406,50.4511],[-67.8432,50.4558],[-67.8422,50.4615],[-67.8387,50.464],[-67.839,50.4682],[-67.8376,50.4705],[-67.8362,50.4693],[-67.8252,50.4795],[-67.818,50.4803],[-67.8143,50.4814],[-67.8143,50.4829],[-67.8134,50.4824],[-67.8154,50.4858],[-67.8146,50.4868],[-67.8158,50.4858],[-67.8151,50.4843],[-67.8177,50.4844],[-67.8197,50.4823],[-67.831,50.4773],[-67.8327,50.4778],[-67.8322,50.476],[-67.8342,50.4749],[-67.8347,50.4729],[-67.8394,50.4719],[-67.8369,50.4744],[-67.8352,50.4743],[-67.8354,50.4769],[-67.8341,50.478],[-67.8349,50.4789],[-67.8337,50.4796],[-67.8346,50.4809],[-67.832,50.4834],[-67.8325,50.4857],[-67.8348,50.4865],[-67.836,50.4835],[-67.8359,50.485],[-67.8377,50.4863],[-67.8372,50.4873],[-67.8355,50.4867],[-67.8354,50.4881],[-67.8374,50.4879],[-67.8378,50.489],[-67.8343,50.4913],[-67.8326,50.4985],[-67.8307,50.5003],[-67.8308,50.5019],[-67.8323,50.5022],[-67.83,50.5103],[-67.8269,50.5117],[-67.8248,50.5158],[-67.8247,50.519],[-67.819,50.527],[-67.8175,50.5319],[-67.8143,50.5319],[-67.8122,50.5305],[-67.812,50.5278],[-67.8104,50.5261],[-67.8099,50.5274],[-67.8115,50.5281],[-67.8111,50.5312],[-67.8153,50.5336],[-67.8175,50.5332],[-67.8178,50.5363],[-67.8211,50.5378],[-67.82,50.5386],[-67.8203,50.5412],[-67.8146,50.5414],[-67.8098,50.5423],[-67.8206,50.5421],[-67.8211,50.5463],[-67.8268,50.5508],[-67.8271,50.5545],[-67.8233,50.5592],[-67.8189,50.5568],[-67.8128,50.5575],[-67.8121,50.5621],[-67.8066,50.5666],[-67.8068,50.5693],[-67.7846,50.5793],[-67.7769,50.5859],[-67.7685,50.5901],[-67.7684,50.5922],[-67.7704,50.5929],[-67.7696,50.5937],[-67.7653,50.5944],[-67.76,50.5974],[-67.7595,50.5943],[-67.7568,50.5929],[-67.7593,50.5915],[-67.7583,50.5905],[-67.7588,50.5917],[-67.7558,50.5925],[-67.7577,50.5937],[-67.7581,50.5962],[-67.756,50.5976],[-67.7566,50.5984],[-67.749,50.601],[-67.7446,50.5986],[-67.7416,50.5928],[-67.7402,50.5927],[-67.7405,50.5946],[-67.7418,50.5939],[-67.7442,50.5987],[-67.748,50.6017],[-67.755,50.6009],[-67.7509,50.6064],[-67.7412,50.6067],[-67.7448,50.6079],[-67.7503,50.6076],[-67.7433,50.6096],[-67.7425,50.611],[-67.746,50.6125],[-67.7426,50.6155],[-67.7409,50.6142],[-67.7392,50.6142],[-67.7381,50.6147],[-67.7393,50.6144],[-67.739,50.6168],[-67.7413,50.6179],[-67.7404,50.6152],[-67.7427,50.6164],[-67.7454,50.6158],[-67.7481,50.6129],[-67.7478,50.6106],[-67.7539,50.6084],[-67.7518,50.6122],[-67.7523,50.6141],[-67.7497,50.6169],[-67.7511,50.6173],[-67.7501,50.6178],[-67.7513,50.6188],[-67.747,50.6222],[-67.7482,50.6235],[-67.7485,50.6276],[-67.7467,50.6291],[-67.7488,50.6293],[-67.7484,50.6301],[-67.7497,50.6302],[-67.7493,50.6311],[-67.7537,50.6349],[-67.754,50.634],[-67.7569,50.6351],[-67.7573,50.6393],[-67.7527,50.6397],[-67.7545,50.6408],[-67.7527,50.6446],[-67.7543,50.6501],[-67.7534,50.654],[-67.7568,50.6591],[-67.758,50.6656],[-67.7611,50.6693],[-67.7595,50.6699],[-67.7678,50.6735],[-67.7687,50.6764],[-67.7674,50.6872],[-67.7656,50.6921],[-67.7629,50.6948],[-67.7646,50.6982],[-67.7592,50.6984],[-67.7563,50.7005],[-67.7559,50.7021],[-67.7535,50.7019],[-67.7523,50.7035],[-67.7576,50.7039],[-67.7588,50.6992],[-67.7606,50.701],[-67.7639,50.7004],[-67.761,50.7033],[-67.7621,50.7065],[-67.7601,50.7078],[-67.7615,50.7083],[-67.7624,50.7107],[-67.7653,50.7068],[-67.7687,50.7076],[-67.7737,50.7066],[-67.7693,50.7097],[-67.7698,50.7115],[-67.7684,50.7139],[-67.7642,50.7164],[-67.764,50.7192],[-67.7616,50.7203],[-67.7609,50.7223],[-67.7512,50.7267],[-67.7465,50.7323],[-67.7354,50.7334],[-67.7339,50.7358],[-67.7306,50.7356],[-67.7263,50.7385],[-67.7246,50.7382],[-67.7255,50.7389],[-67.7222,50.7423],[-67.7206,50.7419],[-67.7213,50.7431],[-67.7227,50.7426],[-67.7226,50.7447],[-67.7214,50.7448],[-67.7226,50.7454],[-67.7228,50.7498],[-67.7214,50.7507],[-67.7234,50.7499],[-67.7236,50.7519],[-67.7203,50.7589],[-67.7209,50.7624],[-67.7191,50.7624],[-67.7253,50.763],[-67.7242,50.7664],[-67.7273,50.7636],[-67.7294,50.765],[-67.7296,50.7727],[-67.7333,50.7767],[-67.7359,50.7821],[-67.7336,50.7841],[-67.7378,50.7852],[-67.7395,50.7886],[-67.7389,50.7968],[-67.7454,50.801],[-67.7442,50.8093],[-67.7467,50.8136],[-67.7466,50.8302],[-67.7449,50.8382],[-67.7412,50.8431],[-67.7344,50.848],[-67.7338,50.8512],[-67.7309,50.8543],[-67.7311,50.859],[-67.7269,50.8738],[-67.7182,50.8848],[-67.712,50.8883],[-67.7064,50.894],[-67.7062,50.8966],[-67.7091,50.8996],[-67.7124,50.9009],[-67.7229,50.9013],[-67.7276,50.9032],[-67.732,50.9075],[-67.7318,50.911],[-67.733,50.9119],[-67.7333,50.9149],[-67.7384,50.9188],[-67.737,50.9229],[-67.7356,50.9225],[-67.7357,50.9243],[-67.7335,50.9238],[-67.7344,50.9251],[-67.7329,50.9262],[-67.7274,50.9282],[-67.722,50.9285],[-67.7218,50.9214],[-67.7169,50.9217],[-67.7131,50.9167],[-67.7066,50.9144],[-67.7117,50.9098],[-67.7074,50.9052],[-67.7033,50.9044],[-67.7001,50.906],[-67.7025,50.9072],[-67.7013,50.9108],[-67.7006,50.9085],[-67.6971,50.9073],[-67.6953,50.9097],[-67.6932,50.9096],[-67.6972,50.9114],[-67.6939,50.9139],[-67.6953,50.9177],[-67.693,50.9208],[-67.6947,50.9242],[-67.6934,50.932],[-67.6943,50.9331],[-67.6934,50.9332],[-67.6972,50.9353],[-67.693,50.9435],[-67.6937,50.9502],[-67.6917,50.9505],[-67.6912,50.9521],[-67.6933,50.96],[-67.6927,50.9669],[-67.685,50.969],[-67.6846,50.9708],[-67.6734,50.9811],[-67.6683,50.9836],[-67.6668,50.9863],[-67.6655,50.9859],[-67.6665,50.9892],[-67.6615,50.9889],[-67.6554,50.9927],[-67.6535,50.995],[-67.6541,50.9966],[-67.653,50.9985],[-67.6465,51.004],[-67.6447,51.0084],[-67.6461,51.0111],[-67.6498,51.0102],[-67.6524,51.014],[-67.6512,51.0157],[-67.6527,51.0152],[-67.6623,51.0207],[-67.6607,51.0235],[-67.6637,51.0252],[-67.6665,51.0245],[-67.6663,51.03],[-67.6679,51.0308],[-67.6715,51.0297],[-67.6708,51.0332],[-67.6769,51.0366],[-67.6764,51.039],[-67.6794,51.0396],[-67.6795,51.0421],[-67.6939,51.0481],[-67.6963,51.057],[-67.6991,51.0607],[-67.6984,51.0627],[-67.7013,51.0659],[-67.7025,51.0731],[-67.7066,51.0766],[-67.7061,51.0787],[-67.7091,51.0822],[-67.7097,51.0872],[-67.7128,51.0899],[-67.7128,51.0952],[-67.7157,51.096],[-67.7196,51.1001],[-67.7233,51.0981],[-67.7224,51.0957],[-67.7345,51.0967],[-67.739,51.0999],[-67.7417,51.1051],[-67.7456,51.108],[-67.7573,51.1122],[-67.7566,51.1148],[-67.7603,51.1184],[-67.7657,51.1193],[-67.7739,51.124],[-67.787,51.1246],[-67.7879,51.1286],[-67.7931,51.1303],[-67.8003,51.1355],[-67.8093,51.1438],[-67.816,51.1476],[-67.8248,51.155],[-67.8351,51.1707],[-67.8432,51.1807],[-67.8475,51.1901],[-67.8466,51.1925],[-67.8498,51.194],[-67.8539,51.1937],[-67.8565,51.1928],[-67.8565,51.1913],[-67.8579,51.1929],[-67.8571,51.1955],[-67.8529,51.1956],[-67.8516,51.1995],[-67.8496,51.2003],[-67.8523,51.2027],[-67.8529,51.2016],[-67.8551,51.2018],[-67.8543,51.2032],[-67.8465,51.2075],[-67.8367,51.2101],[-67.8337,51.2138],[-67.8316,51.2184],[-67.8324,51.2227],[-67.8302,51.2247],[-67.8321,51.231],[-67.8305,51.2331],[-67.8329,51.235],[-67.8318,51.2351],[-67.8328,51.2363],[-67.8319,51.2389],[-67.8368,51.2453],[-67.841,51.2482],[-67.8403,51.2506],[-67.8436,51.2514],[-67.8422,51.2534],[-67.846,51.2549],[-67.8483,51.2576],[-67.8482,51.2605],[-67.8529,51.2649],[-67.8528,51.2684],[-67.8651,51.2773],[-67.8692,51.2869],[-67.8717,51.2886],[-67.8739,51.2884],[-67.8781,51.2858],[-67.8807,51.2858],[-67.8823,51.284],[-67.8806,51.2838],[-67.8814,51.2822],[-67.884,51.2819],[-67.8868,51.2839],[-67.8925,51.2853],[-67.8924,51.2865],[-67.889,51.2878],[-67.8909,51.2892],[-67.8913,51.2912],[-67.9045,51.2949],[-67.9064,51.2966],[-67.9161,51.2975],[-67.9193,51.2999],[-67.9177,51.3043],[-67.911,51.3101],[-67.9142,51.3175],[-67.9139,51.3197],[-67.9025,51.3223],[-67.901,51.3251],[-67.8964,51.3274],[-67.8943,51.331],[-67.8854,51.3342],[-67.8916,51.3398],[-67.8915,51.3419],[-67.8878,51.3446],[-67.8792,51.3471],[-67.8738,51.3505],[-67.8711,51.3592],[-67.8744,51.3665],[-67.8741,51.3705],[-67.8669,51.3801],[-67.8525,51.3897],[-67.8554,51.3972],[-67.8541,51.4036],[-67.8639,51.414],[-67.8717,51.4173],[-67.8735,51.4199],[-67.8759,51.4298],[-67.8756,51.4341],[-67.8714,51.4417],[-67.8598,51.4465],[-67.8596,51.4503],[-67.9169,51.4502],[-67.9169,51.564],[-67.9482,51.5643],[-67.9993,51.5625],[-68.2573,51.5625],[-68.85,51.5639],[-70.0263,51.564],[-70.0249,51.7308],[-70.0245,52.5001],[-70.0257,52.7501],[-70.0299,52.8326],[-70.0299,55.0001],[-67.4172,55.0001],[-67.4142,54.9941],[-67.3961,54.99],[-67.3995,54.9857],[-67.402,54.9849],[-67.4025,54.9813],[-67.4073,54.9793]]],[[[-57.1336,51.3781],[-57.1387,51.3779],[-57.1427,51.3811],[-57.1469,51.3857],[-57.1507,51.3936],[-57.155,51.3971],[-57.1566,51.401],[-57.146,51.3986],[-57.1364,51.3942],[-57.1264,51.3925],[-57.122,51.3889],[-57.1216,51.3858],[-57.1336,51.3781]]],[[[-57.1848,51.3758],[-57.1883,51.3731],[-57.1927,51.3742],[-57.1921,51.3776],[-57.1984,51.3791],[-57.1972,51.382],[-57.1878,51.3856],[-57.189,51.3827],[-57.1845,51.3794],[-57.1848,51.3758]]],[[[-57.263,51.4641],[-57.2626,51.4586],[-57.2647,51.4546],[-57.2747,51.4542],[-57.2843,51.4574],[-57.2893,51.4546],[-57.2828,51.4612],[-57.2819,51.4641],[-57.2767,51.4676],[-57.2748,51.4644],[-57.2652,51.4719],[-57.2653,51.4687],[-57.268,51.4651],[-57.263,51.4641]]],[[[-57.6347,51.4231],[-57.6335,51.4198],[-57.625,51.4208],[-57.6128,51.4094],[-57.6142,51.4062],[-57.6181,51.4035],[-57.6232,51.4038],[-57.6405,51.4088],[-57.642,51.4124],[-57.6395,51.4157],[-57.6445,51.4156],[-57.643,51.4195],[-57.6466,51.4231],[-57.6427,51.4248],[-57.6347,51.4231]]],[[[-57.6611,51.393],[-57.6658,51.3903],[-57.6713,51.3944],[-57.6678,51.4023],[-57.6633,51.4008],[-57.6603,51.3967],[-57.6611,51.393]]],[[[-57.6738,51.397],[-57.6816,51.3894],[-57.6804,51.3974],[-57.687,51.3974],[-57.6898,51.4016],[-57.6864,51.4085],[-57.6806,51.4094],[-57.6777,51.4056],[-57.6821,51.4031],[-57.6781,51.3987],[-57.6738,51.397]]],[[[-57.7035,51.4361],[-57.7021,51.4254],[-57.7029,51.4187],[-57.7123,51.4124],[-57.7137,51.4084],[-57.7199,51.4072],[-57.7249,51.4042],[-57.7281,51.4078],[-57.7336,51.4076],[-57.7376,51.4146],[-57.7418,51.4179],[-57.7478,51.4164],[-57.7522,51.4184],[-57.7538,51.4218],[-57.7525,51.4246],[-57.7533,51.4277],[-57.7477,51.4301],[-57.7495,51.4346],[-57.7455,51.4377],[-57.7402,51.4391],[-57.7386,51.4419],[-57.7262,51.445],[-57.7273,51.4397],[-57.7189,51.433],[-57.7129,51.4326],[-57.7066,51.4448],[-57.7035,51.4361]]],[[[-57.7379,51.4687],[-57.7351,51.4654],[-57.7206,51.4665],[-57.7158,51.4642],[-57.7135,51.4608],[-57.7154,51.458],[-57.7211,51.4557],[-57.7337,51.4571],[-57.7374,51.4607],[-57.7412,51.4578],[-57.7473,51.4578],[-57.7457,51.4606],[-57.746,51.464],[-57.7439,51.4668],[-57.7379,51.4687]]],[[[-57.7615,51.3824],[-57.7719,51.3827],[-57.7767,51.3841],[-57.7707,51.3852],[-57.7689,51.388],[-57.7756,51.3903],[-57.7647,51.3906],[-57.7616,51.3866],[-57.7615,51.3824]]],[[[-57.779,51.3607],[-57.7782,51.3576],[-57.7726,51.3589],[-57.7763,51.3559],[-57.7753,51.3518],[-57.786,51.3506],[-57.7903,51.347],[-57.7957,51.348],[-57.8009,51.3545],[-57.8002,51.3613],[-57.7924,51.3666],[-57.7944,51.3707],[-57.7892,51.3722],[-57.7754,51.3665],[-57.7744,51.3633],[-57.779,51.3607]]],[[[-57.8402,51.371],[-57.8423,51.3678],[-57.8568,51.37],[-57.8581,51.367],[-57.8574,51.3632],[-57.8621,51.3643],[-57.8651,51.3676],[-57.8669,51.3642],[-57.8741,51.3692],[-57.8673,51.3742],[-57.8648,51.3775],[-57.8538,51.3778],[-57.8443,51.3746],[-57.8402,51.371]]],[[[-57.8835,51.3736],[-57.8879,51.3693],[-57.888,51.374],[-57.8838,51.3766],[-57.8845,51.3803],[-57.8784,51.3819],[-57.8757,51.3774],[-57.8771,51.3745],[-57.8835,51.3736]]],[[[-57.9144,51.3196],[-57.9211,51.3173],[-57.9202,51.3203],[-57.9221,51.325],[-57.9189,51.3284],[-57.9136,51.3294],[-57.9144,51.326],[-57.9132,51.3229],[-57.9144,51.3196]]],[[[-57.9272,51.3313],[-57.9326,51.3318],[-57.9375,51.3344],[-57.9406,51.3379],[-57.9368,51.3408],[-57.9316,51.3409],[-57.9277,51.3378],[-57.9263,51.3347],[-57.9272,51.3313]]],[[[-58.2035,51.2604],[-58.203,51.257],[-58.2083,51.2585],[-58.208,51.2555],[-58.213,51.2529],[-58.2135,51.2561],[-58.2171,51.253],[-58.2217,51.2599],[-58.2174,51.2644],[-58.2063,51.2659],[-58.2014,51.2634],[-58.2035,51.2604]]],[[[-58.2395,51.2668],[-58.2392,51.2634],[-58.2443,51.2645],[-58.2492,51.2668],[-58.2505,51.2702],[-58.2474,51.2733],[-58.2395,51.2668]]],[[[-58.2533,51.2757],[-58.2566,51.2726],[-58.2611,51.2748],[-58.2601,51.2789],[-58.2622,51.2831],[-58.2594,51.2858],[-58.2551,51.2823],[-58.2534,51.2791],[-58.2533,51.2757]]],[[[-58.3334,51.2666],[-58.3271,51.264],[-58.3292,51.2671],[-58.3244,51.2666],[-58.3126,51.2621],[-58.3096,51.2586],[-58.3208,51.2563],[-58.3155,51.2552],[-58.3072,51.256],[-58.3028,51.2548],[-58.2982,51.25],[-58.2991,51.2465],[-58.3046,51.2432],[-58.2992,51.2444],[-58.2943,51.2472],[-58.2928,51.2441],[-58.2981,51.2383],[-58.2994,51.2352],[-58.2948,51.234],[-58.29,51.2346],[-58.2874,51.2381],[-58.2818,51.2396],[-58.2815,51.2326],[-58.2875,51.2304],[-58.2923,51.2309],[-58.2992,51.2253],[-58.2936,51.226],[-58.2938,51.2229],[-58.2963,51.2199],[-58.3013,51.2195],[-58.3051,51.2229],[-58.3006,51.2224],[-58.3028,51.2263],[-58.3076,51.2289],[-58.3024,51.2332],[-58.3059,51.2366],[-58.3108,51.2385],[-58.3163,51.237],[-58.3176,51.2339],[-58.3223,51.2362],[-58.3235,51.233],[-58.3284,51.2349],[-58.3357,51.2444],[-58.3397,51.2478],[-58.3449,51.2498],[-58.339,51.2515],[-58.3288,51.2498],[-58.334,51.2565],[-58.3395,51.2537],[-58.3437,51.2578],[-58.346,51.2649],[-58.3405,51.2616],[-58.3439,51.2688],[-58.3434,51.2725],[-58.3384,51.2708],[-58.3334,51.2666]]],[[[-58.3154,51.219],[-58.3105,51.2178],[-58.3158,51.2173],[-58.3201,51.2194],[-58.318,51.2156],[-58.3208,51.2126],[-58.3269,51.2102],[-58.3256,51.2069],[-58.3349,51.2107],[-58.3317,51.2068],[-58.3311,51.2038],[-58.3382,51.1997],[-58.3438,51.1981],[-58.3466,51.195],[-58.3553,51.1968],[-58.3572,51.2003],[-58.3495,51.2124],[-58.3412,51.2141],[-58.3225,51.2243],[-58.3158,51.2224],[-58.3154,51.219]]],[[[-58.3309,51.2228],[-58.3423,51.2199],[-58.3465,51.2238],[-58.3406,51.232],[-58.3356,51.2305],[-58.3313,51.2267],[-58.3309,51.2228]]],[[[-58.3494,51.2651],[-58.3437,51.2541],[-58.3506,51.2556],[-58.3518,51.2523],[-58.3577,51.2536],[-58.3607,51.2569],[-58.3614,51.2605],[-58.3522,51.2686],[-58.3494,51.2651]]],[[[-58.3652,51.2448],[-58.36,51.2427],[-58.3629,51.2461],[-58.3524,51.2447],[-58.3526,51.248],[-58.3466,51.2495],[-58.3452,51.246],[-58.3463,51.2431],[-58.3455,51.2393],[-58.3538,51.2373],[-58.3487,51.2347],[-58.3516,51.2315],[-58.3469,51.23],[-58.3522,51.2271],[-58.3505,51.2218],[-58.3517,51.2188],[-58.347,51.2187],[-58.3462,51.215],[-58.3521,51.214],[-58.3554,51.2111],[-58.361,51.2104],[-58.3622,51.2137],[-58.3608,51.2196],[-58.3658,51.2128],[-58.3711,51.2125],[-58.376,51.214],[-58.3827,51.2127],[-58.3758,51.2052],[-58.3778,51.201],[-58.3828,51.2013],[-58.384,51.198],[-58.3898,51.1974],[-58.3951,51.1994],[-58.406,51.1951],[-58.4096,51.2014],[-58.4152,51.203],[-58.4091,51.2048],[-58.414,51.2067],[-58.4162,51.2103],[-58.4219,51.2074],[-58.4207,51.2106],[-58.4146,51.2111],[-58.4158,51.2125],[-58.4296,51.2102],[-58.4349,51.2115],[-58.4347,51.217],[-58.4249,51.222],[-58.4072,51.2282],[-58.3896,51.2422],[-58.3834,51.2446],[-58.3775,51.2501],[-58.372,51.2512],[-58.3715,51.2546],[-58.3658,51.257],[-58.365,51.254],[-58.3604,51.25],[-58.3659,51.2484],[-58.3652,51.2448]]],[[[-58.3794,51.2748],[-58.3758,51.2676],[-58.3775,51.2647],[-58.382,51.2664],[-58.3861,51.2704],[-58.3858,51.2643],[-58.3911,51.2628],[-58.3962,51.2642],[-58.3961,51.2679],[-58.4009,51.2696],[-58.4045,51.2764],[-58.4092,51.2787],[-58.405,51.2817],[-58.3947,51.2812],[-58.3794,51.2748]]],[[[-58.414,51.2616],[-58.4173,51.2589],[-58.4164,51.2554],[-58.4091,51.2592],[-58.4035,51.2598],[-58.4004,51.2628],[-58.395,51.2609],[-58.391,51.2566],[-58.3904,51.2535],[-58.3918,51.2504],[-58.3968,51.2514],[-58.3965,51.2546],[-58.4006,51.258],[-58.402,51.2548],[-58.4009,51.2501],[-58.3967,51.2466],[-58.3978,51.2436],[-58.4032,51.241],[-58.4008,51.2377],[-58.4023,51.2348],[-58.4105,51.2305],[-58.416,51.2294],[-58.4205,51.2302],[-58.4319,51.2265],[-58.4237,51.2361],[-58.417,51.2389],[-58.4262,51.2449],[-58.432,51.2431],[-58.4313,51.237],[-58.4349,51.2334],[-58.4382,51.2368],[-58.4386,51.2338],[-58.4362,51.2304],[-58.4417,51.2284],[-58.4467,51.2292],[-58.4457,51.2262],[-58.4415,51.2226],[-58.453,51.22],[-58.4488,51.226],[-58.4558,51.2253],[-58.4558,51.224],[-58.4666,51.226],[-58.4644,51.2226],[-58.4833,51.2143],[-58.4884,51.2174],[-58.4876,51.2206],[-58.4928,51.2204],[-58.4883,51.2231],[-58.4989,51.2238],[-58.4995,51.2211],[-58.5225,51.227],[-58.5289,51.2244],[-58.5337,51.2249],[-58.5349,51.2281],[-58.54,51.2277],[-58.5465,51.2348],[-58.5439,51.238],[-58.5487,51.2399],[-58.548,51.2361],[-58.5516,51.2329],[-58.5561,51.2348],[-58.5546,51.2314],[-58.559,51.2288],[-58.5569,51.2239],[-58.5606,51.2199],[-58.5547,51.2189],[-58.562,51.2176],[-58.5667,51.2185],[-58.5712,51.222],[-58.5759,51.2235],[-58.5746,51.2266],[-58.5777,51.2334],[-58.5665,51.2403],[-58.5613,51.2373],[-58.5632,51.241],[-58.5613,51.2438],[-58.5573,51.2467],[-58.5522,51.248],[-58.5473,51.2465],[-58.5427,51.2563],[-58.5298,51.2641],[-58.5276,51.2598],[-58.5284,51.2565],[-58.5342,51.2565],[-58.5374,51.2537],[-58.5381,51.2502],[-58.5338,51.2472],[-58.5314,51.25],[-58.5256,51.2512],[-58.524,51.2578],[-58.5273,51.265],[-58.525,51.2678],[-58.4996,51.2719],[-58.4954,51.269],[-58.4744,51.2738],[-58.4379,51.2754],[-58.421,51.2779],[-58.417,51.2749],[-58.4175,51.2652],[-58.414,51.2616]]],[[[-58.4222,51.1615],[-58.4232,51.1565],[-58.4269,51.1599],[-58.4282,51.1665],[-58.4216,51.1689],[-58.4198,51.1652],[-58.4222,51.1615]]],[[[-58.4321,51.2975],[-58.4265,51.2947],[-58.4223,51.2904],[-58.4212,51.2865],[-58.4216,51.283],[-58.4268,51.2846],[-58.4309,51.2778],[-58.4454,51.2769],[-58.456,51.2796],[-58.4623,51.2771],[-58.4746,51.275],[-58.4894,51.2766],[-58.4947,51.2754],[-58.5036,51.2799],[-58.4725,51.2972],[-58.4668,51.2977],[-58.4655,51.3006],[-58.4582,51.3034],[-58.4468,51.3049],[-58.4438,51.2982],[-58.4411,51.3044],[-58.4365,51.302],[-58.4398,51.2987],[-58.4321,51.2975]]],[[[-58.4311,51.1689],[-58.4484,51.1634],[-58.453,51.1647],[-58.4543,51.1618],[-58.4605,51.1596],[-58.4586,51.1559],[-58.4749,51.1502],[-58.477,51.1472],[-58.4778,51.1422],[-58.4829,51.1404],[-58.4876,51.1348],[-58.4913,51.1391],[-58.4916,51.1356],[-58.488,51.1251],[-58.4991,51.1329],[-58.4989,51.1268],[-58.5045,51.1275],[-58.5043,51.1338],[-58.5095,51.1331],[-58.5096,51.1292],[-58.5121,51.1269],[-58.5206,51.1306],[-58.5189,51.1275],[-58.5245,51.1278],[-58.5294,51.131],[-58.535,51.1295],[-58.5342,51.123],[-58.531,51.1196],[-58.5319,51.1165],[-58.5373,51.1158],[-58.5484,51.1214],[-58.5512,51.1247],[-58.5564,51.1251],[-58.5637,51.1233],[-58.5758,51.1288],[-58.563,51.134],[-58.5579,51.1326],[-58.5582,51.1359],[-58.5469,51.1447],[-58.5213,51.1517],[-58.5151,51.1519],[-58.4999,51.1595],[-58.4991,51.1624],[-58.4804,51.1658],[-58.4651,51.167],[-58.4629,51.1699],[-58.4484,51.1686],[-58.4311,51.1689]]],[[[-58.4584,51.1941],[-58.4533,51.1926],[-58.4476,51.1938],[-58.4442,51.19],[-58.451,51.1889],[-58.4486,51.185],[-58.4593,51.1803],[-58.4811,51.1843],[-58.4758,51.1875],[-58.4695,51.1871],[-58.4641,51.189],[-58.4588,51.1874],[-58.463,51.1948],[-58.4593,51.1974],[-58.4584,51.1941]]],[[[-58.4607,51.2082],[-58.4667,51.2073],[-58.475,51.214],[-58.4649,51.2188],[-58.4553,51.2185],[-58.4578,51.2143],[-58.4579,51.2109],[-58.4607,51.2082]]],[[[-58.4627,51.1507],[-58.4623,51.1467],[-58.4651,51.1405],[-58.4649,51.1374],[-58.4678,51.1359],[-58.4729,51.1372],[-58.4757,51.1442],[-58.4705,51.148],[-58.4689,51.1478],[-58.4676,51.151],[-58.4627,51.1507]]],[[[-58.4738,51.1735],[-58.4789,51.1679],[-58.4843,51.1665],[-58.482,51.1694],[-58.4887,51.1688],[-58.4897,51.1658],[-58.4929,51.1691],[-58.4919,51.1733],[-58.4871,51.1764],[-58.4822,51.1771],[-58.477,51.1775],[-58.4738,51.1735]]],[[[-58.4924,51.2156],[-58.4935,51.2127],[-58.5054,51.2134],[-58.5026,51.2162],[-58.5142,51.212],[-58.5203,51.2139],[-58.5287,51.2128],[-58.549,51.2131],[-58.5542,51.216],[-58.5474,51.2145],[-58.5426,51.2151],[-58.5368,51.2164],[-58.5411,51.219],[-58.5329,51.22],[-58.5276,51.2199],[-58.5272,51.2168],[-58.5215,51.2174],[-58.5096,51.2213],[-58.4991,51.2194],[-58.4924,51.2156]]],[[[-58.499,51.1981],[-58.508,51.1944],[-58.5132,51.1949],[-58.5103,51.1988],[-58.4985,51.203],[-58.499,51.1981]]],[[[-58.5385,51.2],[-58.5411,51.1967],[-58.5463,51.1981],[-58.5462,51.194],[-58.5413,51.1918],[-58.5426,51.1888],[-58.5374,51.1872],[-58.5321,51.1894],[-58.5162,51.1875],[-58.5191,51.1846],[-58.5142,51.1825],[-58.5134,51.1791],[-58.5199,51.1758],[-58.537,51.1793],[-58.5415,51.1814],[-58.5414,51.1844],[-58.5464,51.1815],[-58.5572,51.1825],[-58.5681,51.1868],[-58.5732,51.1876],[-58.5614,51.2],[-58.5601,51.2032],[-58.5504,51.2069],[-58.5451,51.2047],[-58.5385,51.2]]],[[[-58.5326,51.1705],[-58.5309,51.1672],[-58.5257,51.168],[-58.5284,51.1646],[-58.5394,51.1614],[-58.5445,51.1641],[-58.5511,51.1644],[-58.5514,51.168],[-58.5568,51.1679],[-58.5611,51.1709],[-58.5527,51.1766],[-58.5436,51.1783],[-58.5289,51.1754],[-58.5267,51.1722],[-58.5326,51.1705]]],[[[-58.5633,51.1589],[-58.557,51.1523],[-58.56,51.1462],[-58.5645,51.1531],[-58.5684,51.1503],[-58.5695,51.1474],[-58.5678,51.1441],[-58.5722,51.1415],[-58.5731,51.1378],[-58.5836,51.13],[-58.594,51.1248],[-58.5986,51.1251],[-58.603,51.1294],[-58.6039,51.1335],[-58.6026,51.139],[-58.5917,51.1378],[-58.6017,51.1417],[-58.6052,51.139],[-58.6054,51.1355],[-58.6107,51.1292],[-58.6114,51.1233],[-58.6162,51.1233],[-58.6129,51.1183],[-58.6154,51.1155],[-58.6211,51.1126],[-58.6303,51.1171],[-58.632,51.1135],[-58.6365,51.1149],[-58.6354,51.1117],[-58.6461,51.116],[-58.6404,51.1169],[-58.6447,51.1193],[-58.6435,51.1234],[-58.6401,51.1267],[-58.6412,51.1276],[-58.6489,51.1208],[-58.6581,51.1158],[-58.6588,51.1193],[-58.6616,51.1229],[-58.6384,51.1351],[-58.6308,51.1368],[-58.6279,51.1403],[-58.6227,51.1432],[-58.6155,51.1449],[-58.615,51.1481],[-58.6091,51.153],[-58.6037,51.1524],[-58.5977,51.1549],[-58.5941,51.162],[-58.5893,51.1626],[-58.5773,51.1677],[-58.5611,51.1681],[-58.5581,51.1647],[-58.5598,51.1615],[-58.5633,51.1589]]],[[[-58.561,51.1169],[-58.5578,51.1137],[-58.56,51.1127],[-58.5698,51.1154],[-58.5704,51.1122],[-58.5766,51.1055],[-58.5778,51.0989],[-58.5864,51.1062],[-58.5926,51.1076],[-58.5968,51.1105],[-58.5948,51.1165],[-58.5782,51.1268],[-58.561,51.1202],[-58.561,51.1169]]],[[[-58.5779,51.0921],[-58.5836,51.0861],[-58.5787,51.0866],[-58.5733,51.0853],[-58.5773,51.0826],[-58.5881,51.0834],[-58.5867,51.0874],[-58.5779,51.0921]]],[[[-58.5926,51.0902],[-58.6022,51.085],[-58.6122,51.0862],[-58.6123,51.0895],[-58.6066,51.0889],[-58.6168,51.0971],[-58.6118,51.0979],[-58.597,51.0952],[-58.5976,51.0921],[-58.5926,51.0902]]],[[[-58.598,51.1896],[-58.6045,51.1888],[-58.6123,51.1923],[-58.6101,51.1955],[-58.604,51.1988],[-58.5985,51.197],[-58.598,51.1896]]],[[[-58.6009,51.1013],[-58.6109,51.0997],[-58.6103,51.1042],[-58.6096,51.1073],[-58.6045,51.1092],[-58.6009,51.1013]]],[[[-58.6167,51.1973],[-58.6183,51.194],[-58.6294,51.1986],[-58.6256,51.2012],[-58.6154,51.2015],[-58.6112,51.1986],[-58.6167,51.1973]]],[[[-58.6382,51.1089],[-58.6398,51.106],[-58.6327,51.1072],[-58.6305,51.1028],[-58.6357,51.1018],[-58.6329,51.0986],[-58.6439,51.0934],[-58.6437,51.0904],[-58.6459,51.0876],[-58.6503,51.0896],[-58.6465,51.0923],[-58.6522,51.0922],[-58.6591,51.0898],[-58.6619,51.087],[-58.6626,51.0839],[-58.6652,51.0871],[-58.6658,51.0908],[-58.6605,51.0936],[-58.6661,51.0931],[-58.6702,51.0956],[-58.6653,51.1134],[-58.6482,51.1132],[-58.6382,51.1089]]],[[[-58.6399,51.0559],[-58.6396,51.0516],[-58.6434,51.0489],[-58.645,51.0524],[-58.6512,51.05],[-58.6572,51.0438],[-58.6621,51.0448],[-58.6632,51.0431],[-58.6702,51.0471],[-58.665,51.0532],[-58.6588,51.0551],[-58.6591,51.0585],[-58.6496,51.0643],[-58.6465,51.06],[-58.6416,51.0593],[-58.6399,51.0559]]],[[[-58.6858,51.089],[-58.6857,51.0859],[-58.6908,51.0846],[-58.6907,51.0877],[-58.6953,51.0818],[-58.6922,51.0782],[-58.6932,51.0753],[-58.6949,51.0803],[-58.6989,51.0777],[-58.7045,51.0774],[-58.705,51.0741],[-58.7096,51.0763],[-58.7151,51.0757],[-58.725,51.0774],[-58.7328,51.0831],[-58.7332,51.0915],[-58.7205,51.0972],[-58.7058,51.1018],[-58.6998,51.1064],[-58.6948,51.1068],[-58.6855,51.1135],[-58.6753,51.1137],[-58.6768,51.1108],[-58.6823,51.1082],[-58.6775,51.1075],[-58.6764,51.1043],[-58.6822,51.1033],[-58.6771,51.1022],[-58.6752,51.0991],[-58.677,51.0953],[-58.6805,51.0925],[-58.6801,51.0889],[-58.6858,51.089]]],[[[-58.7252,51.0763],[-58.7223,51.0727],[-58.7266,51.0751],[-58.7276,51.0717],[-58.7252,51.0674],[-58.7366,51.0683],[-58.7395,51.0718],[-58.7427,51.0687],[-58.7437,51.0654],[-58.7484,51.0677],[-58.7539,51.068],[-58.7539,51.0722],[-58.759,51.0724],[-58.7612,51.0687],[-58.7591,51.0645],[-58.7644,51.062],[-58.756,51.0565],[-58.7535,51.0597],[-58.748,51.0597],[-58.7474,51.0557],[-58.7542,51.0498],[-58.7543,51.0468],[-58.7563,51.0485],[-58.7547,51.0522],[-58.7601,51.0523],[-58.7642,51.0562],[-58.7683,51.0522],[-58.7678,51.0483],[-58.7735,51.0546],[-58.7712,51.0467],[-58.771,51.0398],[-58.7739,51.0366],[-58.7833,51.0321],[-58.7737,51.0281],[-58.7758,51.0172],[-58.7805,51.0147],[-58.785,51.0163],[-58.7871,51.0135],[-58.7898,51.0174],[-58.7841,51.0184],[-58.7881,51.0279],[-58.8011,51.026],[-58.8025,51.0329],[-58.8006,51.0372],[-58.8058,51.0616],[-58.8023,51.0646],[-58.79,51.0695],[-58.7855,51.0652],[-58.7836,51.0724],[-58.7788,51.0719],[-58.7766,51.0753],[-58.7714,51.0763],[-58.7699,51.0731],[-58.7677,51.0761],[-58.7682,51.0792],[-58.7625,51.0813],[-58.7588,51.0842],[-58.7354,51.0906],[-58.734,51.0809],[-58.7307,51.0771],[-58.7252,51.0763]]],[[[-58.7453,51.0361],[-58.7471,51.033],[-58.7521,51.0346],[-58.7479,51.0408],[-58.743,51.0439],[-58.7323,51.0471],[-58.728,51.0454],[-58.7338,51.0443],[-58.7398,51.0386],[-58.7453,51.0361]]],[[[-58.8086,51.0041],[-58.8127,51.0011],[-58.8149,51.0207],[-58.8099,51.0254],[-58.8102,51.017],[-58.8086,51.0041]]],[[[-58.8224,50.9947],[-58.8251,50.9914],[-58.8252,50.9951],[-58.8232,51.0001],[-58.8266,51.016],[-58.8252,51.0237],[-58.8214,51.0268],[-58.8189,51.0213],[-58.8173,51.0106],[-58.8224,50.9947]]],[[[-58.8644,50.8095],[-58.8592,50.8074],[-58.8488,50.815],[-58.8477,50.8186],[-58.843,50.8191],[-58.8412,50.8153],[-58.8457,50.8029],[-58.8478,50.8],[-58.8576,50.7941],[-58.8588,50.7908],[-58.853,50.7922],[-58.8461,50.7855],[-58.8514,50.7852],[-58.8522,50.782],[-58.8584,50.7802],[-58.8634,50.7817],[-58.8678,50.7856],[-58.8688,50.7886],[-58.8843,50.7932],[-58.8885,50.7904],[-58.888,50.7868],[-58.8904,50.7824],[-58.8956,50.7838],[-58.8955,50.7883],[-58.8907,50.7914],[-58.8903,50.7944],[-58.8801,50.7991],[-58.8788,50.806],[-58.8691,50.8102],[-58.8664,50.8134],[-58.8678,50.8235],[-58.8703,50.8268],[-58.8748,50.8288],[-58.8696,50.8305],[-58.8592,50.8308],[-58.8582,50.827],[-58.8607,50.8233],[-58.8565,50.8211],[-58.8573,50.816],[-58.8644,50.8095]]],[[[-58.9137,50.9444],[-58.9093,50.9417],[-58.9026,50.9413],[-58.9046,50.9384],[-58.8957,50.9355],[-58.8964,50.9321],[-58.9117,50.931],[-58.9163,50.9335],[-58.9161,50.9303],[-58.926,50.932],[-58.9302,50.9351],[-58.936,50.9336],[-58.9376,50.9369],[-58.9328,50.9376],[-58.9224,50.9422],[-58.9174,50.9416],[-58.9137,50.9444]]],[[[-58.9112,51.0167],[-58.9143,51.0076],[-58.9196,51.0037],[-58.9282,50.9903],[-58.9283,50.9967],[-58.9244,51.0105],[-58.9171,51.0165],[-58.913,51.0138],[-58.9112,51.0167]]],[[[-58.9184,51.0244],[-58.9297,51.0193],[-58.9327,51.0286],[-58.9287,51.0324],[-58.924,51.032],[-58.9183,51.0338],[-58.9125,51.0329],[-58.9135,51.024],[-58.9184,51.0244]]],[[[-59.0979,50.7391],[-59.1028,50.7392],[-59.1066,50.7464],[-59.1113,50.7501],[-59.1116,50.7531],[-59.1037,50.7548],[-59.1025,50.751],[-59.0977,50.7505],[-59.094,50.7471],[-59.094,50.7439],[-59.0988,50.7432],[-59.0979,50.7391]]],[[[-59.1011,50.7878],[-59.1017,50.7849],[-59.1066,50.7855],[-59.1067,50.7791],[-59.1015,50.7793],[-59.0997,50.7762],[-59.1011,50.7728],[-59.0967,50.7705],[-59.097,50.7672],[-59.1023,50.7685],[-59.0989,50.7649],[-59.1063,50.7612],[-59.1073,50.7578],[-59.1117,50.7593],[-59.1148,50.7565],[-59.1165,50.7596],[-59.1146,50.7663],[-59.1202,50.766],[-59.1262,50.7624],[-59.1263,50.7669],[-59.121,50.7671],[-59.1152,50.7691],[-59.1159,50.7724],[-59.1206,50.7739],[-59.1142,50.7741],[-59.1109,50.7799],[-59.116,50.7776],[-59.1219,50.7773],[-59.1308,50.7717],[-59.136,50.7702],[-59.1412,50.7718],[-59.1395,50.7747],[-59.1439,50.7761],[-59.1102,50.7853],[-59.1067,50.7888],[-59.1043,50.7944],[-59.104,50.7912],[-59.1011,50.7878]]],[[[-59.1346,50.7623],[-59.1365,50.7594],[-59.1418,50.7607],[-59.1422,50.7571],[-59.1471,50.7568],[-59.1488,50.7604],[-59.1476,50.7637],[-59.1431,50.7667],[-59.1346,50.7623]]],[[[-59.1384,50.743],[-59.144,50.7427],[-59.1518,50.7502],[-59.1415,50.7502],[-59.1383,50.7463],[-59.1384,50.743]]],[[[-59.1394,50.6366],[-59.1428,50.6297],[-59.15,50.6368],[-59.1491,50.644],[-59.1439,50.6474],[-59.1438,50.6443],[-59.1486,50.6416],[-59.1394,50.6366]]],[[[-59.1577,50.6455],[-59.1601,50.6417],[-59.1525,50.6429],[-59.1525,50.6373],[-59.1544,50.6345],[-59.1581,50.6381],[-59.1585,50.6352],[-59.156,50.6311],[-59.1603,50.6332],[-59.1632,50.6367],[-59.164,50.6398],[-59.1697,50.6416],[-59.1707,50.6452],[-59.1656,50.6471],[-59.164,50.6504],[-59.1587,50.6487],[-59.1577,50.6455]]],[[[-59.1682,50.6232],[-59.1653,50.6186],[-59.1607,50.6187],[-59.1626,50.6151],[-59.1674,50.6152],[-59.1734,50.6136],[-59.179,50.6157],[-59.1811,50.6192],[-59.1812,50.6233],[-59.1782,50.626],[-59.1726,50.6257],[-59.1682,50.6232]]],[[[-59.1799,50.6408],[-59.1801,50.6365],[-59.1848,50.6293],[-59.1901,50.6278],[-59.1927,50.6324],[-59.1925,50.6357],[-59.1973,50.6391],[-59.1959,50.6436],[-59.1919,50.6389],[-59.1906,50.645],[-59.1856,50.6458],[-59.1854,50.6416],[-59.1799,50.6408]]],[[[-59.2064,50.6313],[-59.2119,50.6304],[-59.2178,50.6348],[-59.2183,50.6439],[-59.2139,50.6426],[-59.2064,50.6313]]],[[[-59.2281,50.7094],[-59.2302,50.7027],[-59.2255,50.7054],[-59.2218,50.7019],[-59.2238,50.699],[-59.2191,50.6958],[-59.2225,50.6926],[-59.2269,50.6959],[-59.2287,50.6901],[-59.2393,50.6951],[-59.2425,50.6984],[-59.2387,50.7044],[-59.2441,50.7038],[-59.2471,50.7073],[-59.2445,50.7102],[-59.2329,50.7111],[-59.2281,50.7094]]],[[[-59.2225,50.6142],[-59.2244,50.6084],[-59.229,50.6088],[-59.2369,50.612],[-59.2326,50.6149],[-59.2273,50.6155],[-59.2225,50.6142]]],[[[-59.2462,50.6957],[-59.2454,50.692],[-59.2398,50.6923],[-59.2391,50.6888],[-59.2333,50.687],[-59.2303,50.6832],[-59.2369,50.6826],[-59.2393,50.6798],[-59.2438,50.6813],[-59.2483,50.6909],[-59.2627,50.7],[-59.2541,50.7058],[-59.2523,50.7022],[-59.2528,50.6977],[-59.2462,50.6957]]],[[[-59.2417,50.6321],[-59.2442,50.6292],[-59.2449,50.6359],[-59.244,50.6394],[-59.2335,50.6369],[-59.2364,50.6326],[-59.2417,50.6321]]],[[[-59.255,50.6302],[-59.2588,50.6275],[-59.262,50.6286],[-59.264,50.6221],[-59.2659,50.6252],[-59.2704,50.6261],[-59.2682,50.6288],[-59.2741,50.6353],[-59.2693,50.636],[-59.2596,50.6309],[-59.255,50.6302]]],[[[-59.2721,50.6668],[-59.2699,50.6635],[-59.2764,50.6623],[-59.2805,50.6654],[-59.2874,50.6647],[-59.2911,50.6685],[-59.2906,50.6717],[-59.2854,50.6737],[-59.2829,50.6768],[-59.2714,50.678],[-59.2664,50.6761],[-59.2657,50.6728],[-59.2664,50.6698],[-59.2721,50.6668]]],[[[-59.2766,50.6904],[-59.2764,50.6874],[-59.2816,50.6868],[-59.2838,50.69],[-59.2896,50.6883],[-59.2892,50.6915],[-59.2944,50.6943],[-59.2885,50.697],[-59.2828,50.6974],[-59.2766,50.6904]]],[[[-59.2904,50.6617],[-59.2831,50.6587],[-59.284,50.6619],[-59.2791,50.6596],[-59.2785,50.6565],[-59.2812,50.6537],[-59.2816,50.6508],[-59.2914,50.6546],[-59.2923,50.658],[-59.2963,50.6606],[-59.2932,50.6651],[-59.2904,50.6617]]],[[[-59.3272,50.6354],[-59.3278,50.6288],[-59.3321,50.6262],[-59.3325,50.6226],[-59.3277,50.6211],[-59.3272,50.6178],[-59.3333,50.6144],[-59.3247,50.6154],[-59.3197,50.6135],[-59.3168,50.6095],[-59.3178,50.6059],[-59.3133,50.6032],[-59.3131,50.5996],[-59.3076,50.5961],[-59.3084,50.5931],[-59.3007,50.5858],[-59.2989,50.5824],[-59.3009,50.5796],[-59.3012,50.5751],[-59.298,50.5699],[-59.2983,50.5668],[-59.2995,50.5624],[-59.3042,50.5592],[-59.3048,50.5561],[-59.3001,50.5589],[-59.2923,50.5579],[-59.294,50.5546],[-59.299,50.5519],[-59.3041,50.5498],[-59.3092,50.5501],[-59.3133,50.5463],[-59.3139,50.5429],[-59.3194,50.541],[-59.3243,50.5418],[-59.3365,50.5284],[-59.3411,50.5258],[-59.3458,50.5262],[-59.3461,50.5309],[-59.3531,50.5275],[-59.3532,50.5241],[-59.3579,50.5239],[-59.362,50.5267],[-59.3613,50.5298],[-59.3663,50.5324],[-59.3641,50.5356],[-59.3656,50.5428],[-59.3601,50.544],[-59.3573,50.5472],[-59.3597,50.5558],[-59.3559,50.5625],[-59.3514,50.5654],[-59.3557,50.5684],[-59.352,50.5716],[-59.3482,50.5785],[-59.3315,50.5932],[-59.3335,50.5984],[-59.3382,50.5992],[-59.3399,50.6028],[-59.3437,50.5997],[-59.3388,50.5929],[-59.3447,50.5911],[-59.3463,50.6022],[-59.3434,50.6055],[-59.3321,50.6083],[-59.3417,50.6089],[-59.3372,50.6184],[-59.3374,50.6215],[-59.345,50.6146],[-59.3525,50.6109],[-59.3536,50.6079],[-59.3584,50.6047],[-59.3674,50.5876],[-59.3638,50.5905],[-59.3628,50.5888],[-59.3643,50.5849],[-59.3698,50.582],[-59.3755,50.5825],[-59.376,50.5794],[-59.3787,50.5832],[-59.3779,50.5861],[-59.3748,50.5892],[-59.3689,50.592],[-59.3629,50.5985],[-59.3699,50.5967],[-59.3709,50.6001],[-59.3777,50.6011],[-59.374,50.6076],[-59.3801,50.6104],[-59.3829,50.6174],[-59.3807,50.6206],[-59.3802,50.6242],[-59.3893,50.6282],[-59.3907,50.6314],[-59.386,50.6316],[-59.3816,50.6404],[-59.3784,50.6435],[-59.3725,50.6448],[-59.3639,50.6442],[-59.3576,50.6454],[-59.3446,50.6398],[-59.3422,50.6366],[-59.3365,50.6372],[-59.3334,50.6437],[-59.3285,50.6424],[-59.3254,50.6381],[-59.3272,50.6354]]],[[[-59.2996,50.6574],[-59.3101,50.6557],[-59.3075,50.6624],[-59.3118,50.6641],[-59.3102,50.6686],[-59.3139,50.6727],[-59.3105,50.6756],[-59.3009,50.6715],[-59.2984,50.6677],[-59.2999,50.664],[-59.2996,50.6574]]],[[[-59.4128,50.6382],[-59.4069,50.6361],[-59.4013,50.6364],[-59.3991,50.6329],[-59.4022,50.6207],[-59.4022,50.6146],[-59.4071,50.617],[-59.4084,50.6209],[-59.4075,50.6311],[-59.4128,50.6382]]],[[[-59.4276,50.5876],[-59.4152,50.5847],[-59.4071,50.5762],[-59.4071,50.5722],[-59.4095,50.5671],[-59.4135,50.5598],[-59.4137,50.5649],[-59.4167,50.5601],[-59.4174,50.5562],[-59.4203,50.5597],[-59.4305,50.5623],[-59.4437,50.5706],[-59.4433,50.5742],[-59.4414,50.5772],[-59.4338,50.5713],[-59.4285,50.5709],[-59.4275,50.5674],[-59.4224,50.5657],[-59.4169,50.5662],[-59.4136,50.5712],[-59.4143,50.5758],[-59.4182,50.583],[-59.4276,50.5859],[-59.4388,50.5844],[-59.4454,50.5808],[-59.4504,50.5811],[-59.4536,50.5773],[-59.4604,50.5804],[-59.4572,50.5834],[-59.451,50.5847],[-59.4476,50.5876],[-59.443,50.5868],[-59.4276,50.5876]]],[[[-59.4339,50.5591],[-59.4247,50.5541],[-59.4243,50.5511],[-59.4202,50.5479],[-59.4293,50.5487],[-59.4268,50.5451],[-59.4323,50.5434],[-59.4412,50.5479],[-59.4462,50.5451],[-59.4317,50.5381],[-59.4366,50.5388],[-59.4402,50.5352],[-59.4425,50.5384],[-59.4488,50.5404],[-59.45,50.5443],[-59.4524,50.5415],[-59.462,50.5409],[-59.4795,50.5371],[-59.4991,50.5395],[-59.5058,50.5447],[-59.4988,50.5422],[-59.5028,50.5466],[-59.4986,50.5494],[-59.4921,50.5479],[-59.4751,50.5508],[-59.4677,50.5617],[-59.4569,50.5704],[-59.4551,50.5671],[-59.4562,50.5641],[-59.4599,50.561],[-59.4532,50.5648],[-59.4517,50.5679],[-59.4464,50.5698],[-59.4319,50.5618],[-59.4339,50.5591]]],[[[-59.4717,50.5276],[-59.4869,50.5257],[-59.492,50.5315],[-59.4867,50.5326],[-59.4756,50.5308],[-59.4717,50.5276]]],[[[-59.4749,50.4999],[-59.4779,50.4939],[-59.4878,50.497],[-59.4965,50.5032],[-59.49,50.5097],[-59.4847,50.51],[-59.4792,50.5131],[-59.4744,50.5111],[-59.4742,50.5073],[-59.4799,50.5065],[-59.4749,50.4999]]],[[[-59.5228,50.5142],[-59.5287,50.5126],[-59.5233,50.5223],[-59.5187,50.5208],[-59.5217,50.5175],[-59.5228,50.5142]]],[[[-59.6276,50.3374],[-59.6299,50.3345],[-59.6188,50.3344],[-59.6245,50.3283],[-59.6322,50.3264],[-59.6371,50.327],[-59.633,50.3336],[-59.6333,50.3367],[-59.6317,50.3399],[-59.6276,50.3374]]],[[[-59.6345,50.3241],[-59.653,50.3087],[-59.6477,50.3103],[-59.6444,50.3069],[-59.6484,50.3041],[-59.6541,50.3035],[-59.6604,50.2972],[-59.6657,50.297],[-59.666,50.3003],[-59.6596,50.3028],[-59.6571,50.309],[-59.6506,50.3148],[-59.6384,50.3233],[-59.6345,50.3241]]],[[[-59.772,50.2961],[-59.7773,50.2937],[-59.7829,50.2934],[-59.7829,50.2905],[-59.7877,50.2873],[-59.7925,50.2881],[-59.7976,50.2856],[-59.8001,50.2887],[-59.7997,50.292],[-59.793,50.2953],[-59.7885,50.2947],[-59.7873,50.2978],[-59.7671,50.3058],[-59.7696,50.2988],[-59.772,50.2961]]],[[[-59.7897,50.4061],[-59.792,50.403],[-59.7865,50.4039],[-59.7837,50.4002],[-59.7834,50.3965],[-59.7887,50.3939],[-59.7934,50.3943],[-59.7914,50.3911],[-59.7984,50.3847],[-59.808,50.3802],[-59.8131,50.381],[-59.8271,50.3777],[-59.8215,50.3783],[-59.8168,50.3768],[-59.8228,50.3739],[-59.8388,50.3737],[-59.8373,50.3772],[-59.8437,50.3763],[-59.8359,50.3825],[-59.8425,50.383],[-59.8432,50.3863],[-59.8352,50.3898],[-59.8426,50.3899],[-59.8369,50.3925],[-59.8321,50.3918],[-59.828,50.389],[-59.8218,50.3903],[-59.8285,50.3908],[-59.8298,50.3939],[-59.8283,50.3971],[-59.8105,50.3986],[-59.8125,50.3956],[-59.8181,50.393],[-59.813,50.3936],[-59.8074,50.3968],[-59.802,50.3974],[-59.7968,50.396],[-59.7951,50.3992],[-59.8003,50.3985],[-59.7959,50.4018],[-59.8034,50.4],[-59.8084,50.4004],[-59.794,50.4094],[-59.7892,50.4097],[-59.7897,50.4061]]],[[[-59.8025,50.4051],[-59.8125,50.4031],[-59.8171,50.4037],[-59.8214,50.4066],[-59.8129,50.4135],[-59.8023,50.4147],[-59.7971,50.4132],[-59.8017,50.4094],[-59.8025,50.4051]]],[[[-59.9086,50.2626],[-59.9246,50.2637],[-59.9227,50.2669],[-59.9223,50.2705],[-59.9093,50.2776],[-59.9035,50.2743],[-59.8997,50.268],[-59.9033,50.2648],[-59.9086,50.2626]]],[[[-59.9956,50.2401],[-60.0015,50.2318],[-60.0074,50.2325],[-60.0065,50.2359],[-60.0096,50.24],[-60.0,50.2412],[-59.9956,50.2401]]],[[[-60.012,50.2239],[-60.0086,50.213],[-60.014,50.2121],[-60.0195,50.2095],[-60.0139,50.2086],[-60.0087,50.21],[-60.017,50.2024],[-60.0338,50.1967],[-60.0396,50.193],[-60.0452,50.1915],[-60.0407,50.1948],[-60.0456,50.1949],[-60.0403,50.201],[-60.0506,50.2007],[-60.047,50.2037],[-60.0421,50.2055],[-60.0367,50.2151],[-60.0315,50.2189],[-60.0297,50.2158],[-60.034,50.2119],[-60.0285,50.214],[-60.026,50.2177],[-60.0216,50.2167],[-60.0151,50.2193],[-60.0172,50.2228],[-60.012,50.2239]]],[[[-60.0141,50.1938],[-60.0255,50.1881],[-60.0259,50.1916],[-60.0246,50.1945],[-60.0196,50.1967],[-60.0141,50.1938]]],[[[-60.0795,50.1987],[-60.0801,50.1958],[-60.075,50.1974],[-60.0705,50.1951],[-60.0758,50.1955],[-60.0755,50.1924],[-60.0704,50.1932],[-60.0704,50.1901],[-60.0648,50.1911],[-60.0642,50.1876],[-60.0719,50.1852],[-60.067,50.1854],[-60.0651,50.1821],[-60.1084,50.178],[-60.1129,50.1803],[-60.1166,50.1773],[-60.1223,50.1759],[-60.1202,50.1836],[-60.1148,50.183],[-60.1166,50.1866],[-60.1158,50.19],[-60.1083,50.1912],[-60.1117,50.1872],[-60.1062,50.1888],[-60.1011,50.1883],[-60.0823,50.1951],[-60.0872,50.1969],[-60.0928,50.1936],[-60.0929,50.1966],[-60.0879,50.1996],[-60.0795,50.1987]]],[[[-60.1034,50.2182],[-60.1136,50.2174],[-60.1106,50.2202],[-60.1132,50.2234],[-60.1106,50.2267],[-60.1062,50.2255],[-60.1027,50.2213],[-60.1034,50.2182]]],[[[-60.203,50.258],[-60.2047,50.2424],[-60.2106,50.2502],[-60.2049,50.26],[-60.1945,50.2671],[-60.1885,50.2666],[-60.1939,50.2649],[-60.196,50.2613],[-60.203,50.258]]],[[[-60.2173,50.2229],[-60.2128,50.2223],[-60.2049,50.2241],[-60.2093,50.2215],[-60.2174,50.2201],[-60.2222,50.2221],[-60.2246,50.2289],[-60.2164,50.2321],[-60.2198,50.2291],[-60.221,50.2262],[-60.2173,50.2229]]],[[[-60.2866,50.1783],[-60.2947,50.1668],[-60.295,50.1704],[-60.2921,50.1738],[-60.2918,50.1768],[-60.2866,50.1783]]],[[[-60.3974,50.2143],[-60.3955,50.2099],[-60.4008,50.2109],[-60.4047,50.2154],[-60.4059,50.2185],[-60.4048,50.2239],[-60.394,50.2207],[-60.3973,50.2174],[-60.3974,50.2143]]],[[[-60.4111,50.203],[-60.4191,50.202],[-60.4246,50.2037],[-60.4327,50.2088],[-60.4275,50.2095],[-60.4232,50.2062],[-60.4111,50.203]]],[[[-60.4707,50.2342],[-60.479,50.2266],[-60.4838,50.2277],[-60.4873,50.2323],[-60.4876,50.2354],[-60.4837,50.2391],[-60.479,50.2393],[-60.4707,50.2342]]],[[[-60.4923,50.2211],[-60.4901,50.2178],[-60.5014,50.2194],[-60.4943,50.2136],[-60.4916,50.2094],[-60.4869,50.2077],[-60.492,50.2079],[-60.4987,50.2128],[-60.5044,50.2119],[-60.5056,50.2154],[-60.51,50.2173],[-60.5096,50.2206],[-60.5142,50.2235],[-60.5133,50.227],[-60.5086,50.2252],[-60.5086,50.2219],[-60.5038,50.2288],[-60.4983,50.2225],[-60.4923,50.2211]]],[[[-60.5203,50.2076],[-60.5261,50.2051],[-60.5212,50.2062],[-60.5168,50.205],[-60.5218,50.2046],[-60.5243,50.2013],[-60.525,50.1978],[-60.5338,50.1965],[-60.5308,50.1999],[-60.5324,50.2043],[-60.525,50.2103],[-60.5198,50.212],[-60.5105,50.2081],[-60.5203,50.2076]]],[[[-60.7598,50.2012],[-60.7636,50.1981],[-60.7653,50.2017],[-60.7694,50.2052],[-60.766,50.2102],[-60.7641,50.2162],[-60.7645,50.2093],[-60.7615,50.2059],[-60.7598,50.2012]]],[[[-60.8443,50.211],[-60.8439,50.2059],[-60.8553,50.196],[-60.8601,50.195],[-60.8654,50.1959],[-60.86,50.1968],[-60.8567,50.1996],[-60.8561,50.2028],[-60.8472,50.2091],[-60.846,50.208],[-60.8443,50.211]]],[[[-61.2627,50.1843],[-61.2631,50.1771],[-61.2661,50.1744],[-61.27,50.1778],[-61.2749,50.176],[-61.2743,50.1789],[-61.2716,50.182],[-61.2627,50.1843]]],[[[-64.1173,49.9438],[-64.0965,49.9368],[-64.0774,49.927],[-64.0724,49.9268],[-64.0549,49.9309],[-64.037,49.9298],[-64.026,49.927],[-64.0118,49.9208],[-63.9896,49.9191],[-63.9669,49.9132],[-63.9628,49.9083],[-63.9527,49.9019],[-63.9179,49.8857],[-63.8925,49.8846],[-63.8703,49.8768],[-63.8537,49.8795],[-63.8253,49.8806],[-63.7873,49.8723],[-63.7522,49.8729],[-63.7249,49.8692],[-63.6949,49.8624],[-63.6746,49.8555],[-63.6611,49.8535],[-63.6476,49.853],[-63.6201,49.8489],[-63.6071,49.8491],[-63.5947,49.8508],[-63.5744,49.8478],[-63.5486,49.8414],[-63.4792,49.8387],[-63.4375,49.8321],[-63.3748,49.8256],[-63.3256,49.812],[-63.3098,49.8109],[-63.2902,49.8055],[-63.2653,49.8013],[-63.2578,49.8013],[-63.2463,49.7973],[-63.2357,49.7947],[-63.2263,49.794],[-63.215,49.7901],[-63.2019,49.7895],[-63.1844,49.7854],[-63.1566,49.7823],[-63.1415,49.7756],[-63.0839,49.7676],[-63.0754,49.7635],[-63.0649,49.7617],[-63.0548,49.7554],[-63.0497,49.7536],[-63.0193,49.7536],[-63.0115,49.7501],[-63.0048,49.7347],[-62.9996,49.7328],[-62.9447,49.7326],[-62.9397,49.7303],[-62.9354,49.7238],[-62.9351,49.7171],[-62.9251,49.7076],[-62.9138,49.7056],[-62.9006,49.7054],[-62.8833,49.7017],[-62.855,49.7021],[-62.8507,49.6981],[-62.8478,49.6912],[-62.842,49.6886],[-62.8193,49.6865],[-62.8027,49.6827],[-62.7978,49.6791],[-62.7839,49.6748],[-62.7772,49.671],[-62.7678,49.6609],[-62.7601,49.658],[-62.7277,49.6605],[-62.7014,49.6603],[-62.6971,49.6567],[-62.6905,49.6456],[-62.6862,49.6428],[-62.6738,49.6428],[-62.6669,49.64],[-62.6653,49.6335],[-62.65,49.6283],[-62.6433,49.6211],[-62.6379,49.6194],[-62.6239,49.6199],[-62.6005,49.6168],[-62.5784,49.6064],[-62.5608,49.608],[-62.5513,49.5971],[-62.5461,49.5937],[-62.523,49.5914],[-62.5156,49.5891],[-62.5114,49.5843],[-62.5092,49.5794],[-62.4991,49.5751],[-62.4881,49.5735],[-62.4798,49.5683],[-62.4777,49.5644],[-62.4774,49.5595],[-62.4698,49.5552],[-62.4452,49.5473],[-62.4426,49.5442],[-62.459,49.5382],[-62.4611,49.5351],[-62.4588,49.5312],[-62.4545,49.5281],[-62.4481,49.5259],[-62.4403,49.5263],[-62.44,49.5229],[-62.4421,49.5185],[-62.4455,49.515],[-62.4425,49.5112],[-62.4414,49.5142],[-62.4372,49.511],[-62.4327,49.5097],[-62.4148,49.5094],[-62.4206,49.5011],[-62.4177,49.4962],[-62.3955,49.4843],[-62.3894,49.4838],[-62.3673,49.4905],[-62.3561,49.4911],[-62.3452,49.4898],[-62.3335,49.484],[-62.3285,49.4837],[-62.3278,49.48],[-62.3288,49.4755],[-62.3271,49.4724],[-62.324,49.4684],[-62.3188,49.4665],[-62.3065,49.4639],[-62.2899,49.4682],[-62.2728,49.459],[-62.2621,49.4583],[-62.2573,49.4568],[-62.2528,49.453],[-62.2496,49.4422],[-62.2489,49.439],[-62.2506,49.4329],[-62.2498,49.4252],[-62.2406,49.4183],[-62.2343,49.4191],[-62.2202,49.4173],[-62.2129,49.4105],[-62.1897,49.4041],[-62.1816,49.3971],[-62.1651,49.3965],[-62.1536,49.4003],[-62.1491,49.4036],[-62.1441,49.4042],[-62.1351,49.4016],[-62.122,49.3927],[-62.1141,49.3853],[-62.0893,49.3776],[-62.0774,49.3783],[-62.0628,49.3867],[-62.0581,49.3877],[-62.0398,49.3862],[-62.0321,49.384],[-62.0148,49.3732],[-62.0056,49.3709],[-61.999,49.3711],[-61.9847,49.3688],[-61.9734,49.3659],[-61.9733,49.3605],[-61.9762,49.3574],[-61.975,49.3491],[-61.9704,49.3457],[-61.9661,49.3442],[-61.953,49.3455],[-61.9464,49.3491],[-61.9408,49.3503],[-61.9259,49.3493],[-61.91,49.3522],[-61.8962,49.3522],[-61.891,49.3437],[-61.8858,49.3384],[-61.8865,49.3351],[-61.8855,49.3321],[-61.8815,49.3292],[-61.8703,49.323],[-61.8573,49.3204],[-61.8459,49.3153],[-61.8357,49.314],[-61.8323,49.3107],[-61.8333,49.3046],[-61.8279,49.2957],[-61.8285,49.2927],[-61.8384,49.2874],[-61.8376,49.2843],[-61.839,49.2889],[-61.8445,49.2857],[-61.844,49.2823],[-61.8393,49.2804],[-61.8188,49.2812],[-61.8053,49.2788],[-61.8022,49.2754],[-61.8,49.2656],[-61.8034,49.2624],[-61.8052,49.2578],[-61.8026,49.2535],[-61.7906,49.2433],[-61.7768,49.2399],[-61.7653,49.2344],[-61.7608,49.2306],[-61.7528,49.2116],[-61.749,49.2075],[-61.7428,49.2057],[-61.7362,49.2073],[-61.7246,49.2024],[-61.717,49.1949],[-61.714,49.1802],[-61.7104,49.1769],[-61.7114,49.1703],[-61.7003,49.1532],[-61.6967,49.1499],[-61.6799,49.1468],[-61.6711,49.1421],[-61.6692,49.1383],[-61.6693,49.1322],[-61.6765,49.1295],[-61.681,49.1239],[-61.6957,49.1162],[-61.703,49.1095],[-61.7086,49.1013],[-61.7086,49.0973],[-61.6989,49.0864],[-61.7019,49.0829],[-61.7123,49.0831],[-61.7205,49.0871],[-61.7328,49.0897],[-61.7632,49.0877],[-61.7753,49.0846],[-61.7845,49.0773],[-61.7897,49.0768],[-61.7963,49.0781],[-61.8122,49.0756],[-61.8156,49.0716],[-61.8163,49.0683],[-61.8207,49.0644],[-61.8254,49.0631],[-61.8398,49.0699],[-61.8663,49.0706],[-61.8752,49.0747],[-61.8812,49.0754],[-61.8917,49.0743],[-61.9078,49.0789],[-61.9273,49.0757],[-61.9414,49.07],[-61.9616,49.0676],[-61.9747,49.0731],[-61.9887,49.0736],[-61.993,49.076],[-61.9997,49.0761],[-62.0069,49.0724],[-62.0088,49.0691],[-62.0167,49.0675],[-62.0318,49.0682],[-62.0417,49.0724],[-62.0488,49.0733],[-62.0677,49.0697],[-62.0718,49.0733],[-62.0794,49.0758],[-62.0866,49.076],[-62.0987,49.073],[-62.1123,49.0726],[-62.1173,49.0709],[-62.1291,49.0737],[-62.1477,49.0718],[-62.1605,49.0725],[-62.1792,49.0702],[-62.1847,49.0717],[-62.1965,49.0706],[-62.2017,49.072],[-62.2378,49.0629],[-62.2482,49.062],[-62.2656,49.067],[-62.2692,49.0704],[-62.2759,49.0734],[-62.2967,49.078],[-62.3025,49.078],[-62.3203,49.0862],[-62.3505,49.0947],[-62.3607,49.0966],[-62.3725,49.096],[-62.3822,49.0975],[-62.3874,49.0992],[-62.3985,49.1055],[-62.4038,49.1045],[-62.4109,49.105],[-62.4372,49.1091],[-62.4472,49.1159],[-62.4617,49.1189],[-62.4722,49.1235],[-62.4778,49.1243],[-62.492,49.1206],[-62.4992,49.1286],[-62.5065,49.1311],[-62.5114,49.1311],[-62.521,49.1337],[-62.5279,49.1322],[-62.5386,49.1343],[-62.5368,49.1409],[-62.5417,49.1417],[-62.5413,49.1356],[-62.5472,49.136],[-62.5586,49.1334],[-62.5734,49.1368],[-62.5793,49.1358],[-62.5853,49.1367],[-62.6035,49.1415],[-62.6054,49.1447],[-62.6288,49.1434],[-62.6476,49.1449],[-62.6558,49.143],[-62.6641,49.1459],[-62.6748,49.1465],[-62.6865,49.1509],[-62.7033,49.1517],[-62.7187,49.1555],[-62.7301,49.1544],[-62.7406,49.155],[-62.771,49.1599],[-62.7787,49.1622],[-62.7831,49.165],[-62.7896,49.1646],[-62.7953,49.1659],[-62.8073,49.1708],[-62.8504,49.1837],[-62.8755,49.1851],[-62.902,49.1904],[-62.916,49.1887],[-62.9265,49.1894],[-62.9358,49.1926],[-62.9395,49.1957],[-62.9559,49.2012],[-62.9817,49.2044],[-63.0051,49.211],[-63.0094,49.2135],[-63.015,49.2134],[-63.0257,49.2159],[-63.053,49.2249],[-63.0589,49.2261],[-63.0651,49.2252],[-63.0749,49.2261],[-63.0795,49.2283],[-63.1032,49.2338],[-63.1147,49.2416],[-63.1198,49.2417],[-63.1428,49.2483],[-63.1646,49.2561],[-63.1819,49.2583],[-63.1859,49.2616],[-63.2033,49.2695],[-63.234,49.28],[-63.2491,49.2934],[-63.2693,49.302],[-63.2781,49.3098],[-63.2798,49.3145],[-63.2842,49.3183],[-63.2932,49.3226],[-63.301,49.3248],[-63.313,49.3252],[-63.3298,49.3215],[-63.3369,49.3235],[-63.3573,49.3341],[-63.407,49.3495],[-63.4116,49.3525],[-63.4259,49.357],[-63.4481,49.3597],[-63.4527,49.3623],[-63.4686,49.3667],[-63.4798,49.3679],[-63.4946,49.3728],[-63.535,49.3806],[-63.5401,49.3837],[-63.5462,49.3831],[-63.5628,49.3886],[-63.5678,49.3894],[-63.5786,49.3853],[-63.595,49.3908],[-63.5783,49.396],[-63.576,49.3992],[-63.5741,49.4058],[-63.5751,49.4092],[-63.577,49.4125],[-63.596,49.429],[-63.6137,49.4477],[-63.6204,49.4615],[-63.6141,49.4685],[-63.6122,49.4739],[-63.5984,49.4747],[-63.5932,49.4766],[-63.6043,49.4793],[-63.6144,49.4792],[-63.6176,49.4826],[-63.6196,49.4924],[-63.6228,49.4966],[-63.6289,49.5002],[-63.6323,49.5048],[-63.6352,49.5128],[-63.6424,49.5182],[-63.6467,49.5198],[-63.6545,49.5311],[-63.6591,49.5357],[-63.6809,49.5452],[-63.6907,49.5509],[-63.6964,49.5561],[-63.734,49.5709],[-63.7466,49.5794],[-63.7686,49.5894],[-63.7953,49.6149],[-63.8062,49.6208],[-63.8156,49.6275],[-63.8192,49.6316],[-63.8304,49.6384],[-63.8432,49.6427],[-63.8615,49.6459],[-63.9129,49.6664],[-63.9203,49.6735],[-63.9385,49.6764],[-63.9584,49.6834],[-63.9834,49.6976],[-63.988,49.6971],[-64.0213,49.7045],[-64.0423,49.7069],[-64.0547,49.7171],[-64.0618,49.7115],[-64.0855,49.7138],[-64.1101,49.7207],[-64.1196,49.7252],[-64.1404,49.729],[-64.1504,49.7329],[-64.1562,49.7336],[-64.1576,49.7368],[-64.1658,49.7358],[-64.1717,49.7368],[-64.1781,49.7351],[-64.1842,49.7373],[-64.1973,49.7376],[-64.2209,49.7454],[-64.2218,49.7488],[-64.2318,49.7479],[-64.2636,49.7579],[-64.2689,49.7575],[-64.277,49.7605],[-64.2797,49.7642],[-64.285,49.7679],[-64.3199,49.7818],[-64.3237,49.7851],[-64.3282,49.7928],[-64.3277,49.7962],[-64.3294,49.8023],[-64.3287,49.8057],[-64.3314,49.8094],[-64.3457,49.8117],[-64.3545,49.8195],[-64.3624,49.8239],[-64.3759,49.827],[-64.3753,49.8303],[-64.3866,49.8312],[-64.3919,49.8301],[-64.3925,49.8222],[-64.3973,49.8199],[-64.3922,49.817],[-64.3932,49.8131],[-64.3876,49.81],[-64.3835,49.8025],[-64.3795,49.7989],[-64.3804,49.7937],[-64.3853,49.7928],[-64.3913,49.7937],[-64.4137,49.7997],[-64.4196,49.8026],[-64.4244,49.8103],[-64.4425,49.8239],[-64.4432,49.8272],[-64.4542,49.839],[-64.5016,49.852],[-64.5135,49.8568],[-64.5231,49.8635],[-64.5202,49.8715],[-64.52,49.8778],[-64.5178,49.8826],[-64.5052,49.8893],[-64.4977,49.8903],[-64.4945,49.8937],[-64.4926,49.8995],[-64.4895,49.9028],[-64.4703,49.9065],[-64.4653,49.9086],[-64.466,49.9117],[-64.461,49.9138],[-64.4552,49.9135],[-64.4434,49.9161],[-64.4069,49.9183],[-64.3852,49.9242],[-64.355,49.9236],[-64.3289,49.9342],[-64.2981,49.9407],[-64.265,49.9362],[-64.2585,49.9377],[-64.2547,49.9416],[-64.237,49.9468],[-64.2308,49.9474],[-64.2068,49.9477],[-64.1815,49.9456],[-64.1705,49.9459],[-64.1596,49.9497],[-64.1479,49.9516],[-64.1325,49.9468],[-64.1173,49.9438]]],[[[-61.8883,50.212],[-61.898,50.2105],[-61.9021,50.2137],[-61.8963,50.2145],[-61.897,50.2229],[-61.8858,50.2162],[-61.8883,50.212]]],[[[-62.9915,50.2828],[-62.9973,50.2814],[-62.9952,50.2843],[-62.9997,50.2854],[-62.9945,50.2877],[-62.989,50.2862],[-62.9915,50.2828]]],[[[-63.0509,50.2378],[-63.0577,50.2365],[-63.0608,50.2337],[-63.0661,50.2333],[-63.0713,50.2381],[-63.0814,50.2359],[-63.0838,50.2411],[-63.0843,50.2466],[-63.0785,50.2535],[-63.0708,50.259],[-63.0661,50.2592],[-63.0613,50.2557],[-63.0574,50.2501],[-63.0508,50.2478],[-63.0485,50.2408],[-63.0509,50.2378]]],[[[-63.1354,50.2431],[-63.1319,50.2307],[-63.1269,50.2323],[-63.1267,50.239],[-63.1214,50.2361],[-63.1148,50.2351],[-63.1161,50.2307],[-63.1109,50.2299],[-63.1061,50.2267],[-63.1015,50.2258],[-63.1029,50.2223],[-63.1079,50.2206],[-63.1127,50.2207],[-63.1083,50.2169],[-63.1097,50.2137],[-63.1161,50.2113],[-63.1117,50.2098],[-63.14,50.2074],[-63.1362,50.2106],[-63.1416,50.2121],[-63.1395,50.209],[-63.1447,50.207],[-63.1701,50.2078],[-63.1802,50.2101],[-63.1859,50.203],[-63.1903,50.2052],[-63.1929,50.2089],[-63.1974,50.2103],[-63.1945,50.2135],[-63.1934,50.2198],[-63.1998,50.2261],[-63.1962,50.2289],[-63.1914,50.2288],[-63.1886,50.2251],[-63.184,50.2248],[-63.1787,50.2255],[-63.1733,50.2287],[-63.1682,50.2296],[-63.1626,50.2296],[-63.158,50.2267],[-63.1437,50.2357],[-63.1397,50.2403],[-63.1354,50.2431]]],[[[-63.3107,50.2135],[-63.3105,50.2103],[-63.3221,50.2078],[-63.3328,50.2089],[-63.3379,50.2076],[-63.3367,50.2046],[-63.3319,50.206],[-63.3258,50.2059],[-63.3159,50.2031],[-63.3017,50.2024],[-63.2849,50.1998],[-63.284,50.1967],[-63.3044,50.1956],[-63.3085,50.1928],[-63.3183,50.1926],[-63.3234,50.1951],[-63.3383,50.1964],[-63.3457,50.2032],[-63.3505,50.2028],[-63.3547,50.2051],[-63.3551,50.2119],[-63.3497,50.2151],[-63.3426,50.2168],[-63.3314,50.2121],[-63.3253,50.212],[-63.3224,50.2152],[-63.3154,50.2161],[-63.3107,50.2135]]],[[[-63.3806,50.2038],[-63.3876,50.2028],[-63.3886,50.2061],[-63.384,50.2108],[-63.3795,50.2103],[-63.3782,50.2073],[-63.3806,50.2038]]],[[[-63.5424,50.2167],[-63.5487,50.2147],[-63.5537,50.221],[-63.549,50.2261],[-63.5445,50.2239],[-63.5411,50.2203],[-63.5424,50.2167]]],[[[-63.569,54.9875],[-63.5774,54.9883],[-63.5766,54.9857],[-63.5695,54.9821],[-63.5706,54.9789],[-63.5735,54.9766],[-63.595,54.9752],[-63.6013,54.9753],[-63.6126,54.978],[-63.6146,54.9767],[-63.6059,54.9656],[-63.6002,54.9627],[-63.6061,54.9609],[-63.6069,54.9585],[-63.595,54.9576],[-63.5908,54.9536],[-63.5786,54.952],[-63.5826,54.9476],[-63.5906,54.9475],[-63.5965,54.9449],[-63.607,54.9439],[-63.5888,54.9391],[-63.5869,54.9368],[-63.5922,54.9337],[-63.5767,54.9296],[-63.576,54.9282],[-63.578,54.9265],[-63.5844,54.9244],[-63.5937,54.9269],[-63.6057,54.9274],[-63.6081,54.9266],[-63.6094,54.924],[-63.6116,54.9236],[-63.6193,54.9236],[-63.6265,54.9253],[-63.6284,54.9246],[-63.6172,54.9177],[-63.6061,54.9144],[-63.6053,54.913],[-63.6064,54.9122],[-63.6152,54.9108],[-63.6072,54.9083],[-63.5991,54.9039],[-63.6002,54.9011],[-63.6044,54.8993],[-63.6205,54.9029],[-63.6254,54.9053],[-63.6273,54.9085],[-63.6301,54.9093],[-63.6334,54.9093],[-63.6404,54.9065],[-63.652,54.9052],[-63.6534,54.9078],[-63.665,54.9135],[-63.6662,54.9097],[-63.6582,54.9037],[-63.6609,54.9017],[-63.6707,54.9033],[-63.6771,54.9069],[-63.6861,54.9072],[-63.6882,54.9086],[-63.6893,54.9124],[-63.6914,54.9144],[-63.6918,54.9212],[-63.6949,54.9262],[-63.7031,54.9266],[-63.7072,54.9247],[-63.7213,54.9263],[-63.7217,54.9279],[-63.7339,54.9315],[-63.723,54.9352],[-63.7223,54.9366],[-63.7238,54.9392],[-63.7323,54.9399],[-63.7396,54.9387],[-63.7468,54.9423],[-63.7523,54.9425],[-63.7562,54.9444],[-63.7657,54.9452],[-63.7758,54.9483],[-63.7853,54.9483],[-63.7874,54.9551],[-63.7893,54.9565],[-63.7945,54.9553],[-63.8039,54.9503],[-63.8238,54.9467],[-63.8291,54.9444],[-63.8297,54.9435],[-63.8236,54.9414],[-63.8217,54.9386],[-63.8225,54.937],[-63.8267,54.935],[-63.8172,54.9345],[-63.8155,54.9326],[-63.8088,54.9319],[-63.8075,54.9288],[-63.8057,54.9285],[-63.8,54.9302],[-63.7905,54.9309],[-63.8234,54.9152],[-63.8429,54.9158],[-63.8403,54.9143],[-63.8387,54.9092],[-63.8293,54.9061],[-63.8258,54.9026],[-63.8404,54.8994],[-63.8417,54.8966],[-63.8486,54.8967],[-63.8417,54.8936],[-63.8368,54.8889],[-63.836,54.8849],[-63.8543,54.8895],[-63.8574,54.8872],[-63.8511,54.8804],[-63.8497,54.8758],[-63.8446,54.8714],[-63.8484,54.8691],[-63.848,54.867],[-63.852,54.8645],[-63.8523,54.863],[-63.8455,54.8576],[-63.838,54.8548],[-63.8378,54.8531],[-63.8318,54.8495],[-63.8259,54.849],[-63.8239,54.846],[-63.829,54.8426],[-63.8217,54.8373],[-63.8201,54.8338],[-63.8216,54.8293],[-63.812,54.8251],[-63.8136,54.8215],[-63.8111,54.8183],[-63.8177,54.817],[-63.8256,54.8198],[-63.8267,54.8183],[-63.8235,54.8165],[-63.8228,54.8144],[-63.8347,54.8116],[-63.8396,54.8119],[-63.8515,54.8155],[-63.8549,54.8155],[-63.8568,54.8138],[-63.8568,54.8118],[-63.848,54.8112],[-63.8473,54.8102],[-63.8506,54.8089],[-63.8453,54.8082],[-63.8463,54.8071],[-63.8545,54.8068],[-63.8724,54.8092],[-63.8768,54.8084],[-63.8776,54.8073],[-63.8762,54.8059],[-63.8677,54.8048],[-63.8608,54.8004],[-63.8633,54.7991],[-63.8911,54.7997],[-63.9022,54.8018],[-63.9068,54.8015],[-63.9037,54.7996],[-63.8997,54.7946],[-63.89,54.7927],[-63.8875,54.7905],[-63.8879,54.7882],[-63.8904,54.7869],[-63.8963,54.7868],[-63.9076,54.7899],[-63.9166,54.7903],[-63.9171,54.7874],[-63.9098,54.7844],[-63.9015,54.783],[-63.9008,54.7814],[-63.9021,54.7787],[-63.9085,54.7773],[-63.9174,54.7796],[-63.9266,54.7786],[-63.9252,54.7767],[-63.9125,54.7713],[-63.8943,54.7706],[-63.8855,54.7677],[-63.8823,54.7626],[-63.8876,54.7563],[-63.8847,54.753],[-63.8789,54.7532],[-63.8745,54.7562],[-63.871,54.757],[-63.8633,54.7549],[-63.8558,54.7492],[-63.8429,54.7495],[-63.84,54.7464],[-63.835,54.7445],[-63.8356,54.7397],[-63.8269,54.7366],[-63.8246,54.7327],[-63.8025,54.7259],[-63.797,54.7212],[-63.7935,54.7213],[-63.7825,54.7155],[-63.7855,54.711],[-63.7858,54.706],[-63.7769,54.7011],[-63.7717,54.702],[-63.7636,54.6987],[-63.7641,54.6971],[-63.7615,54.6938],[-63.7613,54.6905],[-63.7544,54.6885],[-63.7596,54.6871],[-63.7652,54.6874],[-63.77,54.6893],[-63.7741,54.6887],[-63.7759,54.6873],[-63.771,54.6846],[-63.7757,54.6829],[-63.7757,54.6816],[-63.7671,54.6774],[-63.7666,54.6749],[-63.7684,54.6729],[-63.7628,54.6709],[-63.7605,54.6685],[-63.7402,54.6706],[-63.7382,54.6695],[-63.7396,54.6668],[-63.7383,54.6652],[-63.7293,54.6614],[-63.7237,54.6614],[-63.725,54.6596],[-63.7234,54.6582],[-63.7279,54.652],[-63.7189,54.6491],[-63.7197,54.6446],[-63.7145,54.6408],[-63.7157,54.6386],[-63.7135,54.6366],[-63.715,54.6343],[-63.7096,54.6337],[-63.7109,54.6317],[-63.71,54.6288],[-63.7119,54.6264],[-63.7098,54.6223],[-63.7322,54.6258],[-63.7369,54.6236],[-63.7417,54.6236],[-63.7533,54.6286],[-63.756,54.6283],[-63.7583,54.6332],[-63.7697,54.6354],[-63.7707,54.6369],[-63.7734,54.6375],[-63.7805,54.6367],[-63.8039,54.6473],[-63.8141,54.6486],[-63.815,54.6481],[-63.8148,54.6445],[-63.8126,54.6429],[-63.8153,54.6402],[-63.8147,54.6373],[-63.8205,54.6395],[-63.8319,54.6386],[-63.8268,54.6334],[-63.8264,54.6316],[-63.8287,54.6289],[-63.8371,54.6298],[-63.841,54.6255],[-63.8488,54.6239],[-63.8549,54.6252],[-63.8566,54.6239],[-63.8553,54.6207],[-63.8563,54.62],[-63.8664,54.6233],[-63.869,54.6254],[-63.8744,54.6253],[-63.8791,54.6218],[-63.8763,54.6202],[-63.8768,54.6181],[-63.8754,54.6167],[-63.8676,54.6129],[-63.8763,54.6116],[-63.88,54.6122],[-63.8821,54.6095],[-63.8888,54.6107],[-63.8928,54.6073],[-63.8972,54.6067],[-63.8933,54.6002],[-63.8943,54.5987],[-63.9066,54.6007],[-63.9108,54.6036],[-63.9367,54.6047],[-63.9403,54.6085],[-63.9561,54.6133],[-63.9639,54.6181],[-63.969,54.6179],[-63.9731,54.6156],[-63.9763,54.6086],[-63.9825,54.6081],[-63.9853,54.6053],[-63.9914,54.6038],[-63.9945,54.5984],[-64.0027,54.5989],[-64.0115,54.6029],[-64.0133,54.6014],[-64.0222,54.6065],[-64.0302,54.6075],[-64.0415,54.6042],[-64.0437,54.6008],[-64.0494,54.5996],[-64.0522,54.5973],[-64.055,54.598],[-64.0544,54.5994],[-64.0562,54.6012],[-64.0615,54.6024],[-64.0651,54.6076],[-64.0745,54.6117],[-64.0765,54.6156],[-64.0801,54.6166],[-64.0801,54.6184],[-64.0896,54.6202],[-64.0919,54.6222],[-64.0881,54.624],[-64.0922,54.6251],[-64.0938,54.629],[-64.0988,54.6306],[-64.1112,54.6314],[-64.1155,54.6332],[-64.116,54.6368],[-64.1139,54.6385],[-64.1145,54.641],[-64.1075,54.6421],[-64.1092,54.646],[-64.1075,54.6488],[-64.1093,54.6511],[-64.1131,54.6525],[-64.1082,54.6536],[-64.1083,54.6552],[-64.1136,54.6576],[-64.1226,54.6581],[-64.1191,54.6604],[-64.119,54.6621],[-64.1254,54.6665],[-64.1408,54.6669],[-64.1464,54.6691],[-64.1477,54.6703],[-64.146,54.6727],[-64.1465,54.6744],[-64.1602,54.6777],[-64.1661,54.6812],[-64.1653,54.6837],[-64.1662,54.6861],[-64.1717,54.6884],[-64.1718,54.6923],[-64.1771,54.6913],[-64.1841,54.6925],[-64.1811,54.6967],[-64.1808,54.7028],[-64.1751,54.7041],[-64.173,54.7063],[-64.1731,54.7077],[-64.192,54.7071],[-64.1965,54.7088],[-64.1971,54.713],[-64.1928,54.7138],[-64.1907,54.7161],[-64.1816,54.7169],[-64.1808,54.7177],[-64.1854,54.7228],[-64.1951,54.7254],[-64.2044,54.7257],[-64.2095,54.7208],[-64.2281,54.716],[-64.2361,54.7151],[-64.2432,54.7171],[-64.2388,54.7186],[-64.2401,54.722],[-64.2423,54.7224],[-64.2441,54.7248],[-64.2467,54.7234],[-64.2526,54.7276],[-64.2635,54.7297],[-64.2683,54.7265],[-64.2829,54.7286],[-64.2991,54.7363],[-64.2992,54.7396],[-64.3024,54.7479],[-64.2903,54.7586],[-64.2973,54.7637],[-64.3056,54.7661],[-64.3221,54.767],[-64.3243,54.7681],[-64.3259,54.7738],[-64.3355,54.7743],[-64.3499,54.7781],[-64.384,54.7788],[-64.3879,54.7807],[-64.3906,54.7864],[-64.394,54.7882],[-64.4019,54.7884],[-64.4115,54.7858],[-64.4284,54.7862],[-64.4466,54.7893],[-64.4665,54.7902],[-64.4751,54.7927],[-64.4874,54.7934],[-64.4885,54.7903],[-64.4857,54.7871],[-64.4736,54.7849],[-64.4751,54.7816],[-64.4799,54.7764],[-64.4718,54.7739],[-64.4674,54.77],[-64.4712,54.7688],[-64.487,54.7688],[-64.481,54.7667],[-64.4807,54.7627],[-64.4752,54.7581],[-64.4712,54.749],[-64.4788,54.7462],[-64.5035,54.7456],[-64.5189,54.7527],[-64.5244,54.7587],[-64.5319,54.7608],[-64.5504,54.7627],[-64.5505,54.7583],[-64.5539,54.7548],[-64.5531,54.7519],[-64.5603,54.7497],[-64.5438,54.7426],[-64.5317,54.7408],[-64.5283,54.7341],[-64.5281,54.7295],[-64.5351,54.7243],[-64.55,54.7189],[-64.55,54.7136],[-64.5525,54.7106],[-64.562,54.7118],[-64.57,54.7175],[-64.5892,54.723],[-64.597,54.7272],[-64.6012,54.7318],[-64.6151,54.7267],[-64.6331,54.7263],[-64.6569,54.732],[-64.6694,54.7381],[-64.6732,54.7388],[-64.6765,54.7382],[-64.6786,54.7362],[-64.6781,54.7304],[-64.6805,54.7265],[-64.6966,54.7232],[-64.7306,54.7231],[-64.7332,54.7251],[-64.7327,54.7345],[-64.7356,54.7362],[-64.7392,54.7347],[-64.7426,54.7294],[-64.75,54.7295],[-64.7592,54.726],[-64.7884,54.7312],[-64.7903,54.7344],[-64.7901,54.7433],[-64.7933,54.7477],[-64.797,54.7501],[-64.7959,54.7513],[-64.7985,54.7547],[-64.8029,54.7569],[-64.8034,54.7587],[-64.7808,54.7529],[-64.782,54.7644],[-64.7727,54.7621],[-64.7669,54.7648],[-64.7577,54.7649],[-64.7515,54.7672],[-64.7631,54.7694],[-64.7644,54.7721],[-64.7721,54.7774],[-64.7727,54.7811],[-64.7748,54.7833],[-64.7807,54.787],[-64.7759,54.7891],[-64.7672,54.7893],[-64.7674,54.793],[-64.773,54.7955],[-64.7732,54.7976],[-64.7686,54.7984],[-64.7633,54.7968],[-64.7586,54.801],[-64.754,54.8029],[-64.7557,54.806],[-64.7489,54.8075],[-64.7476,54.809],[-64.7529,54.8129],[-64.7514,54.8152],[-64.7518,54.8173],[-64.76,54.8212],[-64.7593,54.824],[-64.7624,54.8256],[-64.7653,54.8307],[-64.7723,54.8378],[-64.779,54.8416],[-64.7837,54.842],[-64.7907,54.8385],[-64.7882,54.8356],[-64.7897,54.8327],[-64.7989,54.832],[-64.8119,54.8444],[-64.8186,54.8455],[-64.8208,54.8446],[-64.8222,54.8395],[-64.8262,54.8333],[-64.8281,54.8325],[-64.8355,54.8359],[-64.8395,54.8434],[-64.855,54.837],[-64.8665,54.8412],[-64.8678,54.8439],[-64.8652,54.8476],[-64.8566,54.8482],[-64.8568,54.8496],[-64.8629,54.8533],[-64.8629,54.8548],[-64.8565,54.8607],[-64.8552,54.8675],[-64.8454,54.8754],[-64.857,54.8817],[-64.8576,54.8844],[-64.8595,54.8862],[-64.8717,54.8928],[-64.8828,54.8911],[-64.8897,54.8947],[-64.8966,54.8949],[-64.9065,54.9029],[-64.9051,54.9064],[-64.9061,54.908],[-64.9153,54.91],[-64.9157,54.9111],[-64.9132,54.914],[-64.9141,54.9177],[-64.9321,54.9203],[-64.9346,54.9228],[-64.9547,54.9304],[-64.9646,54.9326],[-64.9887,54.9345],[-64.9936,54.933],[-64.9991,54.9275],[-65.0042,54.9262],[-65.0199,54.9297],[-65.0302,54.9353],[-65.0438,54.9455],[-65.0463,54.9538],[-65.058,54.9531],[-65.0666,54.9511],[-65.0747,54.9523],[-65.0741,54.9569],[-65.0776,54.9607],[-65.0775,54.9673],[-65.119,54.9582],[-65.1198,54.9561],[-65.1171,54.9429],[-65.1243,54.9292],[-65.128,54.9249],[-65.1526,54.9259],[-65.1669,54.9309],[-65.1715,54.9309],[-65.1741,54.9295],[-65.1743,54.9267],[-65.169,54.918],[-65.1693,54.9139],[-65.1738,54.9045],[-65.1834,54.8944],[-65.1856,54.8874],[-65.1912,54.8828],[-65.1957,54.8809],[-65.1981,54.8759],[-65.1952,54.8706],[-65.2001,54.8672],[-65.1934,54.8661],[-65.194,54.862],[-65.198,54.8546],[-65.1975,54.851],[-65.1986,54.8491],[-65.26,54.8446],[-65.289,54.8399],[-65.2904,54.836],[-65.2865,54.8223],[-65.2978,54.8126],[-65.3025,54.8124],[-65.3061,54.814],[-65.3117,54.828],[-65.3177,54.8337],[-65.3195,54.8412],[-65.3293,54.8445],[-65.3409,54.8443],[-65.3387,54.835],[-65.3392,54.8298],[-65.3452,54.8276],[-65.3477,54.8201],[-65.3539,54.8174],[-65.374,54.8241],[-65.3884,54.8261],[-65.3905,54.825],[-65.392,54.818],[-65.3951,54.8155],[-65.4093,54.8183],[-65.4156,54.8255],[-65.4131,54.837],[-65.4138,54.8397],[-65.4153,54.8406],[-65.4297,54.8405],[-65.4537,54.8446],[-65.4613,54.8369],[-65.4828,54.8327],[-65.4849,54.8285],[-65.4762,54.811],[-65.471,54.8079],[-65.46,54.7978],[-65.4514,54.7947],[-65.4449,54.7945],[-65.4381,54.7906],[-65.4313,54.7814],[-65.429,54.754],[-65.427,54.7476],[-65.4325,54.7466],[-65.4362,54.7478],[-65.4423,54.7473],[-65.4514,54.7434],[-65.4487,54.7339],[-65.451,54.7321],[-65.4762,54.7269],[-65.4851,54.7313],[-65.4906,54.7318],[-65.4935,54.7349],[-65.4991,54.7352],[-65.5126,54.7341],[-65.5355,54.7278],[-65.5416,54.7273],[-65.5726,54.735],[-65.5932,54.7378],[-65.6046,54.7349],[-65.6068,54.7295],[-65.61,54.7288],[-65.6153,54.731],[-65.6253,54.7395],[-65.6313,54.7501],[-65.6338,54.7522],[-65.6413,54.7501],[-65.6475,54.751],[-65.649,54.7506],[-65.6497,54.7483],[-65.6478,54.7392],[-65.6514,54.7342],[-65.6589,54.7278],[-65.66,54.7191],[-65.6729,54.7128],[-65.6745,54.7105],[-65.675,54.7057],[-65.6795,54.7053],[-65.6888,54.711],[-65.7018,54.713],[-65.7086,54.7186],[-65.713,54.7274],[-65.7134,54.7343],[-65.7156,54.7396],[-65.7245,54.7482],[-65.7353,54.7552],[-65.7359,54.7564],[-65.7333,54.7599],[-65.734,54.762],[-65.7422,54.7644],[-65.7477,54.7714],[-65.7485,54.7752],[-65.7532,54.7783],[-65.7598,54.7862],[-65.7663,54.7877],[-65.7695,54.7916],[-65.7728,54.7932],[-65.7787,54.8013],[-65.7857,54.8035],[-65.794,54.811],[-65.8091,54.817],[-65.8201,54.8237],[-65.8377,54.8316],[-65.8398,54.8365],[-65.8435,54.839],[-65.8462,54.8436],[-65.8507,54.8461],[-65.8551,54.8513],[-65.8554,54.8537],[-65.8529,54.8596],[-65.8401,54.8615],[-65.8429,54.8654],[-65.8434,54.8702],[-65.8348,54.877],[-65.8394,54.8808],[-65.8384,54.8847],[-65.8623,54.8911],[-65.857,54.8948],[-65.8515,54.894],[-65.8541,54.8971],[-65.854,54.9028],[-65.8524,54.904],[-65.8474,54.9043],[-65.8439,54.9084],[-65.8442,54.9157],[-65.8511,54.921],[-65.853,54.9241],[-65.8523,54.9266],[-65.8553,54.9267],[-65.8669,54.9225],[-65.8771,54.9219],[-65.8993,54.9272],[-65.9148,54.9337],[-65.9212,54.9381],[-65.9321,54.939],[-65.9383,54.9344],[-65.9442,54.9332],[-65.9494,54.934],[-65.9587,54.9319],[-65.9638,54.9265],[-65.9672,54.9265],[-65.9747,54.9305],[-65.9816,54.9281],[-65.9914,54.9277],[-65.9972,54.9303],[-66.0044,54.9314],[-66.0075,54.9328],[-66.0094,54.9361],[-66.0269,54.9427],[-66.0335,54.9405],[-66.0455,54.9401],[-66.0486,54.9385],[-66.0477,54.9348],[-66.0417,54.9308],[-66.04,54.9263],[-66.0308,54.919],[-66.0325,54.9171],[-66.0364,54.9167],[-66.0602,54.9287],[-66.0692,54.93],[-66.0707,54.9317],[-66.0709,54.9349],[-66.0745,54.9392],[-66.0941,54.9507],[-66.1005,54.9564],[-66.1111,54.9594],[-66.1182,54.9668],[-66.12,54.9711],[-66.1281,54.9745],[-66.1357,54.9742],[-66.1424,54.9807],[-66.1485,54.982],[-66.1595,54.9885],[-66.1602,54.9847],[-66.1571,54.9769],[-66.1774,54.975],[-66.1802,54.9784],[-66.1866,54.979],[-66.1927,54.9814],[-66.1986,54.9815],[-66.204,54.9781],[-66.2111,54.9786],[-66.2233,54.9857],[-66.2348,54.9895],[-66.2382,54.9757],[-66.2433,54.9718],[-66.2494,54.9767],[-66.251,54.9799],[-66.2499,54.9855],[-66.2513,54.988],[-66.2513,54.9957],[-66.2587,54.997],[-66.2596,55.0001],[-63.5543,55.0001],[-63.5513,54.9964],[-63.5537,54.9941],[-63.5536,54.9918],[-63.5561,54.989],[-63.569,54.9875]]],[[[-63.6344,50.236],[-63.6265,50.2294],[-63.6116,50.23],[-63.6002,50.2288],[-63.5952,50.2277],[-63.5918,50.2245],[-63.5952,50.2217],[-63.601,50.2201],[-63.6057,50.211],[-63.6048,50.207],[-63.6106,50.2074],[-63.6193,50.2108],[-63.6232,50.2081],[-63.6293,50.2083],[-63.634,50.2116],[-63.6485,50.2131],[-63.6587,50.2167],[-63.6556,50.2203],[-63.6483,50.221],[-63.643,50.223],[-63.6446,50.2264],[-63.6518,50.228],[-63.6459,50.2329],[-63.6344,50.236]]],[[[-63.6777,50.2209],[-63.6826,50.2209],[-63.6885,50.2232],[-63.6899,50.2268],[-63.688,50.2306],[-63.6885,50.2354],[-63.685,50.2398],[-63.6792,50.2374],[-63.6748,50.2316],[-63.6727,50.2242],[-63.6777,50.2209]]],[[[-63.683,50.2098],[-63.6877,50.2037],[-63.6921,50.2056],[-63.6927,50.2087],[-63.6902,50.2117],[-63.6847,50.2132],[-63.683,50.2098]]],[[[-63.745,50.2103],[-63.7388,50.2092],[-63.733,50.2116],[-63.7307,50.2086],[-63.7312,50.2017],[-63.7418,50.1985],[-63.7446,50.1955],[-63.7494,50.1976],[-63.7549,50.2034],[-63.7536,50.2066],[-63.7684,50.2198],[-63.7583,50.2207],[-63.757,50.2242],[-63.7575,50.2273],[-63.7517,50.2297],[-63.7454,50.2274],[-63.741,50.2244],[-63.7476,50.2214],[-63.7401,50.2119],[-63.745,50.2103]]],[[[-63.8092,50.2261],[-63.8047,50.2181],[-63.7997,50.2158],[-63.7949,50.2192],[-63.7952,50.2224],[-63.7866,50.2236],[-63.7809,50.2202],[-63.7833,50.217],[-63.7899,50.2128],[-63.7948,50.2114],[-63.8001,50.2121],[-63.8073,50.203],[-63.8122,50.201],[-63.8282,50.1996],[-63.8325,50.2027],[-63.8387,50.2115],[-63.8409,50.2229],[-63.8359,50.2245],[-63.8313,50.2234],[-63.8239,50.2247],[-63.8191,50.224],[-63.8092,50.2261]]],[[[-63.8164,50.2804],[-63.814,50.2757],[-63.8079,50.2754],[-63.8131,50.2688],[-63.8285,50.2655],[-63.833,50.2656],[-63.8375,50.2679],[-63.8377,50.2712],[-63.8326,50.2732],[-63.8297,50.2763],[-63.8236,50.2792],[-63.8164,50.2804]]],[[[-63.8974,50.2449],[-63.8949,50.2417],[-63.8901,50.2428],[-63.8842,50.2416],[-63.8784,50.2383],[-63.8745,50.234],[-63.8682,50.2306],[-63.8693,50.2277],[-63.874,50.2286],[-63.8733,50.2247],[-63.8616,50.224],[-63.8545,50.2176],[-63.852,50.2141],[-63.8516,50.2078],[-63.8497,50.2043],[-63.8505,50.2002],[-63.8543,50.1943],[-63.8599,50.1922],[-63.8592,50.1951],[-63.8644,50.196],[-63.8684,50.1932],[-63.8798,50.1894],[-63.89,50.1879],[-63.8957,50.1933],[-63.9004,50.1941],[-63.91,50.1924],[-63.9134,50.1962],[-63.9122,50.2001],[-63.922,50.2056],[-63.9285,50.2173],[-63.928,50.2254],[-63.9254,50.2331],[-63.9156,50.2386],[-63.9115,50.2442],[-63.9059,50.2458],[-63.8974,50.2449]]],[[[-63.9799,50.2228],[-63.9821,50.2146],[-63.987,50.2161],[-63.9925,50.2134],[-63.9971,50.2145],[-64.0,50.2179],[-64.0,50.2229],[-63.989,50.2294],[-63.9824,50.2261],[-63.9799,50.2228]]],[[[-63.9897,50.2444],[-63.9889,50.2413],[-63.992,50.2371],[-64.0,50.2369],[-64.004,50.2334],[-64.0093,50.2343],[-64.0089,50.2383],[-64.0183,50.2445],[-64.024,50.2437],[-64.0289,50.2408],[-64.0286,50.2438],[-64.0094,50.249],[-64.0,50.2481],[-63.9897,50.2444]]],[[[-64.014,50.2863],[-63.9903,50.2806],[-64.0,50.2783],[-64.0165,50.2822],[-64.0335,50.281],[-64.0306,50.2838],[-64.014,50.2863]]],[[[-64.12,50.2004],[-64.1237,50.197],[-64.1311,50.2033],[-64.1323,50.2093],[-64.1302,50.2124],[-64.1339,50.2157],[-64.1316,50.2236],[-64.1263,50.2252],[-64.1252,50.2219],[-64.1195,50.2179],[-64.118,50.2075],[-64.12,50.2004]]],[[[-66.2879,50.1318],[-66.3027,50.1233],[-66.3081,50.1252],[-66.3086,50.1285],[-66.3054,50.1327],[-66.3065,50.1359],[-66.306,50.1404],[-66.3011,50.1418],[-66.2927,50.1483],[-66.2928,50.157],[-66.2919,50.1581],[-66.2816,50.1556],[-66.2831,50.1527],[-66.282,50.1492],[-66.2778,50.1429],[-66.2731,50.1396],[-66.2762,50.1351],[-66.2879,50.1318]]],[[[-66.2914,50.1618],[-66.302,50.1594],[-66.3086,50.1607],[-66.3119,50.1637],[-66.3116,50.1666],[-66.3054,50.1727],[-66.3005,50.172],[-66.2903,50.1647],[-66.2914,50.1618]]],[[[-66.3512,50.1357],[-66.3455,50.1258],[-66.3626,50.1339],[-66.3662,50.1374],[-66.3654,50.1412],[-66.3577,50.1427],[-66.357,50.1398],[-66.3512,50.1357]]],[[[-66.3561,50.1477],[-66.3611,50.147],[-66.3717,50.1494],[-66.3764,50.1517],[-66.3771,50.1555],[-66.3751,50.1589],[-66.3744,50.1665],[-66.3726,50.1724],[-66.3696,50.1769],[-66.3614,50.176],[-66.3532,50.1583],[-66.3536,50.1549],[-66.3513,50.1518],[-66.3561,50.1477]]],[[[-66.3733,50.0882],[-66.3995,50.0876],[-66.3965,50.0906],[-66.3869,50.0951],[-66.3761,50.0915],[-66.3733,50.0882]]],[[[-66.4022,50.1077],[-66.3825,50.1048],[-66.3832,50.1014],[-66.389,50.0953],[-66.3949,50.0943],[-66.3918,50.0979],[-66.3988,50.0973],[-66.4068,50.1025],[-66.4117,50.1026],[-66.4218,50.1085],[-66.422,50.1119],[-66.4166,50.1128],[-66.4022,50.1077]]],[[[-66.7984,55.3257],[-66.7994,55.3238],[-66.7979,55.3211],[-66.7929,55.3156],[-66.7956,55.3173],[-66.7972,55.3158],[-66.7987,55.3162],[-66.8031,55.3216],[-66.8069,55.3224],[-66.8085,55.322],[-66.8102,55.3184],[-66.815,55.3184],[-66.8283,55.3267],[-66.8297,55.3253],[-66.8291,55.3233],[-66.8231,55.3203],[-66.8255,55.3178],[-66.8166,55.3105],[-66.8169,55.3088],[-66.8214,55.306],[-66.805,55.2917],[-66.7969,55.2874],[-66.7985,55.2846],[-66.7921,55.2789],[-66.7879,55.2763],[-66.7845,55.2759],[-66.7803,55.2721],[-66.7637,55.262],[-66.7498,55.256],[-66.7259,55.2412],[-66.7201,55.2394],[-66.7166,55.2354],[-66.7105,55.2329],[-66.6855,55.213],[-66.6822,55.2083],[-66.6817,55.2049],[-66.6796,55.2032],[-66.6809,55.2012],[-66.6742,55.193],[-66.6716,55.1867],[-66.6739,55.1876],[-66.6767,55.1922],[-66.6782,55.1925],[-66.6789,55.1917],[-66.6771,55.1877],[-66.668,55.1767],[-66.6694,55.1755],[-66.6721,55.1774],[-66.6755,55.1773],[-66.6792,55.1829],[-66.6876,55.1846],[-66.6888,55.1861],[-66.6883,55.189],[-66.7018,55.1966],[-66.7022,55.2003],[-66.7139,55.2057],[-66.7165,55.2081],[-66.7413,55.2113],[-66.7518,55.2108],[-66.7514,55.208],[-66.7461,55.2051],[-66.7464,55.2035],[-66.7494,55.2027],[-66.7464,55.2005],[-66.7464,55.1985],[-66.7404,55.1967],[-66.7311,55.1916],[-66.7415,55.1867],[-66.7555,55.1883],[-66.7578,55.1847],[-66.7513,55.1788],[-66.7504,55.1718],[-66.7541,55.1732],[-66.7555,55.1719],[-66.7507,55.1642],[-66.7523,55.1621],[-66.75,55.1534],[-66.7445,55.1501],[-66.7396,55.1449],[-66.767,55.1478],[-66.7681,55.146],[-66.7715,55.1452],[-66.7689,55.1438],[-66.7734,55.1428],[-66.7735,55.1403],[-66.7714,55.1381],[-66.7625,55.1367],[-66.7621,55.1325],[-66.767,55.1318],[-66.7667,55.1305],[-66.7609,55.1293],[-66.7525,55.1236],[-66.7474,55.1185],[-66.747,55.1146],[-66.7403,55.1069],[-66.7393,55.1031],[-66.7355,55.1013],[-66.7293,55.0941],[-66.7287,55.0918],[-66.7248,55.0914],[-66.7243,55.0878],[-66.7202,55.0857],[-66.7108,55.0769],[-66.6894,55.0624],[-66.69,55.061],[-66.6937,55.0606],[-66.7125,55.0733],[-66.7172,55.0735],[-66.7187,55.0717],[-66.721,55.0724],[-66.7305,55.0799],[-66.7421,55.0859],[-66.7478,55.0913],[-66.7508,55.0905],[-66.7501,55.0863],[-66.7357,55.068],[-66.7283,55.0611],[-66.7309,55.0586],[-66.7277,55.0559],[-66.7258,55.0512],[-66.7252,55.0472],[-66.7271,55.0455],[-66.7265,55.0439],[-66.7182,55.0409],[-66.7178,55.038],[-66.7148,55.0352],[-66.7094,55.0351],[-66.7004,55.0294],[-66.6932,55.0279],[-66.6929,55.0324],[-66.6844,55.0332],[-66.6813,55.0322],[-66.6805,55.0303],[-66.6734,55.0262],[-66.6652,55.0242],[-66.6584,55.0158],[-66.655,55.0083],[-66.6452,55.0021],[-66.6382,54.9948],[-66.6271,54.9889],[-66.6241,54.9838],[-66.6215,54.9826],[-66.6369,54.9824],[-66.6398,54.9786],[-66.6441,54.9768],[-66.6486,54.9775],[-66.657,54.9817],[-66.6633,54.9899],[-66.6698,54.9929],[-66.684,54.9952],[-66.6884,55.0017],[-66.6957,55.0052],[-66.7006,55.0033],[-66.7065,55.0044],[-66.7189,54.9998],[-66.7244,55.0002],[-66.7456,55.0084],[-66.7492,55.0069],[-66.747,55.0027],[-66.7537,54.9971],[-66.745,54.9907],[-66.7323,54.9843],[-66.7338,54.9805],[-66.7298,54.9729],[-66.7312,54.972],[-66.7379,54.9733],[-66.7379,54.9713],[-66.7174,54.9604],[-66.7022,54.9552],[-66.7012,54.9541],[-66.7025,54.9529],[-66.7116,54.9534],[-66.7118,54.9524],[-66.6825,54.9328],[-66.678,54.9283],[-66.6762,54.9238],[-66.673,54.9209],[-66.6849,54.9146],[-66.6807,54.9104],[-66.6799,54.9072],[-66.6865,54.903],[-66.6868,54.9002],[-66.6829,54.896],[-66.6612,54.8888],[-66.6564,54.8812],[-66.6492,54.8769],[-66.649,54.8747],[-66.6539,54.873],[-66.6521,54.8638],[-66.6448,54.8592],[-66.6494,54.8565],[-66.6491,54.8542],[-66.6458,54.8521],[-66.636,54.8515],[-66.6287,54.8486],[-66.6257,54.8448],[-66.6274,54.844],[-66.6304,54.8453],[-66.6305,54.8435],[-66.6237,54.836],[-66.6205,54.8289],[-66.6063,54.8243],[-66.5979,54.8184],[-66.5858,54.8126],[-66.5884,54.8115],[-66.5976,54.8122],[-66.5993,54.8108],[-66.5997,54.8078],[-66.6035,54.8043],[-66.6184,54.8012],[-66.6194,54.7988],[-66.6183,54.7907],[-66.6143,54.786],[-66.619,54.787],[-66.6253,54.7863],[-66.6345,54.7921],[-66.6408,54.7919],[-66.6408,54.788],[-66.6455,54.7835],[-66.6398,54.7804],[-66.6388,54.7781],[-66.6465,54.7776],[-66.6428,54.7724],[-66.6464,54.7708],[-66.6474,54.7673],[-66.6529,54.7663],[-66.6619,54.7675],[-66.6855,54.784],[-66.6973,54.7907],[-66.7248,54.8032],[-66.7302,54.8081],[-66.7455,54.8133],[-66.7484,54.8131],[-66.747,54.81],[-66.7431,54.8072],[-66.7362,54.8056],[-66.7206,54.7949],[-66.7198,54.7905],[-66.7208,54.7882],[-66.7183,54.7853],[-66.7185,54.7837],[-66.7255,54.7837],[-66.7269,54.7827],[-66.7244,54.7785],[-66.725,54.7753],[-66.7237,54.7697],[-66.7209,54.7667],[-66.7172,54.7586],[-66.7149,54.7606],[-66.7128,54.7607],[-66.7081,54.7565],[-66.6994,54.7591],[-66.6947,54.7551],[-66.6883,54.7524],[-66.6917,54.751],[-66.6871,54.7477],[-66.6746,54.7438],[-66.6729,54.7391],[-66.6611,54.7329],[-66.6622,54.7202],[-66.6664,54.7127],[-66.668,54.7123],[-66.6713,54.7131],[-66.688,54.723],[-66.6944,54.7303],[-66.6968,54.7358],[-66.7022,54.7403],[-66.7039,54.7405],[-66.7047,54.7371],[-66.7081,54.7358],[-66.7073,54.7336],[-66.7155,54.7354],[-66.7303,54.7442],[-66.7402,54.7541],[-66.7501,54.7582],[-66.7582,54.7594],[-66.7587,54.758],[-66.7532,54.7536],[-66.7512,54.7501],[-66.75,54.7468],[-66.7523,54.7464],[-66.7721,54.761],[-66.7731,54.7644],[-66.7693,54.7675],[-66.771,54.7696],[-66.7781,54.7722],[-66.7914,54.7702],[-66.8005,54.7779],[-66.8051,54.7783],[-66.8099,54.7817],[-66.8146,54.7826],[-66.819,54.7864],[-66.8288,54.7874],[-66.8345,54.7935],[-66.8436,54.7984],[-66.854,54.8007],[-66.8574,54.8059],[-66.8749,54.8133],[-66.8796,54.8135],[-66.8827,54.8121],[-66.8873,54.8083],[-66.8884,54.8047],[-66.8925,54.8028],[-66.8995,54.8056],[-66.9087,54.8067],[-66.9126,54.8047],[-66.91,54.8013],[-66.9104,54.8],[-66.918,54.7976],[-66.9277,54.7979],[-66.9351,54.7997],[-66.9341,54.8015],[-66.9356,54.8047],[-66.9451,54.8095],[-66.9429,54.8107],[-66.9445,54.8129],[-66.9435,54.8146],[-66.9465,54.8175],[-66.9819,54.8339],[-66.9845,54.8367],[-66.9951,54.8429],[-67.0015,54.8443],[-67.0156,54.8515],[-67.0192,54.8523],[-67.0268,54.8586],[-67.0336,54.8589],[-67.0432,54.8628],[-67.0435,54.8646],[-67.0418,54.8651],[-67.0446,54.8676],[-67.0447,54.8697],[-67.0486,54.8724],[-67.0484,54.8754],[-67.0438,54.8787],[-67.0576,54.8906],[-67.0716,54.8997],[-67.0798,54.9016],[-67.0939,54.9154],[-67.1018,54.9163],[-67.1175,54.9302],[-67.1318,54.9362],[-67.1343,54.9399],[-67.1401,54.9439],[-67.1399,54.9473],[-67.146,54.9505],[-67.1509,54.9499],[-67.161,54.955],[-67.1674,54.9566],[-67.1719,54.9616],[-67.1715,54.9638],[-67.1727,54.9657],[-67.1802,54.969],[-67.1861,54.9752],[-67.197,54.9822],[-67.2043,54.981],[-67.2127,54.9825],[-67.214,54.9839],[-67.213,54.9871],[-67.2201,54.9903],[-67.2241,54.9938],[-67.2241,54.9961],[-67.2178,54.9986],[-67.2246,55.0041],[-67.2335,55.3551],[-66.8144,55.354],[-66.8162,55.3528],[-66.8112,55.3466],[-66.8151,55.3438],[-66.8092,55.3388],[-66.81,55.3361],[-66.8056,55.3359],[-66.8054,55.3349],[-66.8015,55.334],[-66.7996,55.3308],[-66.8017,55.3292],[-66.7984,55.3257]]],[[[-67.0134,49.8367],[-67.011,49.833],[-67.0059,49.8353],[-67.0024,49.831],[-67.0047,49.8278],[-67.0053,49.8243],[-67.0093,49.8277],[-67.0193,49.8303],[-67.0146,49.8326],[-67.0134,49.8367]]]]}},{"type":"Feature","properties":{"CO_CEP":617,"NM_CEP":"Repentigny"},"geometry":{"type":"MultiPolygon","coordinates":[[[[-73.3996,45.7837],[-73.4086,45.7735],[-73.4149,45.7697],[-73.4257,45.7549],[-73.4389,45.7415],[-73.4406,45.7383],[-73.4508,45.7314],[-73.4688,45.7147],[-73.4734,45.7121],[-73.4815,45.7147],[-73.4876,45.7141],[-73.4883,45.7172],[-73.4972,45.7221],[-73.4972,45.7258],[-73.5004,45.7282],[-73.5003,45.7353],[-73.5019,45.7366],[-73.501,45.7381],[-73.4833,45.7294],[-73.479,45.7418],[-73.4621,45.7556],[-73.4523,45.7669],[-73.4497,45.7752],[-73.4504,45.7825],[-73.4427,45.7852],[-73.4389,45.7892],[-73.4263,45.7838],[-73.4162,45.7956],[-73.3996,45.7837]]]]}},{"type":"Feature","properties":{"CO_CEP":137,"NM_CEP":"Richmond"},"geometry":{"type":"MultiPolygon","coordinates":[[[[-72.0142,45.6988],[-72.0016,45.7104],[-71.9907,45.7048],[-71.9788,45.715],[-71.9591,45.7055],[-71.8916,45.6685],[-71.9078,45.6587],[-71.9199,45.6479],[-71.8319,45.6005],[-71.7746,45.6508],[-71.6262,45.5654],[-71.7057,45.4964],[-71.7483,45.5212],[-71.7621,45.5098],[-71.7743,45.4967],[-71.7923,45.4858],[-71.8303,45.4533],[-71.8841,45.4532],[-71.8833,45.4473],[-71.8859,45.4449],[-71.8907,45.4432],[-71.8996,45.4416],[-71.9061,45.4439],[-71.913,45.4442],[-71.9168,45.439],[-71.9225,45.4424],[-71.9439,45.4382],[-71.9569,45.4397],[-71.9666,45.4265],[-71.985,45.4087],[-71.9851,45.385],[-71.9581,45.3844],[-71.9608,45.379],[-71.9592,45.3729],[-71.9642,45.3689],[-71.9655,45.3635],[-71.965,45.3595],[-71.9706,45.3556],[-71.9699,45.3537],[-71.9647,45.3503],[-71.9543,45.349],[-71.9371,45.3499],[-71.9427,45.3385],[-71.9431,45.3358],[-71.9416,45.3341],[-71.9497,45.3337],[-71.9487,45.3078],[-72.0375,45.3085],[-72.0426,45.2999],[-72.1087,45.3015],[-72.1053,45.3848],[-72.1256,45.3866],[-72.1259,45.3811],[-72.1456,45.3822],[-72.1444,45.3972],[-72.1431,45.3972],[-72.1412,45.4086],[-72.1477,45.4283],[-72.148,45.442],[-72.1575,45.4429],[-72.156,45.4473],[-72.1578,45.4499],[-72.1576,45.4538],[-72.1631,45.4552],[-72.1611,45.4562],[-72.1582,45.4554],[-72.159,45.455],[-72.1535,45.4551],[-72.1508,45.4568],[-72.149,45.4603],[-72.1507,45.4627],[-72.1481,45.4639],[-72.1482,45.4669],[-72.1451,45.4693],[-72.1451,45.4715],[-72.1476,45.4699],[-72.1473,45.472],[-72.1487,45.4728],[-72.1401,45.4733],[-72.1389,45.4715],[-72.1361,45.4708],[-72.1333,45.4736],[-72.1392,45.4783],[-72.1404,45.485],[-72.1391,45.4862],[-72.1397,45.4881],[-72.1378,45.4937],[-72.1361,45.4942],[-72.1337,45.4983],[-72.1323,45.4984],[-72.1307,45.4965],[-72.1288,45.4991],[-72.1303,45.5082],[-72.137,45.5102],[-72.1426,45.5141],[-72.1483,45.5087],[-72.1837,45.5302],[-72.2976,45.5894],[-72.2371,45.6463],[-72.3108,45.6885],[-72.2816,45.7107],[-72.2426,45.7448],[-72.2271,45.7562],[-72.2223,45.7536],[-72.2215,45.7491],[-72.2261,45.7428],[-72.2289,45.7413],[-72.2352,45.741],[-72.2359,45.7383],[-72.2328,45.7358],[-72.2249,45.7345],[-72.2212,45.7352],[-72.2153,45.7323],[-72.2157,45.7309],[-72.2127,45.7251],[-72.2232,45.7184],[-72.2239,45.7164],[-72.222,45.7136],[-72.2147,45.7109],[-72.2129,45.7061],[-72.2099,45.7031],[-72.2093,45.6984],[-72.2063,45.6964],[-72.1338,45.7606],[-72.0142,45.6988]]]]}},{"type":"Feature","properties":{"CO_CEP":337,"NM_CEP":"Camille-Laurin"},"geometry":{"type":"MultiPolygon","coordinates":[[[[-73.5068,45.6106],[-73.5101,45.6008],[-73.5074,45.5927],[-73.5038,45.5879],[-73.506,45.5808],[-73.5097,45.5751],[-73.5192,45.5665],[-73.5212,45.5582],[-73.5525,45.5682],[-73.537,45.5932],[-73.5454,45.5956],[-73.5439,45.5981],[-73.5447,45.6019],[-73.5407,45.6007],[-73.5398,45.6018],[-73.5429,45.6032],[-73.5422,45.6042],[-73.5365,45.6026],[-73.5375,45.6052],[-73.5416,45.6069],[-73.5411,45.6095],[-73.5453,45.6107],[-73.5446,45.6122],[-73.5463,45.6127],[-73.5441,45.6151],[-73.5379,45.6139],[-73.5372,45.6158],[-73.5068,45.6106]]]]}},{"type":"Feature","properties":{"CO_CEP":179,"NM_CEP":"Beauharnois"},"geometry":{"type":"MultiPolygon","coordinates":[[[[-73.8116,45.3138],[-73.8143,45.3118],[-73.8125,45.3071],[-73.8172,45.3024],[-73.8203,45.2952],[-73.819,45.2952],[-73.8194,45.2941],[-73.8253,45.2873],[-73.8233,45.2836],[-73.8267,45.278],[-73.8194,45.2773],[-73.8199,45.2735],[-73.8218,45.2744],[-73.8514,45.2293],[-73.8592,45.2351],[-73.8617,45.233],[-73.8666,45.2251],[-73.8566,45.2174],[-73.86,45.2161],[-73.8648,45.2118],[-73.8675,45.2138],[-73.8733,45.2088],[-73.8841,45.2073],[-73.8873,45.2045],[-73.9024,45.203],[-73.9131,45.1917],[-73.9107,45.1898],[-73.9132,45.188],[-73.9166,45.1906],[-73.92,45.1873],[-73.9216,45.1882],[-73.9197,45.1865],[-73.9276,45.1834],[-73.9295,45.1818],[-73.9285,45.1809],[-73.9372,45.175],[-73.9391,45.1704],[-73.9383,45.1698],[-73.95,45.1622],[-73.9728,45.1795],[-74.0242,45.1533],[-74.0264,45.155],[-74.1241,45.1455],[-74.182,45.1956],[-74.1751,45.1961],[-74.1674,45.2008],[-74.1632,45.2016],[-74.1622,45.2056],[-74.1631,45.2105],[-74.1657,45.2138],[-74.1601,45.2142],[-74.1575,45.2173],[-74.1584,45.2217],[-74.1553,45.225],[-74.1355,45.2235],[-74.096,45.2153],[-74.0539,45.2146],[-74.0351,45.2164],[-73.9959,45.2269],[-73.973,45.2408],[-73.9598,45.2502],[-73.9474,45.2613],[-73.9258,45.2879],[-73.9071,45.3022],[-73.9035,45.3073],[-73.9033,45.3161],[-73.8966,45.3154],[-73.8867,45.3166],[-73.8814,45.3191],[-73.8791,45.3172],[-73.8594,45.3195],[-73.854,45.3186],[-73.8511,45.3218],[-73.8519,45.3263],[-73.8424,45.3295],[-73.8327,45.3296],[-73.8116,45.3138]]],[[[-73.8379,45.3392],[-73.8501,45.3306],[-73.8575,45.3326],[-73.8484,45.3394],[-73.8379,45.3392]]],[[[-73.9679,45.3192],[-73.9563,45.3152],[-73.9442,45.3191],[-73.9171,45.3195],[-73.9388,45.2892],[-73.9581,45.2656],[-73.969,45.2564],[-73.9933,45.2399],[-74.0156,45.2379],[-74.0215,45.234],[-74.0217,45.2305],[-74.0388,45.2264],[-74.0543,45.2241],[-74.0743,45.2245],[-74.0825,45.223],[-74.0923,45.2234],[-74.1407,45.2341],[-74.1632,45.2365],[-74.1611,45.2426],[-74.1564,45.2441],[-74.1585,45.2477],[-74.1512,45.2531],[-74.1376,45.2584],[-74.1323,45.2576],[-74.125,45.26],[-74.1088,45.2599],[-74.1032,45.2579],[-74.0986,45.2595],[-74.0916,45.2693],[-74.0833,45.271],[-74.0736,45.2771],[-74.0729,45.2807],[-74.0599,45.2889],[-74.0506,45.2916],[-74.0489,45.2936],[-74.0417,45.2925],[-74.0291,45.3023],[-74.0104,45.3007],[-74.0056,45.3023],[-74.0,45.3021],[-73.9912,45.3044],[-73.9851,45.3087],[-73.9754,45.3118],[-73.9679,45.3192]]],[[[-74.0967,45.3],[-74.0887,45.2941],[-74.0771,45.2911],[-74.0724,45.2919],[-74.0691,45.295],[-74.0649,45.2962],[-74.0617,45.2934],[-74.0571,45.2919],[-74.0681,45.2876],[-74.0759,45.2809],[-74.0757,45.2785],[-74.0867,45.2727],[-74.0938,45.2707],[-74.0995,45.262],[-74.1363,45.2618],[-74.1455,45.2582],[-74.1695,45.2535],[-74.1638,45.2603],[-74.1583,45.2592],[-74.1605,45.2651],[-74.1643,45.2696],[-74.1638,45.2739],[-74.1593,45.2813],[-74.1541,45.2858],[-74.1353,45.2922],[-74.1242,45.2907],[-74.1144,45.2955],[-74.1059,45.2963],[-74.0967,45.3]]],[[[-74.161,45.3405],[-74.1599,45.341],[-74.1494,45.3269],[-74.1319,45.3073],[-74.1443,45.3031],[-74.1493,45.2994],[-74.1547,45.2987],[-74.1601,45.3012],[-74.1659,45.2991],[-74.1739,45.2891],[-74.1884,45.2762],[-74.1922,45.2714],[-74.1931,45.2616],[-74.1993,45.2581],[-74.1978,45.2627],[-74.2126,45.2685],[-74.2166,45.2713],[-74.2354,45.2934],[-74.242,45.2897],[-74.2527,45.2973],[-74.2447,45.307],[-74.2375,45.312],[-74.2319,45.314],[-74.2191,45.3239],[-74.2305,45.332],[-74.2203,45.3395],[-74.2071,45.3303],[-74.2072,45.3323],[-74.1936,45.3377],[-74.1964,45.3411],[-74.1687,45.3522],[-74.161,45.3405]]]]}},{"type":"Feature","properties":{"CO_CEP":667,"NM_CEP":"Chapleau"},"geometry":{"type":"MultiPolygon","coordinates":[[[[-75.6496,45.5111],[-75.5955,45.5097],[-75.6004,45.5075],[-75.6008,45.5032],[-75.5983,45.5025],[-75.5983,45.5013],[-75.6054,45.4995],[-75.6051,45.4983],[-75.602,45.4975],[-75.6022,45.4964],[-75.6072,45.4948],[-75.6037,45.4918],[-75.603,45.4864],[-75.6097,45.4814],[-75.6092,45.4784],[-75.6105,45.4753],[-75.648,45.4768],[-75.6673,45.4746],[-75.6731,45.4731],[-75.6899,45.4565],[-75.6987,45.4555],[-75.7054,45.4584],[-75.7142,45.4571],[-75.7197,45.4582],[-75.7252,45.4635],[-75.7282,45.4715],[-75.735,45.4753],[-75.7339,45.4765],[-75.7342,45.4798],[-75.7269,45.4804],[-75.7195,45.4838],[-75.7203,45.4842],[-75.7178,45.4879],[-75.7183,45.489],[-75.7155,45.4884],[-75.7163,45.4954],[-75.7146,45.4992],[-75.7068,45.5037],[-75.6496,45.5111]]],[[[-75.638,45.4694],[-75.6481,45.4675],[-75.674,45.466],[-75.6671,45.4729],[-75.6616,45.4739],[-75.6492,45.4746],[-75.6276,45.4735],[-75.638,45.4694]]]]}},{"type":"Feature","properties":{"CO_CEP":119,"NM_CEP":"Saint-François"},"geometry":{"type":"MultiPolygon","coordinates":[[[[-71.8841,45.4532],[-71.8216,45.4533],[-71.82,45.4079],[-71.8026,45.4081],[-71.8087,45.3929],[-71.8151,45.3888],[-71.8167,45.3812],[-71.8187,45.3787],[-71.8184,45.3684],[-71.8121,45.3671],[-71.8117,45.3599],[-71.8116,45.3582],[-71.8177,45.3581],[-71.8157,45.3063],[-71.7386,45.3051],[-71.6444,45.3065],[-71.6431,45.2484],[-71.605,45.2482],[-71.6046,45.2381],[-71.4075,45.241],[-71.4085,45.2393],[-71.4119,45.2387],[-71.413,45.2358],[-71.4168,45.2358],[-71.4211,45.2322],[-71.4236,45.2336],[-71.4291,45.234],[-71.4296,45.236],[-71.4342,45.2384],[-71.4397,45.2391],[-71.443,45.238],[-71.4435,45.2348],[-71.4405,45.235],[-71.4383,45.2325],[-71.4264,45.2262],[-71.4264,45.2252],[-71.4208,45.2239],[-71.4174,45.2218],[-71.4154,45.2181],[-71.4031,45.2153],[-71.3989,45.2087],[-71.3974,45.2035],[-71.4002,45.2016],[-71.4,45.2003],[-71.4022,45.2004],[-71.4059,45.1977],[-71.4042,45.195],[-71.4076,45.1912],[-71.4069,45.1899],[-71.41,45.1867],[-71.4144,45.1848],[-71.4157,45.1807],[-71.4141,45.179],[-71.4174,45.1749],[-71.4184,45.1705],[-71.4249,45.1658],[-71.4234,45.1646],[-71.4244,45.1631],[-71.4235,45.1607],[-71.4257,45.1578],[-71.4249,45.1567],[-71.4262,45.156],[-71.4264,45.1527],[-71.4333,45.1483],[-71.4333,45.1453],[-71.4343,45.1456],[-71.4354,45.1419],[-71.4376,45.1419],[-71.4324,45.138],[-71.4261,45.1295],[-71.4266,45.127],[-71.4291,45.1247],[-71.4284,45.1237],[-71.4318,45.1205],[-71.4356,45.1191],[-71.4355,45.1181],[-71.4386,45.1173],[-71.4407,45.1148],[-71.4403,45.1137],[-71.4488,45.1126],[-71.4485,45.1114],[-71.4506,45.1092],[-71.4491,45.1092],[-71.4487,45.1079],[-71.4511,45.1051],[-71.4493,45.1045],[-71.4584,45.0988],[-71.4594,45.0966],[-71.4584,45.0952],[-71.4605,45.0949],[-71.4621,45.0931],[-71.4644,45.0934],[-71.4664,45.0888],[-71.4654,45.0875],[-71.4674,45.0867],[-71.4679,45.0836],[-71.4752,45.0842],[-71.477,45.0829],[-71.4781,45.0843],[-71.4812,45.0829],[-71.48,45.0816],[-71.4826,45.079],[-71.4873,45.0787],[-71.4864,45.0756],[-71.4893,45.0737],[-71.4878,45.0714],[-71.4944,45.0713],[-71.4943,45.0697],[-71.4957,45.0688],[-71.4981,45.0702],[-71.4976,45.0668],[-71.4957,45.0648],[-71.4971,45.0601],[-71.4992,45.0584],[-71.5013,45.0587],[-71.5009,45.0575],[-71.4976,45.0575],[-71.4991,45.0564],[-71.4972,45.0558],[-71.4986,45.054],[-71.5002,45.0541],[-71.4996,45.0525],[-71.5044,45.0524],[-71.5066,45.0476],[-71.5032,45.0481],[-71.5029,45.0471],[-71.5045,45.0461],[-71.4993,45.0447],[-71.4933,45.0458],[-71.4909,45.0426],[-71.4926,45.0339],[-71.4949,45.0329],[-71.4936,45.032],[-71.4963,45.0317],[-71.4978,45.03],[-71.4972,45.0286],[-71.4987,45.0283],[-71.498,45.0266],[-71.4999,45.0268],[-71.4995,45.0246],[-71.4971,45.0236],[-71.5002,45.0235],[-71.5001,45.0201],[-71.4986,45.0202],[-71.5007,45.0198],[-71.4994,45.0183],[-71.5014,45.0175],[-71.4997,45.0154],[-71.5003,45.0137],[-71.7541,45.0113],[-71.914,45.0076],[-71.9457,45.0083],[-72.0406,45.0065],[-72.0407,45.0225],[-72.0748,45.022],[-72.074,45.0225],[-72.0775,45.0227],[-72.0777,45.0326],[-72.0959,45.0334],[-72.0983,45.1609],[-71.9171,45.1601],[-71.9209,45.3],[-71.9194,45.3031],[-71.9203,45.3054],[-71.9136,45.3029],[-71.9096,45.3075],[-71.9054,45.3077],[-71.9037,45.3108],[-71.8991,45.3101],[-71.9001,45.3128],[-71.8924,45.3218],[-71.8846,45.3249],[-71.885,45.3285],[-71.8835,45.3298],[-71.8835,45.3322],[-71.8811,45.3333],[-71.8765,45.3321],[-71.872,45.3353],[-71.8711,45.3404],[-71.8677,45.3434],[-71.8699,45.3463],[-71.8629,45.3505],[-71.8757,45.3507],[-71.8773,45.3803],[-71.8803,45.3805],[-71.8826,45.3858],[-71.8783,45.3855],[-71.8804,45.3875],[-71.881,45.3946],[-71.8855,45.4017],[-71.893,45.4092],[-71.901,45.411],[-71.9168,45.439],[-71.913,45.4442],[-71.9061,45.4439],[-71.8996,45.4416],[-71.8859,45.4449],[-71.8833,45.4473],[-71.8841,45.4532]]]]}},{"type":"Feature","properties":{"CO_CEP":697,"NM_CEP":"Laviolette-Saint-Maurice"},"geometry":{"type":"MultiPolygon","coordinates":[[[[-74.6285,48.9679],[-74.6201,48.971],[-74.6112,48.9685],[-74.6103,48.963],[-74.6077,48.9622],[-74.6066,48.9634],[-74.5979,48.9639],[-74.5924,48.9684],[-74.5963,48.9712],[-74.5949,48.9763],[-74.5891,48.976],[-74.5867,48.9783],[-74.5869,48.9831],[-74.5895,48.9856],[-74.5886,48.9931],[-74.5866,48.9948],[-74.5844,48.9956],[-74.5753,48.9938],[-74.5707,48.9945],[-74.5674,48.9955],[-74.5628,49.0009],[-74.5542,49.0003],[-74.5565,48.9979],[-74.5554,48.9928],[-74.551,48.9911],[-74.5502,48.9893],[-74.5457,48.989],[-74.5481,48.9852],[-74.5444,48.9839],[-74.5417,48.9781],[-74.5327,48.9771],[-74.5334,48.967],[-74.5397,48.9634],[-74.5337,48.9605],[-74.5269,48.959],[-74.5265,48.9561],[-74.5225,48.9546],[-74.5225,48.9532],[-74.5193,48.953],[-74.5184,48.9514],[-74.5223,48.9491],[-74.5235,48.9464],[-74.5199,48.9454],[-74.5193,48.9433],[-74.5147,48.9389],[-74.5147,48.9365],[-74.5093,48.9323],[-74.5042,48.9303],[-74.503,48.9276],[-74.5004,48.9296],[-74.4952,48.9295],[-74.491,48.9333],[-74.4874,48.9325],[-74.4799,48.9377],[-74.4765,48.9439],[-74.4733,48.9466],[-73.9672,48.6251],[-73.8344,48.543],[-73.0177,47.9986],[-72.1236,47.9986],[-71.9962,47.875],[-71.8905,47.7702],[-72.2394,47.5359],[-72.23,47.5308],[-72.2268,47.524],[-72.2229,47.5236],[-72.2178,47.5171],[-72.2144,47.515],[-72.2145,47.5119],[-72.2074,47.5048],[-72.2055,47.5009],[-72.1977,47.5021],[-72.1958,47.5007],[-72.1943,47.4949],[-72.196,47.4924],[-72.199,47.492],[-72.2019,47.4876],[-72.2011,47.4854],[-72.1884,47.4813],[-72.1828,47.4768],[-72.1782,47.478],[-72.1717,47.4766],[-72.1626,47.4685],[-72.161,47.4638],[-72.1673,47.4643],[-72.1713,47.4618],[-72.1726,47.4572],[-72.1715,47.4534],[-72.1694,47.4524],[-72.1686,47.4503],[-72.171,47.4482],[-72.1722,47.4445],[-72.1715,47.4424],[-72.1739,47.4391],[-72.1698,47.4357],[-72.1674,47.4307],[-72.1635,47.4292],[-72.1634,47.4265],[-72.1589,47.4213],[-72.1439,47.4175],[-72.1413,47.4105],[-72.1452,47.4035],[-72.146,47.3993],[-72.1602,47.3919],[-72.1614,47.3865],[-72.1668,47.3846],[-72.1747,47.3788],[-72.1822,47.3708],[-72.1846,47.3659],[-72.2017,47.3601],[-72.2047,47.3535],[-72.2012,47.3461],[-72.2048,47.3415],[-72.2061,47.3362],[-72.2058,47.3293],[-72.2079,47.3253],[-72.2137,47.3185],[-72.2153,47.3142],[-72.2244,47.3073],[-72.2291,47.3002],[-72.2335,47.3],[-72.2358,47.2982],[-72.2357,47.2951],[-72.2392,47.2895],[-72.2842,47.2902],[-72.3176,47.3014],[-72.341,47.2781],[-72.3554,47.2897],[-72.4106,47.291],[-72.412,47.3453],[-72.4595,47.3698],[-72.4593,47.3858],[-72.4856,47.3678],[-72.4707,47.3316],[-72.5034,47.3119],[-72.5104,47.2681],[-72.5386,47.2189],[-72.5408,47.1907],[-72.5147,47.144],[-72.46,47.1431],[-72.42,47.116],[-72.4138,47.1195],[-72.3949,47.1178],[-72.3789,47.0965],[-72.4359,47.0575],[-72.437,47.0582],[-72.4596,47.0437],[-72.5601,46.9709],[-72.5156,46.945],[-72.5456,46.9238],[-72.5436,46.9225],[-72.5651,46.9083],[-72.6127,46.9405],[-72.7153,46.867],[-72.5881,46.7827],[-72.6405,46.744],[-72.6316,46.7379],[-72.6643,46.7157],[-72.6736,46.722],[-72.6742,46.72],[-72.6711,46.7173],[-72.6739,46.7155],[-72.6716,46.7139],[-72.6825,46.7065],[-72.6429,46.6792],[-72.6556,46.6706],[-72.5831,46.624],[-72.6141,46.602],[-72.5686,46.5718],[-72.536,46.5472],[-72.5943,46.5058],[-72.6045,46.5057],[-72.6188,46.4959],[-72.5888,46.4745],[-72.6671,46.4205],[-72.6791,46.4108],[-72.6868,46.4202],[-72.7049,46.4242],[-72.7185,46.4286],[-72.7238,46.4314],[-72.7279,46.4376],[-72.7354,46.4432],[-72.7412,46.4497],[-72.7607,46.4607],[-72.7683,46.4674],[-72.7699,46.4725],[-72.7756,46.4816],[-72.7734,46.4929],[-72.7747,46.5067],[-72.7711,46.517],[-72.7711,46.5208],[-72.7745,46.525],[-72.7737,46.534],[-72.771,46.5359],[-72.7789,46.5415],[-72.7772,46.546],[-72.7662,46.5462],[-72.832,46.5927],[-72.8706,46.6219],[-72.8515,46.6338],[-72.8967,46.665],[-72.8936,46.6671],[-72.8857,46.6618],[-72.8691,46.6636],[-72.8653,46.661],[-72.8597,46.6643],[-72.8748,46.6753],[-72.8781,46.6733],[-72.909,46.724],[-72.927,46.7337],[-72.9938,46.7456],[-73.0115,46.7363],[-72.9843,46.6775],[-72.9861,46.667],[-72.9994,46.6489],[-73.032,46.6531],[-73.0641,46.7067],[-73.107,46.7042],[-73.1789,46.7508],[-73.1693,46.7645],[-73.1437,46.7706],[-73.1323,46.7867],[-73.1323,46.8346],[-73.1375,46.8355],[-73.1421,46.8394],[-73.151,46.8406],[-73.1556,46.8453],[-73.1619,46.8464],[-73.1703,46.8471],[-73.1765,46.8461],[-73.1835,46.8406],[-73.1886,46.8398],[-73.1966,46.8403],[-73.207,46.8441],[-73.2116,46.849],[-73.2186,46.853],[-73.2231,46.8523],[-73.2264,46.8544],[-73.2249,46.8612],[-73.2276,46.8642],[-73.2325,46.8663],[-73.2482,46.8671],[-73.2473,46.8735],[-73.2437,46.8765],[-73.2418,46.8805],[-73.2443,46.8833],[-73.2563,46.8849],[-73.2666,46.8897],[-73.2741,46.8873],[-73.2769,46.8846],[-73.2758,46.881],[-73.2883,46.8824],[-73.2919,46.8809],[-73.2911,46.8805],[-73.2927,46.8798],[-73.2923,46.8788],[-73.2985,46.8769],[-73.3024,46.872],[-73.3071,46.8702],[-73.3235,46.8764],[-73.3264,46.8806],[-73.3273,46.8812],[-73.3266,46.8805],[-73.3308,46.8814],[-73.3376,46.8805],[-73.3405,46.8818],[-73.3448,46.881],[-73.36,46.8859],[-73.364,46.8892],[-73.3724,46.8867],[-73.3815,46.89],[-73.3841,46.8887],[-73.3843,46.8874],[-73.3831,46.8867],[-73.3838,46.8854],[-73.3869,46.8841],[-73.4035,46.8839],[-73.4117,46.8804],[-73.4179,46.8834],[-73.4212,46.8903],[-73.4246,46.8928],[-73.4422,46.8963],[-73.4599,46.9086],[-73.4798,46.9066],[-73.4951,46.9124],[-73.5008,46.9096],[-73.4995,46.9075],[-73.4979,46.9075],[-73.499,46.9069],[-73.4976,46.9033],[-73.4986,46.9005],[-73.5008,46.8991],[-73.5143,46.8971],[-73.5155,46.8928],[-73.5205,46.8906],[-73.5191,46.8906],[-73.5196,46.8892],[-73.5286,46.8807],[-73.5275,46.875],[-73.5304,46.8702],[-73.5283,46.8657],[-73.5247,46.8639],[-73.5259,46.8625],[-73.5297,46.8622],[-73.5335,46.8656],[-73.5413,46.8661],[-73.5467,46.8679],[-73.5567,46.876],[-73.5555,46.8796],[-73.5582,46.8822],[-73.564,46.8834],[-73.5712,46.8791],[-73.5703,46.8736],[-73.573,46.8704],[-73.5784,46.8702],[-73.5865,46.873],[-73.5922,46.8727],[-73.5957,46.8739],[-73.6022,46.8725],[-73.6062,46.8639],[-73.6064,46.8594],[-73.6083,46.8579],[-73.6184,46.8584],[-73.6215,46.8609],[-73.6226,46.8638],[-73.6281,46.8661],[-73.6466,46.8635],[-73.6489,46.8657],[-73.653,46.8645],[-73.6552,46.8662],[-73.6599,46.8604],[-73.6599,46.8654],[-73.661,46.8665],[-73.6651,46.8659],[-73.6654,46.8639],[-73.6682,46.8685],[-73.6694,46.8684],[-73.6691,46.8696],[-73.6735,46.8722],[-73.6738,46.8773],[-73.6698,46.8825],[-73.6643,46.884],[-73.6627,46.8826],[-73.6629,46.8847],[-73.666,46.8854],[-73.6663,46.8878],[-73.6678,46.8868],[-73.6694,46.8881],[-73.6673,46.8889],[-73.668,46.89],[-73.6587,46.8913],[-73.661,46.8965],[-73.6642,46.9284],[-73.6501,46.9381],[-73.6461,46.9351],[-73.6459,46.9374],[-73.7535,47.0622],[-73.7532,47.0641],[-73.7548,47.0666],[-73.8532,47.1511],[-73.8622,47.143],[-73.8607,47.1426],[-73.8612,47.1411],[-73.8632,47.1406],[-73.8637,47.1416],[-73.9106,47.0991],[-73.9146,47.1001],[-74.0286,47.1778],[-74.0056,47.3159],[-74.0029,47.3156],[-74.0047,47.3141],[-74.0028,47.3147],[-73.9974,47.3214],[-73.9978,47.3226],[-73.9953,47.3232],[-73.997,47.3264],[-73.9952,47.3262],[-73.996,47.3269],[-73.9937,47.3302],[-73.9956,47.3316],[-73.9931,47.3329],[-73.9958,47.3332],[-73.9931,47.338],[-73.9947,47.3408],[-73.999,47.3428],[-73.999,47.3457],[-73.9959,47.3472],[-73.9964,47.3506],[-73.9943,47.3522],[-73.9944,47.3538],[-73.99,47.3537],[-73.9884,47.352],[-73.9896,47.3542],[-73.9873,47.3562],[-73.9853,47.3556],[-73.9879,47.3574],[-73.9848,47.3594],[-73.9851,47.3606],[-73.9792,47.3617],[-73.9779,47.3634],[-73.9802,47.3636],[-73.9749,47.3649],[-73.9718,47.3715],[-73.9675,47.3746],[-73.9692,47.3759],[-73.9681,47.3777],[-73.958,47.3798],[-73.9632,47.3836],[-73.9574,47.3882],[-74.5115,47.7629],[-75.5211,47.7628],[-75.5206,49.0001],[-74.6763,49.0001],[-74.6285,48.9679]]]]}},{"type":"Feature","properties":{"CO_CEP":709,"NM_CEP":"Louis-Hébert"},"geometry":{"type":"MultiPolygon","coordinates":[[[[-71.4195,46.8285],[-71.4165,46.8264],[-71.415,46.8277],[-71.4128,46.8261],[-71.4104,46.8268],[-71.3497,46.7853],[-71.342,46.7835],[-71.3333,46.7788],[-71.3397,46.7729],[-71.3098,46.7514],[-71.2964,46.7497],[-71.2959,46.748],[-71.3058,46.7502],[-71.311,46.749],[-71.3214,46.7493],[-71.3375,46.7465],[-71.3427,46.747],[-71.3475,46.7457],[-71.3548,46.7388],[-71.3686,46.7342],[-71.3791,46.7348],[-71.3926,46.7329],[-71.4091,46.7356],[-71.4255,46.7339],[-71.4479,46.7277],[-71.4842,46.7236],[-71.4959,46.7214],[-71.5006,46.7191],[-71.5229,46.7153],[-71.6067,46.7762],[-71.502,46.7925],[-71.5129,46.8],[-71.4407,46.8132],[-71.4195,46.8285]]]]}},{"type":"Feature","properties":{"CO_CEP":767,"NM_CEP":"Charlesbourg"},"geometry":{"type":"MultiPolygon","coordinates":[[[[-71.2223,46.8735],[-71.2232,46.8731],[-71.2219,46.8717],[-71.2324,46.8674],[-71.2412,46.874],[-71.2515,46.8695],[-71.2483,46.8679],[-71.2329,46.8509],[-71.2397,46.848],[-71.2378,46.8461],[-71.2626,46.8354],[-71.2707,46.8441],[-71.2794,46.8508],[-71.313,46.8864],[-71.3111,46.8872],[-71.316,46.8948],[-71.3046,46.8995],[-71.307,46.9017],[-71.2632,46.9178],[-71.2223,46.8735]]]]}},{"type":"Feature","properties":{"CO_CEP":257,"NM_CEP":"Marquette"},"geometry":{"type":"MultiPolygon","coordinates":[[[[-73.7661,45.4866],[-73.7742,45.4818],[-73.7662,45.4768],[-73.7684,45.475],[-73.7628,45.4682],[-73.7508,45.4606],[-73.7225,45.4828],[-73.6949,45.4646],[-73.6933,45.4703],[-73.6813,45.4622],[-73.6872,45.4554],[-73.6775,45.4527],[-73.6718,45.4527],[-73.6682,45.4565],[-73.6448,45.4476],[-73.6431,45.4483],[-73.6388,45.4467],[-73.632,45.4495],[-73.6291,45.4484],[-73.6659,45.4321],[-73.666,45.4285],[-73.6692,45.4303],[-73.6874,45.4332],[-73.6915,45.4322],[-73.7222,45.4384],[-73.7305,45.4366],[-73.7449,45.4381],[-73.7497,45.4361],[-73.7558,45.4362],[-73.7589,45.439],[-73.7633,45.4399],[-73.7741,45.4394],[-73.7784,45.4444],[-73.7823,45.4545],[-73.78,45.4549],[-73.7846,45.4651],[-73.7803,45.4672],[-73.7946,45.4818],[-73.7684,45.4944],[-73.7644,45.4904],[-73.767,45.4892],[-73.7661,45.4866]]]]}},{"type":"Feature","properties":{"CO_CEP":627,"NM_CEP":"Berthier"},"geometry":{"type":"MultiPolygon","coordinates":[[[[-72.9786,46.1199],[-72.9876,46.1158],[-72.9961,46.1162],[-72.9966,46.1199],[-72.9914,46.1233],[-72.9838,46.1252],[-72.9765,46.1236],[-72.9786,46.1199]]],[[[-74.5115,47.7629],[-73.9574,47.3882],[-73.9632,47.3836],[-73.958,47.3798],[-73.9681,47.3777],[-73.9692,47.3759],[-73.9675,47.3746],[-73.9718,47.3715],[-73.9749,47.3649],[-73.9802,47.3636],[-73.9779,47.3634],[-73.9792,47.3617],[-73.9851,47.3606],[-73.9848,47.3594],[-73.9879,47.3574],[-73.9853,47.3556],[-73.9873,47.3562],[-73.9896,47.3542],[-73.9884,47.352],[-73.99,47.3537],[-73.9944,47.3538],[-73.9943,47.3522],[-73.9964,47.3506],[-73.9959,47.3472],[-73.999,47.3457],[-73.999,47.3428],[-73.9947,47.3408],[-73.9931,47.338],[-73.9958,47.3332],[-73.9931,47.3329],[-73.9956,47.3316],[-73.9937,47.3302],[-73.996,47.3269],[-73.9952,47.3262],[-73.997,47.3264],[-73.9953,47.3232],[-73.9978,47.3226],[-73.9974,47.3214],[-74.0028,47.3147],[-74.0047,47.3141],[-74.0029,47.3156],[-74.0056,47.3159],[-74.0286,47.1778],[-73.9146,47.1001],[-73.9106,47.0991],[-73.8637,47.1416],[-73.8632,47.1406],[-73.8612,47.1411],[-73.8607,47.1426],[-73.8622,47.143],[-73.8532,47.1511],[-73.7548,47.0666],[-73.7532,47.0641],[-73.7535,47.0622],[-73.6459,46.9374],[-73.6461,46.9351],[-73.6501,46.9381],[-73.6642,46.9284],[-73.661,46.8965],[-73.6587,46.8913],[-73.668,46.89],[-73.6673,46.8889],[-73.6694,46.8881],[-73.6678,46.8868],[-73.6663,46.8878],[-73.666,46.8854],[-73.6629,46.8847],[-73.6627,46.8826],[-73.6643,46.884],[-73.6698,46.8825],[-73.6738,46.8773],[-73.6735,46.8722],[-73.6691,46.8696],[-73.6694,46.8684],[-73.6682,46.8685],[-73.6654,46.8639],[-73.6651,46.8659],[-73.661,46.8665],[-73.6599,46.8654],[-73.6599,46.8604],[-73.6552,46.8662],[-73.653,46.8645],[-73.6489,46.8657],[-73.6466,46.8635],[-73.6281,46.8661],[-73.6226,46.8638],[-73.6215,46.8609],[-73.6184,46.8584],[-73.6083,46.8579],[-73.6064,46.8594],[-73.6062,46.8639],[-73.6022,46.8725],[-73.5957,46.8739],[-73.5922,46.8727],[-73.5865,46.873],[-73.5784,46.8702],[-73.573,46.8704],[-73.5703,46.8736],[-73.5712,46.8791],[-73.564,46.8834],[-73.5582,46.8822],[-73.5555,46.8796],[-73.5567,46.876],[-73.5467,46.8679],[-73.5413,46.8661],[-73.5335,46.8656],[-73.5297,46.8622],[-73.5259,46.8625],[-73.5247,46.8639],[-73.5283,46.8657],[-73.5304,46.8702],[-73.5275,46.875],[-73.5286,46.8807],[-73.5196,46.8892],[-73.5191,46.8906],[-73.5205,46.8906],[-73.5155,46.8928],[-73.5143,46.8971],[-73.5008,46.8991],[-73.4986,46.9005],[-73.4976,46.9033],[-73.499,46.9069],[-73.4979,46.9075],[-73.4995,46.9075],[-73.5008,46.9096],[-73.4951,46.9124],[-73.4798,46.9066],[-73.4599,46.9086],[-73.4422,46.8963],[-73.4246,46.8928],[-73.4212,46.8903],[-73.4202,46.8883],[-73.4415,46.8437],[-73.4363,46.8292],[-73.4569,46.7863],[-73.4477,46.7664],[-73.4501,46.7511],[-73.467,46.7095],[-73.442,46.6687],[-73.4444,46.6512],[-73.4468,46.6123],[-73.446,46.5963],[-73.4022,46.5988],[-73.3618,46.6162],[-73.3365,46.6013],[-73.3122,46.5737],[-73.307,46.5552],[-73.2981,46.5447],[-73.283,46.5333],[-73.3331,46.4987],[-73.2509,46.4411],[-73.2225,46.4229],[-73.1673,46.383],[-73.1746,46.3783],[-73.1691,46.3744],[-73.1809,46.3661],[-73.1878,46.3704],[-73.2039,46.3591],[-73.1921,46.3503],[-73.2037,46.342],[-73.1761,46.3235],[-73.1786,46.3218],[-73.1799,46.3228],[-73.1836,46.3217],[-73.1832,46.3232],[-73.1849,46.3236],[-73.197,46.3212],[-73.198,46.3225],[-73.2018,46.3217],[-73.2007,46.3235],[-73.2026,46.3248],[-73.2062,46.3219],[-73.2138,46.3251],[-73.2187,46.3235],[-73.2281,46.3171],[-73.1957,46.2942],[-73.2164,46.2793],[-73.0986,46.2012],[-73.0367,46.1566],[-73.019,46.1603],[-73.0077,46.1651],[-72.9971,46.1648],[-72.9997,46.1611],[-73.0198,46.1489],[-73.0352,46.147],[-73.0348,46.142],[-73.0288,46.1416],[-73.0154,46.1463],[-72.9918,46.1607],[-72.9813,46.1641],[-72.9844,46.1601],[-72.9859,46.1553],[-72.9928,46.1471],[-72.9953,46.1402],[-73.0177,46.135],[-72.9913,46.1364],[-72.9928,46.1321],[-72.9798,46.1349],[-72.9832,46.1303],[-73.0279,46.1117],[-73.0391,46.1113],[-73.0358,46.1163],[-73.0411,46.1212],[-73.0468,46.1102],[-73.0581,46.1001],[-73.064,46.093],[-73.0699,46.0919],[-73.0745,46.0952],[-73.082,46.084],[-73.0923,46.0777],[-73.0988,46.0714],[-73.1178,46.0622],[-73.1252,46.0597],[-73.1546,46.0546],[-73.1529,46.0596],[-73.1502,46.0621],[-73.156,46.0624],[-73.1574,46.0671],[-73.1623,46.0648],[-73.1652,46.0584],[-73.1726,46.0497],[-73.1789,46.0486],[-73.1794,46.0375],[-73.185,46.0121],[-73.1903,45.9923],[-73.1965,45.979],[-73.2025,45.9715],[-73.2226,45.9533],[-73.2323,45.9392],[-73.238,45.9344],[-73.2429,45.9277],[-73.2586,45.9037],[-73.3286,45.953],[-73.3288,45.9553],[-73.3333,45.9605],[-73.332,45.9638],[-73.3286,45.9657],[-73.3287,45.9672],[-73.3158,45.9762],[-73.312,45.9753],[-73.3222,45.9825],[-73.3156,45.9837],[-73.3116,45.9866],[-73.3106,45.9874],[-73.3113,45.9879],[-73.3036,45.9937],[-73.2958,46.0041],[-73.2844,46.014],[-73.2813,46.0132],[-73.2741,46.0269],[-73.2699,46.0257],[-73.2697,46.0332],[-73.2675,46.0329],[-73.264,46.04],[-73.2595,46.0444],[-73.2492,46.0455],[-73.2499,46.0466],[-73.2487,46.047],[-73.2476,46.0508],[-73.2444,46.0529],[-73.2338,46.0551],[-73.2576,46.072],[-73.2617,46.0725],[-73.2631,46.0717],[-73.262,46.0713],[-73.2629,46.0703],[-73.2829,46.0754],[-73.2828,46.0737],[-73.2873,46.0749],[-73.2874,46.0732],[-73.2919,46.0761],[-73.2922,46.0653],[-73.2937,46.0661],[-73.2937,46.0646],[-73.2967,46.0646],[-73.2966,46.0622],[-73.2989,46.0622],[-73.299,46.0647],[-73.3013,46.0647],[-73.3012,46.063],[-73.3036,46.0631],[-73.3037,46.0685],[-73.3055,46.0685],[-73.3055,46.0662],[-73.3085,46.0661],[-73.3084,46.0627],[-73.3118,46.0609],[-73.3119,46.0768],[-73.3153,46.0768],[-73.3153,46.0662],[-73.3172,46.0662],[-73.3173,46.0675],[-73.3218,46.0675],[-73.3219,46.0554],[-73.3238,46.0569],[-73.3301,46.0573],[-73.3304,46.0583],[-73.341,46.0589],[-73.3413,46.0602],[-73.343,46.0598],[-73.3437,46.0571],[-73.3481,46.0562],[-73.3643,46.0574],[-73.3651,46.0586],[-73.3739,46.06],[-73.3743,46.0612],[-73.3787,46.0613],[-73.3818,46.0638],[-73.3948,46.0683],[-73.3969,46.0677],[-73.4009,46.0689],[-73.4038,46.0679],[-73.4089,46.0699],[-73.4121,46.0693],[-73.4119,46.0833],[-73.4028,46.0837],[-73.4022,46.0818],[-73.3996,46.0819],[-73.3972,46.0791],[-73.3968,46.1004],[-73.4025,46.1045],[-73.3999,46.1065],[-73.4019,46.1082],[-73.4018,46.1145],[-73.4039,46.1177],[-73.4075,46.1201],[-73.4181,46.1201],[-73.4181,46.1151],[-73.4686,46.1149],[-73.4674,46.1165],[-73.4664,46.1243],[-73.4601,46.1297],[-73.4534,46.1296],[-73.4489,46.1333],[-73.4457,46.134],[-73.4432,46.1314],[-73.4464,46.1284],[-73.4458,46.1255],[-73.4398,46.1264],[-73.4355,46.1252],[-73.4344,46.1263],[-73.435,46.1311],[-73.445,46.1411],[-73.4498,46.1374],[-73.4563,46.1389],[-73.4587,46.1413],[-73.4592,46.1455],[-73.4622,46.1448],[-73.4643,46.1483],[-73.474,46.1461],[-73.4649,46.1422],[-73.4638,46.1391],[-73.466,46.1374],[-73.476,46.1374],[-73.4819,46.1411],[-73.4864,46.1412],[-73.4869,46.1433],[-73.4888,46.1439],[-73.4886,46.1462],[-73.4911,46.1476],[-73.4936,46.1526],[-73.4923,46.1543],[-73.4845,46.1573],[-73.4824,46.1614],[-73.4843,46.165],[-73.4878,46.1637],[-73.4896,46.1645],[-73.4903,46.1676],[-73.4888,46.1684],[-73.4795,46.1678],[-73.482,46.1704],[-73.4805,46.1727],[-73.4806,46.1791],[-73.4822,46.1803],[-73.484,46.1794],[-73.4847,46.1772],[-73.4887,46.1776],[-73.4925,46.1801],[-73.4994,46.182],[-73.5013,46.1839],[-73.5203,46.1885],[-73.526,46.1909],[-73.5213,46.1929],[-73.5235,46.1946],[-73.5276,46.1932],[-73.5338,46.1954],[-73.5481,46.1946],[-73.5536,46.2006],[-73.5555,46.2001],[-73.5601,46.2054],[-73.5623,46.2058],[-73.5672,46.2042],[-73.5643,46.2022],[-73.5849,46.1889],[-73.5646,46.1732],[-73.5999,46.1502],[-73.5669,46.1255],[-73.6379,46.0789],[-73.7083,46.1257],[-73.7191,46.1357],[-73.8027,46.193],[-73.8848,46.2464],[-73.9585,46.297],[-74.1108,46.3932],[-74.1982,46.4524],[-74.26,46.4915],[-74.3653,46.5632],[-74.4163,46.6024],[-74.4446,46.6208],[-74.45,46.6167],[-74.4495,46.6094],[-74.4518,46.6072],[-74.4563,46.6072],[-74.4677,46.6106],[-74.4808,46.6065],[-74.4893,46.595],[-74.4951,46.5907],[-74.4975,46.5914],[-74.5003,46.5948],[-74.5005,46.6],[-74.4988,46.6039],[-74.4982,46.6114],[-74.4987,46.6177],[-74.4967,46.6245],[-74.4969,46.6359],[-74.5009,46.6363],[-74.5021,46.6376],[-74.5012,46.6393],[-74.5061,46.6406],[-74.5087,46.6432],[-74.509,46.6466],[-74.5052,46.6523],[-74.5026,46.6525],[-74.5011,46.655],[-74.5096,46.6651],[-74.5115,46.674],[-74.5145,46.6792],[-74.5131,46.6816],[-74.5029,46.6851],[-74.4975,46.6977],[-74.4987,46.6999],[-74.5011,46.7005],[-74.5016,46.7049],[-74.4906,46.7104],[-74.4881,46.7147],[-74.4891,46.7165],[-74.4958,46.7164],[-74.4991,46.7186],[-74.4952,46.7252],[-74.4879,46.7269],[-74.4876,46.7315],[-74.49,46.7343],[-74.501,46.7337],[-74.5012,46.7349],[-74.497,46.7398],[-74.4986,46.7442],[-74.4973,46.753],[-74.5001,46.7572],[-74.5,46.7598],[-74.4924,46.76],[-74.4835,46.7682],[-74.4851,46.7752],[-74.4821,46.7836],[-74.4836,46.7902],[-74.4805,46.7889],[-74.4717,46.7898],[-74.4715,46.7979],[-74.4764,46.8097],[-74.4753,46.8142],[-74.4769,46.8204],[-74.4759,46.8275],[-74.479,46.8337],[-74.4842,46.8386],[-74.4838,46.8494],[-74.4824,46.8526],[-74.4844,46.8581],[-74.4847,46.867],[-74.4807,46.8724],[-74.4786,46.8732],[-74.4753,46.8691],[-74.4749,46.8663],[-74.4699,46.8651],[-74.4675,46.8659],[-74.4657,46.8699],[-74.4617,46.8713],[-74.4563,46.8781],[-74.4531,46.8792],[-74.4565,46.8846],[-74.4382,46.8951],[-74.4274,46.8966],[-74.5747,46.9975],[-74.5288,47.0272],[-74.4841,47.0531],[-74.4152,47.1007],[-74.466,47.1357],[-74.4345,47.1575],[-74.4897,47.2246],[-74.6541,47.2339],[-74.6541,47.2395],[-74.6555,47.241],[-74.6541,47.2413],[-74.6558,47.2416],[-74.6554,47.2429],[-74.657,47.244],[-74.6497,47.2514],[-74.6466,47.2531],[-74.6426,47.2513],[-74.6375,47.2519],[-74.6358,47.2492],[-74.6307,47.2481],[-74.6264,47.2492],[-74.6247,47.2517],[-74.6219,47.252],[-74.6201,47.2501],[-74.6182,47.2509],[-74.6169,47.257],[-74.6139,47.261],[-74.6139,47.2639],[-74.6156,47.2652],[-74.6139,47.2691],[-74.6122,47.27],[-74.6132,47.2709],[-74.6099,47.2735],[-74.6095,47.2758],[-74.6067,47.2773],[-74.6081,47.2787],[-74.6075,47.28],[-74.6058,47.2795],[-74.6064,47.2812],[-74.6042,47.2819],[-74.606,47.2831],[-74.6049,47.2872],[-74.6015,47.2885],[-74.5998,47.2872],[-74.5966,47.2889],[-74.5922,47.289],[-74.5862,47.296],[-74.586,47.2986],[-74.5894,47.2979],[-74.5884,47.305],[-74.5897,47.3117],[-74.587,47.3165],[-74.5842,47.3127],[-74.5839,47.3028],[-74.5811,47.3023],[-74.5755,47.3053],[-74.5735,47.3122],[-74.5705,47.3137],[-74.5621,47.3249],[-74.5611,47.328],[-74.5588,47.3295],[-74.5558,47.3294],[-74.5537,47.3288],[-74.5543,47.3266],[-74.5587,47.3264],[-74.5592,47.3251],[-74.5531,47.3213],[-74.5427,47.3192],[-74.5425,47.3134],[-74.5451,47.3126],[-74.5421,47.3134],[-74.5425,47.3158],[-74.5413,47.3161],[-74.5396,47.3215],[-74.5414,47.3198],[-74.5487,47.321],[-74.5482,47.3225],[-74.5497,47.3228],[-74.5498,47.3219],[-74.5505,47.3235],[-74.5524,47.3241],[-74.5516,47.329],[-74.547,47.3347],[-74.5484,47.3358],[-74.5445,47.3371],[-74.5452,47.3395],[-74.5441,47.3376],[-74.543,47.3393],[-74.5404,47.3448],[-74.5412,47.346],[-74.5387,47.3477],[-74.5337,47.3571],[-74.5315,47.3578],[-74.5305,47.36],[-74.5308,47.3586],[-74.5294,47.359],[-74.529,47.3733],[-74.5257,47.3766],[-74.5254,47.3808],[-74.5228,47.3818],[-74.5238,47.385],[-74.5221,47.3902],[-74.5193,47.3926],[-74.5186,47.3967],[-74.5158,47.3989],[-74.5137,47.4063],[-74.4965,47.4258],[-74.4905,47.4265],[-74.4787,47.4355],[-74.4778,47.4386],[-74.4739,47.4393],[-74.4702,47.4444],[-74.4653,47.4465],[-74.4638,47.4499],[-74.4637,47.4487],[-74.4618,47.4488],[-74.4618,47.4509],[-74.4568,47.4559],[-74.4522,47.4635],[-74.4456,47.4672],[-74.4412,47.4741],[-74.443,47.4754],[-74.4447,47.4749],[-74.4463,47.479],[-74.4441,47.4828],[-74.4399,47.4866],[-74.4389,47.4893],[-74.4348,47.4928],[-74.432,47.498],[-74.429,47.5001],[-74.4259,47.5047],[-74.4263,47.506],[-74.4353,47.5083],[-74.438,47.5063],[-74.44,47.5083],[-74.4455,47.5093],[-74.4406,47.511],[-74.4416,47.5146],[-74.433,47.5147],[-74.4325,47.5165],[-74.4357,47.5172],[-74.4354,47.5185],[-74.4367,47.5192],[-74.4395,47.5168],[-74.4435,47.5169],[-74.445,47.5157],[-74.4446,47.5132],[-74.4463,47.5109],[-74.4453,47.5099],[-74.453,47.5058],[-74.4547,47.5025],[-74.4568,47.5015],[-74.4719,47.5092],[-74.4764,47.5061],[-74.4795,47.5061],[-74.4827,47.5095],[-74.4861,47.5093],[-74.4872,47.5116],[-74.486,47.5134],[-74.4874,47.5141],[-74.492,47.5116],[-74.5088,47.5101],[-74.5066,47.5068],[-74.5078,47.503],[-74.5061,47.499],[-74.5071,47.4984],[-74.5099,47.5009],[-74.5153,47.5017],[-74.5234,47.5066],[-74.5351,47.5096],[-74.536,47.511],[-74.5396,47.51],[-74.5399,47.5122],[-74.5434,47.5158],[-74.5526,47.5203],[-74.5565,47.5241],[-74.5555,47.5276],[-74.5535,47.5296],[-74.5559,47.5323],[-74.5609,47.5343],[-74.5582,47.5355],[-74.5675,47.5401],[-74.5747,47.5399],[-74.5806,47.5417],[-74.5832,47.5445],[-74.5838,47.5485],[-74.5874,47.5525],[-74.5894,47.5544],[-74.5913,47.5549],[-74.5908,47.5533],[-74.5981,47.5568],[-74.6026,47.5631],[-74.6047,47.564],[-74.6043,47.5657],[-74.6065,47.5684],[-74.6152,47.5754],[-74.6152,47.578],[-74.6208,47.5822],[-74.6199,47.5849],[-74.6221,47.5834],[-74.6223,47.5871],[-74.6255,47.5875],[-74.6267,47.5897],[-74.63,47.5885],[-74.6278,47.5924],[-74.6319,47.5949],[-74.6375,47.6035],[-74.6493,47.6118],[-74.6539,47.6171],[-74.6872,47.6296],[-74.6902,47.6368],[-74.6985,47.6334],[-74.8356,47.7272],[-74.8894,47.7626],[-74.5115,47.7629]]],[[[-73.0785,46.0771],[-73.0828,46.0766],[-73.0823,46.0796],[-73.0748,46.0879],[-73.0706,46.0897],[-73.0653,46.09],[-73.0785,46.0771]]]]}},{"type":"Feature","properties":{"CO_CEP":291,"NM_CEP":"Westmount-Saint-Louis"},"geometry":{"type":"MultiPolygon","coordinates":[[[[-73.5833,45.5163],[-73.5817,45.518],[-73.5616,45.5088],[-73.5591,45.5117],[-73.5551,45.5099],[-73.5616,45.5017],[-73.5529,45.4987],[-73.5539,45.4932],[-73.5557,45.4959],[-73.5613,45.4983],[-73.5672,45.4901],[-73.573,45.4929],[-73.5816,45.4867],[-73.5806,45.4856],[-73.5985,45.4741],[-73.6143,45.4807],[-73.6124,45.4826],[-73.6172,45.4848],[-73.6153,45.4868],[-73.6184,45.4882],[-73.618,45.4894],[-73.6148,45.493],[-73.6116,45.4917],[-73.594,45.5034],[-73.5911,45.5092],[-73.5967,45.5122],[-73.5935,45.5135],[-73.5895,45.5129],[-73.5907,45.5148],[-73.588,45.5184],[-73.5833,45.5163]]]]}},{"type":"Feature","properties":{"CO_CEP":637,"NM_CEP":"Prévost"},"geometry":{"type":"MultiPolygon","coordinates":[[[[-73.9737,45.9776],[-73.975,45.9769],[-73.9479,45.9576],[-73.9533,45.954],[-73.9346,45.9448],[-73.9504,45.9335],[-73.8827,45.8883],[-73.9009,45.8846],[-73.8731,45.8667],[-73.8078,45.8215],[-73.869,45.8088],[-73.8602,45.8024],[-73.9136,45.7666],[-74.0235,45.8418],[-74.0232,45.8408],[-74.0384,45.8375],[-74.0346,45.8338],[-74.0311,45.8346],[-74.0305,45.8331],[-74.0291,45.8333],[-74.0285,45.8318],[-74.0305,45.8314],[-74.0297,45.8292],[-74.0338,45.8285],[-74.0315,45.8248],[-74.0262,45.8255],[-74.0257,45.824],[-74.0221,45.8244],[-74.0243,45.8186],[-74.0265,45.8207],[-74.05,45.8181],[-74.0557,45.8239],[-74.0571,45.8301],[-74.0647,45.8379],[-74.0638,45.845],[-74.0677,45.8504],[-74.0907,45.8474],[-74.0893,45.8406],[-74.0937,45.8401],[-74.0942,45.8373],[-74.0964,45.8371],[-74.0933,45.8311],[-74.0908,45.8306],[-74.1062,45.8286],[-74.1085,45.832],[-74.1235,45.8304],[-74.1238,45.8317],[-74.1261,45.8315],[-74.1432,45.8198],[-74.2191,45.8451],[-74.2198,45.8442],[-74.2203,45.8455],[-74.2244,45.8471],[-74.2272,45.845],[-74.2264,45.8476],[-74.2633,45.8596],[-74.1764,45.9216],[-74.1649,45.9136],[-74.1622,45.9155],[-74.1606,45.9144],[-74.1584,45.9159],[-74.1542,45.9131],[-74.1481,45.9128],[-74.1472,45.915],[-74.145,45.9156],[-74.1423,45.9185],[-74.1398,45.9175],[-74.1393,45.9195],[-74.1408,45.9209],[-74.1398,45.9231],[-74.1268,45.9144],[-74.0712,45.9528],[-74.0682,45.9508],[-74.0639,45.9532],[-74.0023,45.997],[-73.9737,45.9776]]]]}},{"type":"Feature","properties":{"CO_CEP":357,"NM_CEP":"Fabre"},"geometry":{"type":"MultiPolygon","coordinates":[[[[-73.8091,45.5546],[-73.7917,45.5597],[-73.7756,45.5454],[-73.7715,45.5406],[-73.7707,45.5378],[-73.7755,45.5354],[-73.7784,45.5323],[-73.784,45.5309],[-73.7662,45.5131],[-73.7675,45.5124],[-73.7771,45.5147],[-73.7824,45.5139],[-73.7882,45.516],[-73.7925,45.5149],[-73.8105,45.519],[-73.8222,45.5178],[-73.8284,45.5203],[-73.8445,45.5201],[-73.8492,45.5219],[-73.8649,45.5204],[-73.8791,45.5214],[-73.8853,45.5254],[-73.8855,45.5285],[-73.8789,45.5352],[-73.8818,45.5391],[-73.8796,45.5423],[-73.8796,45.5453],[-73.8816,45.5483],[-73.88,45.5527],[-73.8822,45.5555],[-73.8809,45.559],[-73.8707,45.5579],[-73.8665,45.5594],[-73.8566,45.5665],[-73.8513,45.5671],[-73.8518,45.5721],[-73.8498,45.5761],[-73.8353,45.5787],[-73.8091,45.5546]]]]}},{"type":"Feature","properties":{"CO_CEP":649,"NM_CEP":"Labelle"},"geometry":{"type":"MultiPolygon","coordinates":[[[[-74.8894,47.7626],[-74.8356,47.7272],[-74.6985,47.6334],[-74.6902,47.6368],[-74.6872,47.6296],[-74.6539,47.6171],[-74.6493,47.6118],[-74.6375,47.6035],[-74.6319,47.5949],[-74.6278,47.5924],[-74.63,47.5885],[-74.6267,47.5897],[-74.6255,47.5875],[-74.6223,47.5871],[-74.6221,47.5834],[-74.6199,47.5849],[-74.6208,47.5822],[-74.6152,47.578],[-74.6152,47.5754],[-74.6065,47.5684],[-74.6043,47.5657],[-74.6047,47.564],[-74.6026,47.5631],[-74.5981,47.5568],[-74.5908,47.5533],[-74.5913,47.5549],[-74.5894,47.5544],[-74.5874,47.5525],[-74.5838,47.5485],[-74.5832,47.5445],[-74.5806,47.5417],[-74.5747,47.5399],[-74.5675,47.5401],[-74.5582,47.5355],[-74.5609,47.5343],[-74.5559,47.5323],[-74.5535,47.5296],[-74.5555,47.5276],[-74.5565,47.5241],[-74.5526,47.5203],[-74.5434,47.5158],[-74.5399,47.5122],[-74.5396,47.51],[-74.536,47.511],[-74.5351,47.5096],[-74.5234,47.5066],[-74.5153,47.5017],[-74.5099,47.5009],[-74.5071,47.4984],[-74.5061,47.499],[-74.5078,47.503],[-74.5066,47.5068],[-74.5088,47.5101],[-74.492,47.5116],[-74.4874,47.5141],[-74.486,47.5134],[-74.4872,47.5116],[-74.4861,47.5093],[-74.4827,47.5095],[-74.4795,47.5061],[-74.4764,47.5061],[-74.4719,47.5092],[-74.4568,47.5015],[-74.4547,47.5025],[-74.453,47.5058],[-74.4453,47.5099],[-74.4463,47.5109],[-74.4446,47.5132],[-74.445,47.5157],[-74.4435,47.5169],[-74.4395,47.5168],[-74.4367,47.5192],[-74.4354,47.5185],[-74.4357,47.5172],[-74.4325,47.5165],[-74.433,47.5147],[-74.4416,47.5146],[-74.4406,47.511],[-74.4455,47.5093],[-74.44,47.5083],[-74.438,47.5063],[-74.4353,47.5083],[-74.4267,47.5069],[-74.4259,47.5047],[-74.4463,47.479],[-74.4447,47.4749],[-74.443,47.4754],[-74.4412,47.4741],[-74.4456,47.4672],[-74.4522,47.4635],[-74.4568,47.4559],[-74.4618,47.4509],[-74.4618,47.4488],[-74.4637,47.4487],[-74.4638,47.4499],[-74.4653,47.4465],[-74.4702,47.4444],[-74.4739,47.4393],[-74.4778,47.4386],[-74.4787,47.4355],[-74.4905,47.4265],[-74.4965,47.4258],[-74.5137,47.4063],[-74.5158,47.3989],[-74.5186,47.3967],[-74.5193,47.3926],[-74.5221,47.3902],[-74.5238,47.385],[-74.5228,47.3818],[-74.5254,47.3808],[-74.5257,47.3766],[-74.529,47.3733],[-74.5294,47.359],[-74.5308,47.3586],[-74.5305,47.36],[-74.5315,47.3578],[-74.5337,47.3571],[-74.5387,47.3477],[-74.5412,47.346],[-74.5404,47.3448],[-74.543,47.3393],[-74.5441,47.3376],[-74.5452,47.3395],[-74.5445,47.3371],[-74.5484,47.3358],[-74.547,47.3347],[-74.5516,47.329],[-74.5524,47.3241],[-74.5505,47.3235],[-74.5498,47.3219],[-74.5497,47.3228],[-74.5482,47.3225],[-74.5487,47.321],[-74.5414,47.3198],[-74.5396,47.3215],[-74.5413,47.3161],[-74.5425,47.3158],[-74.5421,47.3134],[-74.5451,47.3126],[-74.5425,47.3134],[-74.5427,47.3192],[-74.5531,47.3213],[-74.5592,47.3251],[-74.5587,47.3264],[-74.5543,47.3266],[-74.5537,47.3288],[-74.5558,47.3294],[-74.5588,47.3295],[-74.5611,47.328],[-74.5621,47.3249],[-74.5705,47.3137],[-74.5735,47.3122],[-74.5755,47.3053],[-74.5811,47.3023],[-74.5839,47.3028],[-74.5842,47.3127],[-74.587,47.3165],[-74.5897,47.3117],[-74.5884,47.305],[-74.5894,47.2979],[-74.586,47.2986],[-74.5862,47.296],[-74.5922,47.289],[-74.5966,47.2889],[-74.5998,47.2872],[-74.6015,47.2885],[-74.6049,47.2872],[-74.606,47.2831],[-74.6042,47.2819],[-74.6064,47.2812],[-74.6058,47.2795],[-74.6075,47.28],[-74.6081,47.2787],[-74.6067,47.2773],[-74.6095,47.2758],[-74.6099,47.2735],[-74.6132,47.2709],[-74.6122,47.27],[-74.6139,47.2691],[-74.6156,47.2652],[-74.6139,47.2639],[-74.6139,47.261],[-74.6169,47.257],[-74.6182,47.2509],[-74.6201,47.2501],[-74.6219,47.252],[-74.6247,47.2517],[-74.6264,47.2492],[-74.6307,47.2481],[-74.6358,47.2492],[-74.6375,47.2519],[-74.6426,47.2513],[-74.6466,47.2531],[-74.6497,47.2514],[-74.657,47.244],[-74.6554,47.2429],[-74.6558,47.2416],[-74.6541,47.2413],[-74.6555,47.241],[-74.6541,47.2395],[-74.6541,47.2339],[-74.4897,47.2246],[-74.4345,47.1575],[-74.466,47.1357],[-74.4152,47.1007],[-74.4841,47.0531],[-74.5288,47.0272],[-74.5747,46.9975],[-74.4274,46.8966],[-74.4382,46.8951],[-74.4565,46.8846],[-74.4531,46.8792],[-74.4563,46.8781],[-74.4617,46.8713],[-74.4657,46.8699],[-74.4675,46.8659],[-74.4699,46.8651],[-74.4749,46.8663],[-74.4753,46.8691],[-74.4786,46.8732],[-74.4807,46.8724],[-74.4847,46.867],[-74.4844,46.8581],[-74.4824,46.8526],[-74.4838,46.8494],[-74.4842,46.8386],[-74.479,46.8337],[-74.4759,46.8275],[-74.4769,46.8204],[-74.4753,46.8142],[-74.4764,46.8097],[-74.4715,46.7979],[-74.4717,46.7898],[-74.4805,46.7889],[-74.4836,46.7902],[-74.4821,46.7836],[-74.4851,46.7752],[-74.4835,46.7682],[-74.4924,46.76],[-74.5,46.7598],[-74.5001,46.7572],[-74.4973,46.753],[-74.4986,46.7442],[-74.497,46.7398],[-74.5012,46.7349],[-74.501,46.7337],[-74.49,46.7343],[-74.4876,46.7315],[-74.4879,46.7269],[-74.4952,46.7252],[-74.4991,46.7186],[-74.4958,46.7164],[-74.4891,46.7165],[-74.4881,46.7147],[-74.4906,46.7104],[-74.5016,46.7049],[-74.5011,46.7005],[-74.4987,46.6999],[-74.4975,46.6977],[-74.5029,46.6851],[-74.5131,46.6816],[-74.5145,46.6792],[-74.5115,46.674],[-74.5096,46.6651],[-74.5011,46.655],[-74.5026,46.6525],[-74.5052,46.6523],[-74.509,46.6466],[-74.5087,46.6432],[-74.5061,46.6406],[-74.5012,46.6393],[-74.5021,46.6376],[-74.5009,46.6363],[-74.4969,46.6359],[-74.4967,46.6245],[-74.4987,46.6177],[-74.4982,46.6114],[-74.4988,46.6039],[-74.5005,46.6],[-74.5003,46.5948],[-74.4975,46.5914],[-74.4951,46.5907],[-74.4893,46.595],[-74.4808,46.6065],[-74.4677,46.6106],[-74.4563,46.6072],[-74.4518,46.6072],[-74.4495,46.6094],[-74.45,46.6167],[-74.4446,46.6208],[-74.4163,46.6024],[-74.3653,46.5632],[-74.3436,46.5493],[-74.3816,46.5241],[-74.4775,46.4541],[-74.334,46.3539],[-74.4751,46.2543],[-74.4433,46.2324],[-74.459,46.2212],[-74.3681,46.1587],[-74.3797,46.1289],[-74.3929,46.0893],[-74.3963,46.0683],[-74.4129,46.0713],[-74.4161,46.0556],[-74.3991,46.054],[-74.4076,46.0187],[-74.4127,46.0192],[-74.4307,46.0268],[-74.4804,46.0293],[-74.5175,46.0343],[-74.5711,46.0389],[-74.6164,46.0511],[-74.6274,46.0526],[-74.6243,46.0507],[-74.6171,46.0496],[-74.6176,46.0459],[-74.623,46.0436],[-74.6237,46.042],[-74.6159,46.0399],[-74.6135,46.037],[-74.6152,46.0363],[-74.619,46.0304],[-74.6302,46.0297],[-74.6287,46.0246],[-74.6299,46.0205],[-74.6269,46.0154],[-74.6318,46.0068],[-74.6359,46.0031],[-74.6371,45.9992],[-74.6331,45.9839],[-74.6293,45.9805],[-74.6221,45.9782],[-74.621,45.9757],[-74.6228,45.9752],[-74.6298,45.9774],[-74.6334,45.974],[-74.6328,45.9701],[-74.6409,45.9695],[-74.6435,45.963],[-74.6525,45.9591],[-74.653,45.9554],[-74.6565,45.951],[-74.6575,45.9472],[-74.6601,45.9459],[-74.6663,45.9469],[-74.6716,45.9442],[-74.6716,45.9401],[-74.6737,45.9365],[-74.6704,45.9316],[-74.6706,45.9292],[-74.7102,45.9319],[-74.6982,45.9718],[-74.7632,45.9727],[-74.7642,45.9463],[-74.8017,45.9448],[-74.8009,45.9589],[-74.8065,45.9586],[-74.8089,45.973],[-74.8317,45.9731],[-74.8314,46.0031],[-74.8376,46.0031],[-74.8376,46.0168],[-74.858,46.0168],[-74.8586,46.0607],[-74.8676,46.061],[-74.8709,46.0625],[-74.875,46.0611],[-74.9395,46.0617],[-74.9395,46.1055],[-75.0198,46.1042],[-75.027,46.103],[-75.0899,46.1033],[-75.0863,46.132],[-75.08,46.1649],[-75.0752,46.2153],[-75.1174,46.2152],[-75.1166,46.1848],[-75.1376,46.1849],[-75.1373,46.1606],[-75.1563,46.1606],[-75.1559,46.1323],[-75.177,46.1323],[-75.1764,46.1034],[-75.2106,46.1033],[-75.2106,46.1041],[-75.2131,46.1042],[-75.2132,46.0981],[-75.4072,46.0979],[-75.4072,45.973],[-75.5691,45.9712],[-75.5745,45.973],[-75.5777,45.9719],[-75.5992,45.9714],[-75.5992,45.9947],[-75.6208,45.9947],[-75.6209,45.9827],[-75.6631,45.9819],[-75.6632,45.9748],[-75.6675,45.9704],[-75.7049,45.9698],[-75.7396,45.9712],[-75.7466,45.9729],[-75.7535,45.9648],[-75.7624,45.9583],[-75.7772,45.9529],[-75.7809,45.9572],[-75.7847,45.9593],[-75.7851,45.9618],[-75.784,45.9624],[-75.7846,45.9642],[-75.7767,45.9646],[-75.7749,45.9675],[-75.7747,45.9706],[-75.7759,45.9723],[-75.7783,45.9719],[-75.7792,45.97],[-75.7828,45.9701],[-75.7825,45.9737],[-75.7783,45.9742],[-75.7774,45.9775],[-75.7754,45.9778],[-75.7776,45.9796],[-75.7812,45.9802],[-75.7783,45.9824],[-75.7768,45.9811],[-75.775,45.9848],[-75.7763,45.9857],[-75.7715,45.9858],[-75.771,45.9846],[-75.7686,45.9855],[-75.7577,45.993],[-75.7577,45.9948],[-75.756,45.9944],[-75.7495,45.998],[-75.7466,46.001],[-75.75,46.0034],[-75.7445,46.0032],[-75.7402,46.0056],[-75.7455,46.0076],[-75.74,46.007],[-75.7355,46.0091],[-75.7369,46.0103],[-75.7347,46.0104],[-75.7338,46.0122],[-75.7277,46.0132],[-75.7272,46.0153],[-75.72,46.0168],[-75.7168,46.0154],[-75.7071,46.019],[-75.7029,46.0223],[-75.6992,46.0229],[-75.7635,46.0227],[-75.7631,46.0387],[-75.7655,46.0618],[-75.7656,46.0909],[-75.7673,46.1144],[-75.7683,46.1742],[-75.7901,46.1742],[-75.7944,46.1702],[-75.799,46.1741],[-75.8001,46.1787],[-75.7972,46.181],[-75.8001,46.1834],[-75.8054,46.183],[-75.8103,46.1954],[-75.8101,46.2087],[-75.8078,46.211],[-75.8042,46.2122],[-75.8025,46.2168],[-75.8054,46.2197],[-75.8117,46.2225],[-75.8131,46.2249],[-75.8119,46.2334],[-75.7982,46.2462],[-75.7958,46.2586],[-75.7901,46.268],[-75.7887,46.274],[-75.7841,46.278],[-75.783,46.282],[-75.784,46.2861],[-75.7884,46.2909],[-75.7884,46.2935],[-75.7949,46.2952],[-75.8027,46.2994],[-75.8076,46.3002],[-75.8146,46.3064],[-75.707,46.3092],[-75.7078,46.3798],[-75.7056,46.4388],[-75.7452,46.4383],[-75.7477,46.573],[-75.75,46.603],[-75.7512,46.667],[-75.7486,46.6649],[-75.7475,46.8448],[-75.811,46.8449],[-75.8142,46.8395],[-75.8135,46.835],[-75.8207,46.828],[-75.829,46.8243],[-75.8463,46.8207],[-75.8566,46.8145],[-75.8617,46.8146],[-75.8721,46.8172],[-75.89,46.8155],[-75.897,46.8181],[-75.9018,46.8241],[-75.9079,46.8372],[-75.912,46.8423],[-75.9461,46.8638],[-75.951,46.8691],[-75.959,46.8718],[-75.9711,46.8784],[-75.9797,46.8811],[-75.9878,46.882],[-75.9952,46.888],[-76.0197,46.8861],[-76.0189,46.8889],[-76.0173,46.8898],[-76.0199,46.8941],[-76.0183,46.8949],[-76.0146,46.8939],[-76.0138,46.8958],[-76.0157,46.897],[-76.028,46.8952],[-76.0367,46.89],[-76.0455,46.8928],[-76.0505,46.8964],[-76.0515,46.899],[-76.0491,46.9011],[-76.0521,46.903],[-76.0653,46.901],[-76.0786,46.9065],[-76.0804,46.9086],[-76.0823,46.908],[-76.0809,46.9062],[-76.0833,46.9056],[-76.0828,46.9098],[-76.0844,46.9117],[-76.0921,46.9108],[-76.0971,46.9136],[-76.0972,46.9153],[-76.0919,46.9171],[-76.0919,46.919],[-76.0941,46.9172],[-76.0917,46.9199],[-76.0927,46.9216],[-76.0927,46.9196],[-76.0953,46.9164],[-76.0998,46.9164],[-76.1033,46.9125],[-76.1056,46.9119],[-76.1081,46.9128],[-76.1148,46.9195],[-76.128,46.9209],[-76.1299,46.9234],[-76.1303,46.9257],[-76.129,46.9271],[-76.1318,46.9292],[-76.1336,46.9356],[-76.1373,46.9374],[-76.1353,46.9406],[-76.1362,46.9449],[-76.1353,46.947],[-76.1364,46.9491],[-76.1336,46.9534],[-76.1363,46.958],[-76.1364,46.9617],[-76.133,46.9673],[-76.1329,46.9701],[-76.1391,46.9757],[-76.1387,46.9792],[-76.1309,46.9821],[-76.1284,46.9848],[-76.1398,46.9946],[-76.1391,47.0011],[-76.1477,47.0044],[-76.1485,47.0062],[-76.145,47.0088],[-76.1456,47.0111],[-76.1401,47.0117],[-76.1304,47.0196],[-76.1264,47.0195],[-76.1274,47.0203],[-76.1248,47.0207],[-76.1222,47.0195],[-76.119,47.0201],[-76.1121,47.0259],[-76.1075,47.0257],[-76.1074,47.0292],[-76.1024,47.0305],[-76.1061,47.034],[-76.1022,47.0365],[-76.103,47.0381],[-76.1017,47.0433],[-76.1034,47.044],[-76.1029,47.0474],[-76.099,47.0488],[-76.0979,47.0503],[-76.099,47.0521],[-76.0983,47.056],[-76.1001,47.0566],[-76.0993,47.0621],[-76.1006,47.0636],[-76.0992,47.0709],[-76.0999,47.0747],[-76.0973,47.0789],[-76.0987,47.0814],[-76.0982,47.0926],[-76.0995,47.1006],[-76.0973,47.1086],[-76.0974,47.1128],[-76.0947,47.1183],[-76.0949,47.1218],[-76.0958,47.1217],[-76.095,47.1268],[-76.091,47.1306],[-76.0934,47.1374],[-76.0919,47.1387],[-76.0938,47.1416],[-76.0932,47.143],[-76.0995,47.1506],[-76.0981,47.1556],[-76.1013,47.1629],[-76.098,47.1679],[-76.0988,47.1704],[-76.1022,47.1724],[-76.1014,47.1743],[-76.1023,47.1744],[-76.1027,47.1725],[-76.1032,47.1735],[-76.1002,47.1776],[-76.1009,47.1798],[-76.0977,47.1791],[-76.0957,47.1825],[-76.0982,47.1832],[-76.0981,47.1818],[-76.0992,47.1818],[-76.1006,47.1831],[-76.0986,47.1843],[-76.0906,47.1827],[-76.0898,47.1837],[-76.0902,47.1848],[-76.093,47.1858],[-76.0916,47.1836],[-76.0901,47.1844],[-76.0911,47.1829],[-76.0942,47.1845],[-76.0938,47.1879],[-76.0834,47.189],[-76.0775,47.1884],[-76.074,47.1901],[-76.0725,47.1924],[-76.0707,47.191],[-76.0675,47.1913],[-76.0618,47.1965],[-76.0606,47.1954],[-76.0591,47.1956],[-76.0599,47.1968],[-76.0591,47.1961],[-76.055,47.1985],[-76.0544,47.197],[-76.0523,47.1988],[-76.0493,47.1966],[-76.0415,47.1979],[-76.0389,47.1947],[-76.04,47.1937],[-76.0367,47.1939],[-76.0391,47.1955],[-76.0353,47.194],[-76.0312,47.1941],[-76.0297,47.1952],[-76.0289,47.1934],[-76.0323,47.1901],[-76.0278,47.1884],[-76.0144,47.1923],[-76.0134,47.1944],[-76.0121,47.1935],[-76.0124,47.1943],[-76.0085,47.1944],[-76.0029,47.1994],[-76.0029,47.1985],[-75.9983,47.199],[-75.997,47.1978],[-75.994,47.1989],[-75.9949,47.2002],[-75.9941,47.2014],[-75.9903,47.2012],[-75.9924,47.1995],[-75.9913,47.1987],[-75.9854,47.1998],[-75.9859,47.2018],[-75.9873,47.2004],[-75.986,47.2001],[-75.9879,47.2003],[-75.9869,47.2024],[-75.9843,47.2014],[-75.9833,47.2027],[-75.981,47.2021],[-75.9805,47.2048],[-75.9762,47.2032],[-75.9737,47.2046],[-75.9742,47.2061],[-75.9716,47.2073],[-75.9712,47.2089],[-75.969,47.208],[-75.9672,47.209],[-75.967,47.2137],[-75.9529,47.2226],[-75.9509,47.2253],[-75.9515,47.2287],[-75.9496,47.23],[-75.9476,47.229],[-75.948,47.2308],[-75.946,47.2332],[-75.942,47.2328],[-75.9419,47.2368],[-75.9327,47.2391],[-75.9319,47.2411],[-75.9343,47.2409],[-75.9305,47.2426],[-75.9297,47.2446],[-75.9245,47.2445],[-75.92,47.2466],[-75.9216,47.2462],[-75.9208,47.2477],[-75.9233,47.246],[-75.9228,47.2467],[-75.9243,47.2467],[-75.9233,47.2473],[-75.9244,47.2477],[-75.9204,47.2492],[-75.9152,47.2544],[-75.9128,47.2551],[-75.9114,47.2583],[-75.9083,47.2593],[-75.9032,47.2641],[-75.9018,47.2671],[-75.8993,47.2665],[-75.8935,47.269],[-75.8925,47.2708],[-75.8941,47.2714],[-75.8879,47.2752],[-75.8881,47.2768],[-75.8858,47.2782],[-75.8831,47.2779],[-75.8839,47.2783],[-75.8817,47.2825],[-75.8788,47.2833],[-75.8777,47.2853],[-75.8662,47.2927],[-75.86,47.2939],[-75.8622,47.2922],[-75.8592,47.2918],[-75.8509,47.2962],[-75.827,47.3128],[-75.8143,47.3163],[-75.8097,47.3162],[-75.8045,47.3184],[-75.7957,47.3184],[-75.7888,47.3135],[-75.7844,47.3123],[-75.7813,47.3086],[-75.7743,47.3052],[-75.7683,47.3051],[-75.7593,47.299],[-75.7543,47.2979],[-75.7514,47.2949],[-75.7469,47.2931],[-75.7472,47.2904],[-75.7462,47.2898],[-75.7483,47.2849],[-75.7478,47.2729],[-75.7408,47.2722],[-75.7416,47.2737],[-75.739,47.2741],[-75.7384,47.2728],[-75.736,47.2734],[-75.726,47.2682],[-75.724,47.2696],[-75.7246,47.2709],[-75.7131,47.269],[-75.7119,47.2698],[-75.7118,47.28],[-75.7135,47.2811],[-75.7144,47.2857],[-75.6915,47.2777],[-75.6838,47.2783],[-75.6807,47.2848],[-75.6786,47.2856],[-75.6661,47.2848],[-75.6552,47.2817],[-75.6478,47.2817],[-75.65,47.275],[-75.6491,47.2723],[-75.6517,47.272],[-75.6522,47.2705],[-75.6493,47.269],[-75.6481,47.2666],[-75.6467,47.2535],[-75.6391,47.2501],[-75.6368,47.2477],[-75.6341,47.2394],[-75.628,47.2349],[-75.6269,47.2312],[-75.6222,47.2286],[-75.6257,47.2264],[-75.629,47.2189],[-75.6254,47.2133],[-75.627,47.2113],[-75.6255,47.2092],[-75.6266,47.2073],[-75.6223,47.2056],[-75.6224,47.2034],[-75.6205,47.2001],[-75.6244,47.2007],[-75.6267,47.1991],[-75.6288,47.1992],[-75.6267,47.1972],[-75.6291,47.192],[-75.6258,47.1809],[-75.609,47.1825],[-75.5948,47.1854],[-75.5878,47.1928],[-75.5768,47.2008],[-75.5726,47.2067],[-75.5679,47.2078],[-75.5593,47.2073],[-75.5562,47.2121],[-75.5427,47.2227],[-75.5392,47.2288],[-75.5227,47.2469],[-75.5226,47.2506],[-75.5208,47.2526],[-75.5126,47.2584],[-75.5039,47.2597],[-75.5007,47.2651],[-75.4925,47.2729],[-75.4872,47.2733],[-75.479,47.2765],[-75.4735,47.2824],[-75.4718,47.2876],[-75.467,47.2935],[-75.4675,47.302],[-75.4661,47.3066],[-75.4595,47.3122],[-75.4574,47.3175],[-75.4618,47.327],[-75.4676,47.3294],[-75.4738,47.3389],[-75.4711,47.348],[-75.4615,47.3639],[-75.4604,47.3679],[-75.4548,47.3751],[-75.4491,47.3772],[-75.4308,47.3891],[-75.4275,47.3948],[-75.4238,47.3974],[-75.4223,47.4025],[-75.389,47.4282],[-75.3864,47.4361],[-75.3832,47.4405],[-75.3841,47.45],[-75.3814,47.4552],[-75.3822,47.4603],[-75.3776,47.4712],[-75.3673,47.4805],[-75.368,47.4852],[-75.362,47.4906],[-75.358,47.4913],[-75.3554,47.4937],[-75.3491,47.5048],[-75.3421,47.5121],[-75.3356,47.5166],[-75.3267,47.5264],[-75.3179,47.5393],[-75.308,47.5479],[-75.3109,47.5513],[-75.3102,47.5553],[-75.3129,47.5557],[-75.319,47.5534],[-75.3259,47.5581],[-75.3293,47.5628],[-75.3391,47.564],[-75.3448,47.572],[-75.3506,47.5703],[-75.3526,47.5678],[-75.3555,47.5669],[-75.3603,47.5702],[-75.3649,47.5776],[-75.3656,47.5942],[-75.3642,47.598],[-75.3586,47.6031],[-75.3582,47.6055],[-75.3541,47.61],[-75.3559,47.6148],[-75.3648,47.6189],[-75.3696,47.6271],[-75.3799,47.622],[-75.3814,47.6162],[-75.3882,47.6111],[-75.3897,47.6052],[-75.3957,47.6013],[-75.3958,47.5975],[-75.3904,47.5941],[-75.3908,47.5892],[-75.3932,47.5878],[-75.3979,47.5881],[-75.4027,47.5866],[-75.4114,47.5872],[-75.4149,47.5893],[-75.4187,47.5981],[-75.4229,47.6008],[-75.4241,47.6094],[-75.4271,47.6118],[-75.4289,47.6162],[-75.4194,47.6301],[-75.4217,47.6346],[-75.4322,47.6414],[-75.4375,47.6483],[-75.4457,47.6553],[-75.4465,47.6636],[-75.4542,47.6675],[-75.4561,47.6726],[-75.4689,47.6737],[-75.4713,47.672],[-75.4734,47.6726],[-75.4755,47.6762],[-75.4739,47.679],[-75.4836,47.6855],[-75.4865,47.6904],[-75.4932,47.691],[-75.5056,47.6982],[-75.5081,47.7055],[-75.5123,47.7075],[-75.5137,47.7102],[-75.5231,47.71],[-75.5246,47.711],[-75.5251,47.7151],[-75.5275,47.718],[-75.5262,47.7208],[-75.5292,47.7239],[-75.5249,47.7305],[-75.5336,47.7347],[-75.5295,47.7406],[-75.5309,47.7461],[-75.5425,47.7566],[-75.5386,47.7633],[-74.8894,47.7626]]]]}},{"type":"Feature","properties":{"CO_CEP":809,"NM_CEP":"Gaspé"},"geometry":{"type":"MultiPolygon","coordinates":[[[[-64.1592,48.4841],[-64.1698,48.4849],[-64.1745,48.4873],[-64.1758,48.4907],[-64.1742,48.5041],[-64.1669,48.5075],[-64.1596,48.5073],[-64.1523,48.5038],[-64.152,48.5001],[-64.1443,48.4958],[-64.1434,48.4924],[-64.1492,48.4877],[-64.1592,48.4841]]],[[[-65.365,49.2529],[-65.357,49.2503],[-65.3508,49.2499],[-65.3388,49.2516],[-65.3241,49.2512],[-65.3268,49.2478],[-65.3245,49.2452],[-65.3178,49.2421],[-65.3044,49.2402],[-65.2957,49.2417],[-65.2907,49.2399],[-65.2838,49.2393],[-65.2809,49.235],[-65.2755,49.2342],[-65.27,49.2352],[-65.2584,49.234],[-65.2532,49.2353],[-65.2308,49.2335],[-65.2057,49.2291],[-65.1697,49.2303],[-65.1504,49.2296],[-65.139,49.2308],[-65.1352,49.227],[-65.1301,49.2253],[-65.1253,49.2272],[-65.1074,49.2297],[-65.076,49.2254],[-65.0453,49.2234],[-65.024,49.218],[-65.0126,49.2177],[-64.992,49.215],[-64.98,49.2115],[-64.928,49.2053],[-64.9013,49.1964],[-64.8762,49.1926],[-64.8529,49.1873],[-64.8476,49.1807],[-64.8329,49.1777],[-64.8293,49.1791],[-64.8213,49.1773],[-64.8117,49.1727],[-64.8095,49.1692],[-64.8011,49.1628],[-64.7875,49.161],[-64.7763,49.1527],[-64.7602,49.1477],[-64.7453,49.1393],[-64.7408,49.1403],[-64.7059,49.1325],[-64.6973,49.1287],[-64.689,49.1282],[-64.6625,49.12],[-64.642,49.1186],[-64.6363,49.114],[-64.6279,49.1126],[-64.621,49.1138],[-64.6077,49.1109],[-64.5848,49.0998],[-64.5776,49.0983],[-64.5646,49.0902],[-64.5592,49.089],[-64.5442,49.0816],[-64.5417,49.0786],[-64.5083,49.0688],[-64.499,49.0623],[-64.475,49.0536],[-64.4703,49.045],[-64.448,49.0363],[-64.4472,49.033],[-64.4373,49.0286],[-64.4244,49.0172],[-64.4136,49.0133],[-64.4078,49.013],[-64.3963,49.0082],[-64.3919,49.0051],[-64.3905,48.9969],[-64.3858,48.9953],[-64.3806,48.9968],[-64.3752,48.9942],[-64.3688,48.9888],[-64.3678,48.9847],[-64.3573,48.9772],[-64.3378,48.9685],[-64.3172,48.9555],[-64.3116,48.9536],[-64.3045,48.9472],[-64.309,48.9444],[-64.3063,48.9367],[-64.302,48.9335],[-64.2852,48.93],[-64.274,48.9256],[-64.2569,48.9105],[-64.2392,48.8987],[-64.2115,48.8723],[-64.2106,48.8687],[-64.2015,48.8581],[-64.2074,48.8506],[-64.2118,48.8402],[-64.2117,48.8364],[-64.2214,48.8239],[-64.2219,48.8141],[-64.2162,48.7985],[-64.2133,48.7942],[-64.2072,48.7916],[-64.1971,48.7899],[-64.1943,48.7848],[-64.1707,48.7666],[-64.1591,48.7543],[-64.159,48.7509],[-64.1642,48.7491],[-64.1757,48.7563],[-64.1859,48.7608],[-64.2008,48.7728],[-64.2104,48.7784],[-64.2249,48.7915],[-64.2433,48.8048],[-64.2496,48.8044],[-64.2571,48.8068],[-64.2779,48.8177],[-64.2998,48.8263],[-64.3102,48.827],[-64.3169,48.8251],[-64.3214,48.8262],[-64.331,48.8343],[-64.3387,48.8351],[-64.3482,48.8382],[-64.3506,48.8415],[-64.3627,48.8444],[-64.3781,48.8504],[-64.396,48.8525],[-64.4102,48.8556],[-64.4324,48.8491],[-64.4371,48.8503],[-64.4366,48.8552],[-64.4199,48.8539],[-64.4303,48.8591],[-64.4406,48.8574],[-64.4516,48.8597],[-64.465,48.8645],[-64.4695,48.8643],[-64.4812,48.8673],[-64.4996,48.8681],[-64.5391,48.8829],[-64.5739,48.8927],[-64.5594,48.8814],[-64.5652,48.8799],[-64.5637,48.8777],[-64.554,48.8771],[-64.5517,48.8738],[-64.529,48.866],[-64.5145,48.8588],[-64.5089,48.8551],[-64.5077,48.8504],[-64.4992,48.8475],[-64.4941,48.8478],[-64.491,48.8447],[-64.4733,48.8375],[-64.4842,48.8274],[-64.4989,48.8244],[-64.5351,48.8246],[-64.5409,48.8233],[-64.5481,48.8233],[-64.5532,48.8249],[-64.5597,48.8244],[-64.5588,48.8205],[-64.5521,48.8201],[-64.5473,48.8183],[-64.5521,48.8163],[-64.5446,48.8145],[-64.5096,48.8153],[-64.4989,48.8143],[-64.4818,48.8214],[-64.479,48.8245],[-64.4795,48.8274],[-64.4605,48.8246],[-64.4592,48.8276],[-64.4431,48.8271],[-64.4386,48.8241],[-64.4125,48.8181],[-64.407,48.8193],[-64.4037,48.8252],[-64.4003,48.8226],[-64.3988,48.8177],[-64.3992,48.8145],[-64.3861,48.804],[-64.3808,48.8024],[-64.378,48.7991],[-64.3769,48.7955],[-64.3803,48.7878],[-64.3894,48.79],[-64.4032,48.7894],[-64.4109,48.7858],[-64.418,48.7791],[-64.4228,48.7764],[-64.4288,48.7771],[-64.425,48.7739],[-64.4304,48.7715],[-64.4247,48.7692],[-64.4093,48.7717],[-64.3773,48.768],[-64.3753,48.7692],[-64.3398,48.7553],[-64.3314,48.7503],[-64.3246,48.7393],[-64.3182,48.7353],[-64.2983,48.7298],[-64.2927,48.7267],[-64.2894,48.7206],[-64.2786,48.7179],[-64.2715,48.7095],[-64.2652,48.7079],[-64.2607,48.7041],[-64.2526,48.6851],[-64.2358,48.6687],[-64.2265,48.6637],[-64.2217,48.6648],[-64.217,48.6641],[-64.216,48.6603],[-64.2117,48.6565],[-64.1919,48.648],[-64.1865,48.6471],[-64.1854,48.6437],[-64.1817,48.6401],[-64.1802,48.6366],[-64.176,48.6346],[-64.1753,48.6298],[-64.173,48.6267],[-64.1681,48.6257],[-64.168,48.6221],[-64.1726,48.6203],[-64.1737,48.6167],[-64.1885,48.6199],[-64.193,48.6186],[-64.1983,48.6196],[-64.2087,48.6236],[-64.219,48.622],[-64.2287,48.6243],[-64.2381,48.6241],[-64.2558,48.6221],[-64.2769,48.6168],[-64.3084,48.6156],[-64.3208,48.6109],[-64.313,48.6064],[-64.3184,48.6038],[-64.318,48.6009],[-64.3137,48.5988],[-64.3007,48.5978],[-64.2964,48.5943],[-64.3014,48.5932],[-64.2926,48.5829],[-64.2986,48.5835],[-64.3029,48.5798],[-64.3008,48.5762],[-64.2967,48.5727],[-64.2933,48.576],[-64.29,48.5546],[-64.2862,48.5513],[-64.2765,48.5469],[-64.264,48.5467],[-64.2525,48.5432],[-64.2479,48.5432],[-64.2327,48.5359],[-64.2188,48.5328],[-64.2135,48.5302],[-64.2115,48.527],[-64.2048,48.525],[-64.2139,48.5187],[-64.2191,48.5128],[-64.2186,48.506],[-64.2164,48.501],[-64.231,48.4998],[-64.2438,48.4937],[-64.2852,48.4838],[-64.3008,48.4761],[-64.3076,48.4712],[-64.3281,48.4386],[-64.3286,48.4348],[-64.3262,48.4293],[-64.3212,48.4275],[-64.3165,48.4228],[-64.3162,48.4194],[-64.3222,48.4159],[-64.3326,48.4155],[-64.3379,48.418],[-64.3456,48.4182],[-64.3695,48.4128],[-64.3904,48.4164],[-64.4245,48.4064],[-64.4547,48.4052],[-64.4688,48.403],[-64.4818,48.3985],[-64.4899,48.3931],[-64.4941,48.3955],[-64.5057,48.3969],[-64.5164,48.3881],[-64.5379,48.3839],[-64.5568,48.3785],[-64.5789,48.3757],[-64.582,48.3783],[-64.5836,48.3775],[-64.5862,48.3783],[-64.5991,48.3858],[-64.5932,48.3951],[-64.6046,48.4095],[-64.5733,48.4198],[-64.6041,48.4607],[-64.6077,48.4631],[-64.6369,48.5029],[-64.8203,48.442],[-64.8096,48.4273],[-64.958,48.3286],[-65.5008,48.6797],[-65.5931,48.6584],[-65.7514,48.6163],[-65.9485,48.5671],[-66.0068,48.6084],[-66.3744,48.8495],[-66.5373,48.9578],[-66.7044,48.9029],[-66.7146,48.9094],[-66.7091,48.9166],[-66.6961,48.92],[-66.6957,48.9235],[-66.6992,48.9253],[-66.7003,48.9275],[-66.6939,48.9342],[-66.6988,48.9383],[-66.695,48.9435],[-66.6984,48.949],[-66.6945,48.9523],[-66.6968,48.9552],[-66.7007,48.9565],[-66.6989,48.9584],[-66.6985,48.9625],[-66.6965,48.9648],[-66.7003,48.9693],[-66.6968,48.9712],[-66.7011,48.9764],[-66.7045,48.9782],[-66.7013,48.98],[-66.7023,48.9856],[-66.6993,48.9886],[-66.7067,48.9945],[-66.7053,48.9985],[-66.7062,49.0],[-66.7335,49.0175],[-66.8324,48.9851],[-66.9087,49.0342],[-66.8913,49.0376],[-66.854,49.0494],[-66.8574,49.0458],[-66.8584,49.0426],[-66.846,49.0436],[-66.8428,49.047],[-66.8444,49.0505],[-66.8399,49.0526],[-66.8125,49.0531],[-66.8042,49.0564],[-66.7981,49.0633],[-66.776,49.0699],[-66.7539,49.0784],[-66.7492,49.0813],[-66.7426,49.0894],[-66.7056,49.0929],[-66.6921,49.0978],[-66.6705,49.1004],[-66.6627,49.1036],[-66.652,49.1127],[-66.6472,49.1147],[-66.6369,49.111],[-66.6252,49.11],[-66.6176,49.1103],[-66.6123,49.1123],[-66.6027,49.1123],[-66.5942,49.1142],[-66.5672,49.1256],[-66.5497,49.1296],[-66.5397,49.1259],[-66.5265,49.1246],[-66.5099,49.1256],[-66.5023,49.1235],[-66.504,49.1264],[-66.4989,49.1269],[-66.4873,49.1315],[-66.4764,49.1307],[-66.4606,49.1368],[-66.4435,49.1459],[-66.4303,49.1556],[-66.4205,49.1562],[-66.4158,49.1602],[-66.41,49.1617],[-66.3689,49.1686],[-66.3458,49.1739],[-66.334,49.178],[-66.2844,49.1848],[-66.2701,49.1881],[-66.2615,49.1915],[-66.2381,49.1968],[-66.2228,49.1972],[-66.2062,49.1995],[-66.1685,49.2074],[-66.1636,49.206],[-66.1457,49.2076],[-66.1248,49.2102],[-66.1194,49.212],[-66.0974,49.214],[-66.0863,49.2167],[-66.0708,49.216],[-66.0527,49.2211],[-66.0373,49.221],[-66.0232,49.2235],[-65.9637,49.2276],[-65.906,49.2267],[-65.9014,49.225],[-65.8976,49.2209],[-65.8925,49.2195],[-65.8874,49.2201],[-65.8506,49.2313],[-65.8307,49.2337],[-65.822,49.2329],[-65.8138,49.2235],[-65.804,49.2235],[-65.7959,49.2251],[-65.7826,49.235],[-65.7589,49.2399],[-65.7493,49.2401],[-65.7441,49.2379],[-65.7328,49.2298],[-65.7245,49.2316],[-65.7189,49.2378],[-65.7133,49.2375],[-65.7016,49.2424],[-65.6774,49.2478],[-65.6655,49.249],[-65.6534,49.2434],[-65.648,49.2427],[-65.6411,49.2445],[-65.6286,49.2516],[-65.5671,49.2567],[-65.554,49.2571],[-65.5439,49.2532],[-65.5365,49.2548],[-65.5096,49.252],[-65.4594,49.2542],[-65.4391,49.2523],[-65.4308,49.2536],[-65.365,49.2529]]]]}},{"type":"Feature","properties":{"CO_CEP":171,"NM_CEP":"Huntingdon"},"geometry":{"type":"MultiPolygon","coordinates":[[[[-73.3697,45.3118],[-73.371,45.3052],[-73.3741,45.3047],[-73.3735,45.3031],[-73.3759,45.3026],[-73.3754,45.3011],[-73.3798,45.3002],[-73.3797,45.2956],[-73.3824,45.2951],[-73.3815,45.2903],[-73.3828,45.2884],[-73.381,45.2886],[-73.3792,45.2858],[-73.3795,45.2807],[-73.3895,45.2681],[-73.4009,45.2661],[-73.4119,45.2543],[-73.3831,45.2596],[-73.3857,45.2572],[-73.3675,45.2445],[-73.3568,45.2524],[-73.3616,45.2556],[-73.3575,45.2588],[-73.3554,45.2574],[-73.344,45.2686],[-73.3473,45.2695],[-73.3476,45.2708],[-73.3439,45.2698],[-73.344,45.2726],[-73.3406,45.2717],[-73.3408,45.2681],[-73.2962,45.2382],[-73.2963,45.2592],[-73.2735,45.2594],[-73.2734,45.2337],[-73.2462,45.2339],[-73.2532,45.2137],[-73.2552,45.1963],[-73.2551,45.1842],[-73.2574,45.173],[-73.2567,45.1631],[-73.2543,45.1551],[-73.2568,45.1433],[-73.2564,45.1402],[-73.2535,45.1353],[-73.255,45.128],[-73.2592,45.1231],[-73.269,45.1167],[-73.2738,45.1151],[-73.2787,45.1069],[-73.2841,45.1047],[-73.2908,45.104],[-73.2976,45.0976],[-73.3102,45.0916],[-73.3208,45.0814],[-73.3228,45.0709],[-73.3314,45.0626],[-73.329,45.0532],[-73.3329,45.0419],[-73.339,45.0343],[-73.3425,45.0272],[-73.3437,45.0199],[-73.3432,45.0107],[-73.4718,45.0084],[-73.6502,45.003],[-73.8414,45.0021],[-74.1501,44.9914],[-74.3365,44.992],[-74.4564,44.997],[-74.6377,44.9994],[-74.6272,45.0022],[-74.6265,45.0104],[-74.615,45.0177],[-74.6048,45.0189],[-74.6061,45.0158],[-74.6009,45.0181],[-74.5967,45.018],[-74.5922,45.0195],[-74.5752,45.0197],[-74.5674,45.0215],[-74.5537,45.0274],[-74.5513,45.0305],[-74.5415,45.0319],[-74.5366,45.0362],[-74.5316,45.0346],[-74.5256,45.0354],[-74.5184,45.0331],[-74.523,45.037],[-74.5188,45.0372],[-74.5147,45.0392],[-74.4946,45.0364],[-74.4858,45.0366],[-74.4815,45.0384],[-74.4764,45.0436],[-74.471,45.0439],[-74.4624,45.0515],[-74.4518,45.0552],[-74.4498,45.0599],[-74.4516,45.0629],[-74.4416,45.0649],[-74.4416,45.0688],[-74.439,45.0722],[-74.4412,45.0782],[-74.4289,45.0785],[-74.425,45.0808],[-74.4235,45.085],[-74.4277,45.0906],[-74.4319,45.091],[-74.4263,45.0936],[-74.4151,45.0949],[-74.4145,45.0979],[-74.4062,45.1011],[-74.4062,45.1064],[-74.4081,45.1098],[-74.4124,45.1094],[-74.4058,45.1159],[-74.4114,45.1191],[-74.406,45.1231],[-74.4083,45.126],[-74.4035,45.1277],[-74.3921,45.1275],[-74.3769,45.1342],[-74.3709,45.1344],[-74.3662,45.1364],[-74.3644,45.14],[-74.3552,45.1409],[-74.3502,45.1445],[-74.3539,45.1492],[-74.3366,45.1576],[-74.335,45.1608],[-74.3307,45.1605],[-74.3259,45.1637],[-74.3217,45.1637],[-74.3201,45.1668],[-74.316,45.1674],[-74.3111,45.1654],[-74.3028,45.1688],[-74.2981,45.1685],[-74.2951,45.173],[-74.2883,45.1714],[-74.279,45.175],[-74.2658,45.1733],[-74.2556,45.1775],[-74.2508,45.1762],[-74.2458,45.1791],[-74.2397,45.1755],[-74.2275,45.1756],[-74.2169,45.179],[-74.2137,45.1823],[-74.2042,45.1838],[-74.1899,45.1901],[-74.182,45.1956],[-74.1241,45.1455],[-74.0264,45.155],[-74.0242,45.1533],[-73.9728,45.1795],[-73.95,45.1622],[-73.9383,45.1698],[-73.9391,45.1704],[-73.9372,45.175],[-73.9285,45.1809],[-73.9295,45.1818],[-73.9276,45.1834],[-73.9197,45.1865],[-73.9216,45.1882],[-73.92,45.1873],[-73.9166,45.1906],[-73.9132,45.188],[-73.9107,45.1898],[-73.9131,45.1917],[-73.9024,45.203],[-73.8873,45.2045],[-73.8841,45.2073],[-73.8733,45.2088],[-73.8675,45.2138],[-73.8648,45.2118],[-73.86,45.2161],[-73.8566,45.2174],[-73.8666,45.2251],[-73.8617,45.233],[-73.8592,45.2351],[-73.8514,45.2293],[-73.8218,45.2744],[-73.8199,45.2735],[-73.8194,45.2773],[-73.8267,45.278],[-73.8233,45.2836],[-73.8253,45.2873],[-73.8194,45.2941],[-73.819,45.2952],[-73.8203,45.2952],[-73.8172,45.3024],[-73.8125,45.3071],[-73.8143,45.3118],[-73.8116,45.3138],[-73.6392,45.1846],[-73.614,45.2207],[-73.6053,45.2181],[-73.5982,45.2295],[-73.6031,45.231],[-73.5897,45.2521],[-73.585,45.2507],[-73.5832,45.2539],[-73.5863,45.2551],[-73.5802,45.262],[-73.5812,45.2657],[-73.5788,45.2692],[-73.5819,45.2708],[-73.5815,45.2745],[-73.5827,45.2759],[-73.5777,45.2864],[-73.5718,45.2884],[-73.5769,45.2899],[-73.5761,45.2914],[-73.571,45.2898],[-73.5682,45.2945],[-73.5694,45.2948],[-73.5689,45.2957],[-73.5476,45.2897],[-73.5472,45.2914],[-73.55,45.2932],[-73.5371,45.2904],[-73.5366,45.2928],[-73.5304,45.2928],[-73.5153,45.2868],[-73.518,45.2819],[-73.5166,45.2813],[-73.5174,45.2803],[-73.5104,45.2776],[-73.5101,45.2788],[-73.5082,45.2781],[-73.5071,45.2794],[-73.5103,45.2807],[-73.5087,45.2837],[-73.5059,45.2861],[-73.5027,45.2849],[-73.4931,45.2969],[-73.4921,45.2958],[-73.4936,45.2952],[-73.4927,45.2947],[-73.4932,45.2928],[-73.4884,45.2942],[-73.4863,45.2916],[-73.4802,45.2946],[-73.4797,45.2935],[-73.4786,45.2941],[-73.4771,45.2918],[-73.4801,45.2903],[-73.477,45.2869],[-73.4798,45.2855],[-73.4762,45.2814],[-73.4607,45.289],[-73.464,45.2941],[-73.4435,45.3038],[-73.4422,45.3081],[-73.4438,45.3106],[-73.4248,45.3193],[-73.4216,45.3158],[-73.4204,45.3171],[-73.4215,45.3176],[-73.4126,45.3251],[-73.4112,45.3302],[-73.3697,45.3118]]],[[[-74.4838,45.0516],[-74.4843,45.0493],[-74.4804,45.0502],[-74.4824,45.0453],[-74.4914,45.0412],[-74.4948,45.0439],[-74.4977,45.0446],[-74.4995,45.0481],[-74.4976,45.0521],[-74.4891,45.0531],[-74.4838,45.0516]]],[[[-74.5847,45.0317],[-74.5767,45.0287],[-74.572,45.0294],[-74.5664,45.0322],[-74.5568,45.0317],[-74.5654,45.0249],[-74.572,45.022],[-74.5874,45.0206],[-74.5871,45.0236],[-74.5968,45.0221],[-74.5977,45.0258],[-74.592,45.0276],[-74.5888,45.0313],[-74.5847,45.0317]]],[[[-74.6097,45.0305],[-74.6266,45.0182],[-74.6283,45.0145],[-74.6334,45.013],[-74.6396,45.0087],[-74.6538,45.0112],[-74.6589,45.0087],[-74.66,45.0124],[-74.6528,45.0168],[-74.6478,45.0174],[-74.63,45.0257],[-74.6233,45.026],[-74.6137,45.0302],[-74.6097,45.0305]]],[[[-74.6512,45.0043],[-74.6458,45.0024],[-74.6415,45.0035],[-74.6429,44.9994],[-74.6622,44.9992],[-74.6512,45.0043]]]]}},{"type":"Feature","properties":{"CO_CEP":317,"NM_CEP":"Hochelaga-Maisonneuve"},"geometry":{"type":"MultiPolygon","coordinates":[[[[-73.5405,45.5357],[-73.5426,45.5288],[-73.563,45.5374],[-73.5615,45.5401],[-73.5616,45.5437],[-73.5544,45.5557],[-73.5546,45.5648],[-73.5525,45.5682],[-73.5212,45.5582],[-73.5289,45.547],[-73.5405,45.5357]]]]}},{"type":"Feature","properties":{"CO_CEP":691,"NM_CEP":"Trois-Rivières"},"geometry":{"type":"MultiPolygon","coordinates":[[[[-72.6814,46.4129],[-72.6752,46.4083],[-72.6602,46.4034],[-72.6455,46.3933],[-72.6406,46.3929],[-72.6296,46.3968],[-72.6248,46.3972],[-72.62,46.3914],[-72.6125,46.3867],[-72.6083,46.3782],[-72.6045,46.3753],[-72.5933,46.3751],[-72.575,46.369],[-72.5583,46.3668],[-72.5518,46.3664],[-72.5377,46.368],[-72.5356,46.367],[-72.5338,46.3624],[-72.5319,46.3613],[-72.5078,46.3578],[-72.5081,46.3545],[-72.53,46.346],[-72.54,46.3397],[-72.5491,46.3276],[-72.554,46.3247],[-72.5687,46.3115],[-72.6425,46.356],[-72.7234,46.4116],[-72.7049,46.4242],[-72.6868,46.4202],[-72.6844,46.4184],[-72.6814,46.4129]]]]}},{"type":"Feature","properties":{"CO_CEP":829,"NM_CEP":"Roberval"},"geometry":{"type":"MultiPolygon","coordinates":[[[[-72.0479,51.1469],[-72.0441,51.1454],[-72.0489,51.1432],[-72.051,51.139],[-72.0495,51.1285],[-72.0522,51.1158],[-72.0479,51.1131],[-72.0487,51.1107],[-72.0518,51.1085],[-72.0478,51.1056],[-72.0499,51.1014],[-72.0484,51.0992],[-72.0499,51.0941],[-72.0487,51.0878],[-72.0495,51.0852],[-72.0483,51.0839],[-72.0495,51.0816],[-72.0496,51.0754],[-72.0502,51.0735],[-72.0536,51.0728],[-72.0541,51.07],[-72.05,51.0656],[-72.0536,51.0614],[-72.052,51.0574],[-72.053,51.0523],[-72.0519,51.0511],[-72.0563,51.0478],[-72.0723,51.0485],[-72.0752,51.0444],[-72.0739,51.0367],[-72.0746,51.0334],[-72.089,51.0264],[-72.0888,51.0231],[-72.0923,51.0158],[-72.0926,51.0094],[-72.0902,51.0074],[-72.0901,51.0051],[-72.0923,51.0036],[-72.0947,50.9976],[-72.0938,50.9961],[-72.0962,50.9875],[-72.1019,50.9812],[-72.0955,50.9765],[-72.0956,50.9741],[-72.0996,50.9674],[-72.1043,50.9638],[-72.103,50.9614],[-72.1064,50.9584],[-72.1076,50.9555],[-72.104,50.9382],[-72.1054,50.9295],[-72.1048,50.9263],[-72.106,50.9203],[-72.1071,50.9198],[-72.1066,50.9139],[-72.1043,50.9092],[-72.1071,50.9017],[-72.1046,50.896],[-72.1056,50.8951],[-72.1039,50.8914],[-72.1041,50.8885],[-72.1014,50.8868],[-72.1023,50.8829],[-72.1043,50.8824],[-72.1018,50.8795],[-72.1018,50.877],[-72.1041,50.8758],[-72.1028,50.875],[-72.1035,50.8729],[-72.1064,50.8711],[-72.1039,50.8667],[-72.1059,50.8637],[-72.1072,50.856],[-72.1098,50.8531],[-72.1166,50.8493],[-72.1196,50.8492],[-72.1228,50.8465],[-72.1267,50.847],[-72.1391,50.8398],[-72.1458,50.8393],[-72.1498,50.8352],[-72.1503,50.8293],[-72.1524,50.8297],[-72.1558,50.8263],[-72.1551,50.8244],[-72.1567,50.8188],[-72.154,50.815],[-72.1589,50.8099],[-72.1519,50.801],[-72.156,50.7964],[-72.1544,50.794],[-72.1547,50.7904],[-72.151,50.7869],[-72.1522,50.7842],[-72.1504,50.7803],[-72.1512,50.7784],[-72.1489,50.7748],[-72.1493,50.7685],[-72.1526,50.7615],[-72.1512,50.7576],[-72.154,50.7515],[-72.1509,50.7397],[-72.1546,50.7376],[-72.1569,50.7293],[-72.1598,50.7276],[-72.1649,50.727],[-72.1627,50.7208],[-72.1632,50.7169],[-72.1656,50.7148],[-72.1649,50.7127],[-72.1668,50.7106],[-72.1651,50.7067],[-72.1714,50.6998],[-72.1769,50.6879],[-72.1768,50.6855],[-72.1824,50.6807],[-72.1815,50.6785],[-72.1834,50.6759],[-72.1804,50.6734],[-72.1798,50.6709],[-72.1817,50.6683],[-72.1811,50.6647],[-72.1828,50.6626],[-72.1843,50.6522],[-72.1866,50.6482],[-72.1855,50.6402],[-72.1887,50.6345],[-72.1887,50.6325],[-72.1864,50.6301],[-72.1865,50.6256],[-72.1896,50.6199],[-72.1893,50.6181],[-72.1925,50.615],[-72.1922,50.6115],[-72.1897,50.6109],[-72.188,50.6087],[-72.1881,50.6047],[-72.1905,50.6035],[-72.1909,50.5933],[-72.1892,50.5913],[-72.1902,50.5892],[-72.1888,50.588],[-72.1885,50.5842],[-72.1832,50.5807],[-72.1831,50.5757],[-72.1845,50.5736],[-72.1819,50.5695],[-72.1824,50.5652],[-72.1781,50.5624],[-72.1753,50.5575],[-72.1749,50.5554],[-72.177,50.5537],[-72.1763,50.5526],[-72.1711,50.5477],[-72.1685,50.5468],[-72.1678,50.5418],[-72.1632,50.5396],[-72.1617,50.5374],[-72.1662,50.5306],[-72.1654,50.5277],[-72.1623,50.5256],[-72.1636,50.5176],[-72.1608,50.5133],[-72.1622,50.5113],[-72.1591,50.5081],[-72.1622,50.5028],[-72.1604,50.5],[-72.1609,50.496],[-72.1544,50.4877],[-72.1533,50.4831],[-72.1551,50.4802],[-72.161,50.478],[-72.159,50.4758],[-72.1584,50.4715],[-72.1566,50.4692],[-72.1588,50.4654],[-72.1585,50.4573],[-72.1603,50.4528],[-72.1593,50.4438],[-72.1639,50.4379],[-72.1645,50.4344],[-72.1616,50.431],[-72.163,50.423],[-72.165,50.4196],[-72.1625,50.4161],[-72.1655,50.4107],[-72.1657,50.4072],[-72.1715,50.405],[-72.1716,50.4012],[-72.1749,50.3991],[-72.1835,50.3822],[-72.1822,50.3686],[-72.1838,50.3626],[-72.182,50.3525],[-72.1794,50.3507],[-72.1713,50.349],[-72.1708,50.3481],[-72.1729,50.3445],[-72.1698,50.3419],[-72.1621,50.3415],[-72.1608,50.3397],[-72.1609,50.3343],[-72.1562,50.3307],[-72.1576,50.3288],[-72.1641,50.3272],[-72.1626,50.3235],[-72.1564,50.321],[-72.1578,50.3185],[-72.164,50.3166],[-72.1568,50.3101],[-72.162,50.3055],[-72.1586,50.3042],[-72.1534,50.307],[-72.1505,50.3059],[-72.152,50.3033],[-72.1596,50.2999],[-72.158,50.2889],[-72.1604,50.2855],[-72.1604,50.2824],[-72.1584,50.2787],[-72.1538,50.2758],[-72.1532,50.2737],[-72.156,50.2713],[-72.1618,50.2708],[-72.1636,50.2647],[-72.1632,50.2606],[-72.1598,50.2568],[-72.1497,50.256],[-72.1479,50.2541],[-72.1491,50.2518],[-72.156,50.249],[-72.1579,50.2469],[-72.1579,50.2454],[-72.1527,50.2406],[-72.1527,50.2389],[-72.1548,50.2373],[-72.1596,50.237],[-72.1599,50.236],[-72.1574,50.2343],[-72.15,50.2339],[-72.1483,50.2322],[-72.1498,50.2302],[-72.1554,50.2291],[-72.1612,50.2262],[-72.1616,50.223],[-72.1574,50.22],[-72.1571,50.2172],[-72.1618,50.2161],[-72.1666,50.2185],[-72.1706,50.2187],[-72.172,50.2181],[-72.1725,50.2154],[-72.1723,50.2136],[-72.1698,50.2122],[-72.1556,50.2152],[-72.1529,50.2146],[-72.1528,50.2126],[-72.1599,50.2092],[-72.171,50.2089],[-72.1727,50.2065],[-72.1728,50.202],[-72.1782,50.1984],[-72.1764,50.195],[-72.1725,50.1928],[-72.1679,50.1932],[-72.1647,50.1967],[-72.1619,50.1958],[-72.1644,50.1885],[-72.1728,50.186],[-72.1741,50.1844],[-72.1677,50.1781],[-72.1708,50.1723],[-72.1676,50.1644],[-72.1704,50.1585],[-72.1701,50.1565],[-72.1682,50.1543],[-72.1599,50.1505],[-72.1609,50.1433],[-72.1659,50.127],[-72.1742,50.1226],[-72.1754,50.1203],[-72.1722,50.1168],[-72.1658,50.1155],[-72.1658,50.1122],[-72.1678,50.1093],[-72.1754,50.1072],[-72.1773,50.1051],[-72.1761,50.1024],[-72.1741,50.1015],[-72.1648,50.1011],[-72.1639,50.0816],[-72.1589,50.0708],[-72.1579,50.0655],[-72.1616,50.0602],[-72.1704,50.0577],[-72.1735,50.0554],[-72.1603,50.0419],[-72.1441,49.9952],[-72.1311,49.9495],[-72.1193,49.9302],[-72.118,49.9242],[-72.1065,49.9034],[-72.0966,49.889],[-72.0916,49.8712],[-72.0877,49.8621],[-72.0848,49.8602],[-72.0802,49.8525],[-72.0781,49.8455],[-72.067,49.8406],[-72.0633,49.8359],[-72.0587,49.8277],[-72.06,49.8222],[-72.0506,49.8162],[-72.0351,49.8144],[-72.0321,49.8084],[-72.0334,49.7976],[-72.0317,49.7939],[-72.0314,49.7847],[-72.0368,49.7779],[-72.0366,49.7736],[-72.0315,49.7718],[-72.0266,49.7678],[-72.0292,49.7629],[-72.0279,49.7613],[-72.0286,49.7586],[-72.0274,49.7556],[-72.0286,49.7533],[-72.032,49.7511],[-72.0323,49.7493],[-72.0222,49.7417],[-72.0195,49.7418],[-72.0178,49.7376],[-72.0132,49.7356],[-72.0019,49.7192],[-71.9964,49.7161],[-71.9936,49.713],[-71.9962,49.7086],[-71.997,49.7023],[-72.0016,49.6944],[-72.0073,49.6929],[-72.0141,49.6954],[-72.0184,49.6954],[-72.0213,49.6899],[-72.0253,49.6861],[-72.0236,49.677],[-72.0374,49.6803],[-72.0466,49.6697],[-72.0465,49.6664],[-72.0375,49.66],[-72.0338,49.6528],[-72.0349,49.6485],[-72.0382,49.6442],[-72.0381,49.6417],[-72.0353,49.6402],[-72.0362,49.635],[-72.0382,49.6319],[-72.0378,49.6272],[-72.0343,49.6227],[-72.0336,49.6157],[-72.0302,49.6107],[-72.0279,49.603],[-72.0276,49.5934],[-72.0314,49.5877],[-72.0203,49.5818],[-72.0141,49.5749],[-72.0133,49.5724],[-72.0077,49.5677],[-72.0011,49.5656],[-72.0,49.5637],[-71.9959,49.5616],[-71.9928,49.5554],[-71.9719,49.5452],[-71.9665,49.5392],[-71.9645,49.5334],[-71.9596,49.5282],[-71.9582,49.523],[-71.9505,49.5177],[-71.9488,49.512],[-71.9449,49.5107],[-71.9378,49.5116],[-71.9345,49.5093],[-71.9343,49.5053],[-71.9362,49.5],[-71.931,49.4925],[-71.9341,49.4884],[-71.9343,49.4849],[-71.9324,49.4778],[-71.9294,49.4739],[-71.9334,49.466],[-71.9342,49.4575],[-71.933,49.45],[-71.9295,49.4437],[-71.9282,49.4355],[-71.9299,49.4285],[-71.9435,49.4057],[-71.9435,49.3968],[-71.9422,49.3945],[-71.9443,49.3857],[-71.9497,49.3817],[-71.9589,49.3829],[-71.9657,49.3815],[-71.974,49.3684],[-71.976,49.3671],[-71.9806,49.3663],[-71.9875,49.3679],[-71.989,49.3704],[-71.9895,49.3758],[-71.9926,49.3772],[-72.001,49.3763],[-72.0043,49.3716],[-72.0072,49.3699],[-72.0103,49.3698],[-72.015,49.3723],[-72.0164,49.3751],[-72.0155,49.3798],[-72.0172,49.3883],[-72.0253,49.3992],[-72.0292,49.3983],[-72.0333,49.3928],[-72.0354,49.3869],[-72.0359,49.3804],[-72.0426,49.3778],[-72.0489,49.3784],[-72.0488,49.3852],[-72.0551,49.3891],[-72.0548,49.3935],[-72.0571,49.3948],[-72.0688,49.3921],[-72.0777,49.3757],[-72.0798,49.3741],[-72.0861,49.3733],[-72.093,49.378],[-72.0955,49.3727],[-72.1016,49.3661],[-72.1047,49.3568],[-72.1165,49.3474],[-72.1251,49.3329],[-72.13,49.3271],[-72.1379,49.3058],[-72.1384,49.2981],[-72.1426,49.2951],[-72.1434,49.2863],[-72.1485,49.2693],[-72.1529,49.2622],[-72.1558,49.2529],[-72.152,49.2473],[-72.139,49.2373],[-72.1352,49.2285],[-72.1264,49.2232],[-72.1132,49.2086],[-72.1059,49.1963],[-72.1035,49.1865],[-72.0923,49.178],[-72.092,49.1734],[-72.0891,49.17],[-72.0848,49.1676],[-72.0801,49.1596],[-72.0798,49.1545],[-72.083,49.1513],[-72.0826,49.1493],[-72.0896,49.1452],[-72.0917,49.1357],[-71.875,49.1357],[-71.8742,49.1314],[-71.8758,49.1306],[-71.8712,49.1275],[-71.8706,49.1234],[-71.8684,49.1219],[-71.8684,49.1192],[-71.8698,49.1178],[-71.867,49.1152],[-71.8655,49.1075],[-71.866,49.1063],[-71.8683,49.1064],[-71.8677,49.1048],[-71.869,49.1032],[-71.8721,49.1022],[-71.8714,49.1011],[-71.8729,49.0987],[-71.8838,49.0866],[-71.89,49.0828],[-71.8903,49.0805],[-71.8869,49.0787],[-71.8869,49.0802],[-71.8852,49.0783],[-71.8846,49.0802],[-71.8823,49.0787],[-71.8831,49.0765],[-71.8805,49.0731],[-71.8815,49.0702],[-71.8788,49.0696],[-71.8803,49.0639],[-71.8765,49.063],[-71.876,49.0605],[-71.8694,49.0581],[-71.8603,49.0476],[-71.8533,49.0463],[-71.8482,49.0414],[-71.846,49.0421],[-71.8436,49.0399],[-71.8443,49.0376],[-71.8417,49.0303],[-71.8426,49.0283],[-71.8405,49.0274],[-71.8427,49.025],[-71.8451,49.0267],[-71.8477,49.0223],[-71.8454,49.0211],[-71.8447,49.023],[-71.8429,49.0224],[-71.8446,49.0164],[-71.8428,49.0113],[-71.8389,49.0078],[-71.842,49.0045],[-71.8408,49.0017],[-71.8461,48.9978],[-71.85,48.9982],[-71.8552,48.9966],[-71.8538,48.9946],[-71.8573,48.9932],[-71.8567,48.9916],[-71.8593,48.9895],[-71.8575,48.9881],[-71.8576,48.9866],[-71.8626,48.9826],[-71.8621,48.9811],[-71.8591,48.9811],[-71.8584,48.9787],[-71.8689,48.9773],[-71.8688,48.9732],[-71.8713,48.97],[-71.8782,48.967],[-71.8761,48.9645],[-71.8774,48.9561],[-71.8847,48.945],[-71.8975,48.9418],[-71.9016,48.9388],[-71.918,48.9377],[-71.9127,48.9357],[-71.9142,48.9343],[-71.9189,48.9347],[-71.925,48.9262],[-71.9284,48.9244],[-71.9323,48.9179],[-71.9316,48.9163],[-71.925,48.9137],[-71.9249,48.9125],[-71.9283,48.9117],[-71.928,48.9081],[-71.9249,48.9025],[-71.9245,48.8968],[-71.9277,48.8947],[-71.9324,48.8953],[-71.9361,48.8924],[-71.9383,48.8886],[-71.9453,48.8829],[-71.9563,48.8778],[-71.9617,48.8774],[-71.9717,48.8705],[-71.7683,48.8345],[-71.7705,48.8326],[-71.7788,48.8328],[-71.7803,48.8313],[-71.7817,48.8256],[-71.8091,48.8187],[-71.8205,48.812],[-71.8235,48.8089],[-71.8278,48.7875],[-71.8247,48.7809],[-71.8142,48.7746],[-71.8124,48.7712],[-71.8132,48.7698],[-71.8312,48.7607],[-71.8395,48.7541],[-71.859,48.742],[-71.8811,48.7362],[-71.8934,48.735],[-71.9078,48.7284],[-71.9202,48.7262],[-71.933,48.7264],[-71.9723,48.7353],[-71.9896,48.7364],[-71.9977,48.7383],[-72.0059,48.7422],[-72.0239,48.7533],[-72.0362,48.7579],[-72.0529,48.7612],[-72.0783,48.7563],[-72.0839,48.7595],[-72.0937,48.7543],[-72.1053,48.754],[-72.1114,48.75],[-72.1295,48.7464],[-72.1698,48.7458],[-72.1947,48.7413],[-72.2072,48.7424],[-72.2083,48.7387],[-72.2201,48.7333],[-72.2372,48.728],[-72.2655,48.7248],[-72.2708,48.7279],[-72.2756,48.728],[-72.2835,48.7212],[-72.2858,48.7177],[-72.2911,48.7161],[-72.2976,48.7187],[-72.3059,48.7176],[-72.3178,48.7315],[-72.3446,48.73],[-72.3406,48.7072],[-72.3434,48.7001],[-72.3454,48.6969],[-72.3516,48.6932],[-72.3573,48.6961],[-72.3614,48.6962],[-72.3471,48.6797],[-72.3419,48.6775],[-72.3353,48.6629],[-72.3288,48.6567],[-72.3232,48.6561],[-72.316,48.6487],[-72.3128,48.6414],[-72.312,48.6257],[-72.3194,48.6217],[-72.3456,48.6155],[-72.3352,48.6048],[-72.32,48.5977],[-72.3145,48.5982],[-72.3035,48.5962],[-72.2965,48.59],[-72.2986,48.5867],[-72.2936,48.5845],[-72.288,48.5843],[-72.2836,48.5807],[-72.2783,48.5797],[-72.2724,48.5822],[-72.2502,48.5822],[-72.2449,48.5838],[-72.2337,48.5828],[-72.2291,48.5789],[-72.2269,48.5692],[-72.2295,48.5659],[-72.2291,48.5622],[-72.2237,48.5613],[-72.2213,48.5541],[-72.2228,48.547],[-72.2196,48.5432],[-72.2183,48.5377],[-72.2178,48.5337],[-72.2226,48.532],[-72.2188,48.5132],[-72.2187,48.505],[-72.2141,48.5],[-72.2158,48.4965],[-72.2143,48.4928],[-72.2087,48.4904],[-72.2071,48.4867],[-72.2018,48.4835],[-72.1921,48.4686],[-72.1811,48.4577],[-72.1747,48.4539],[-72.1582,48.4486],[-72.1511,48.4489],[-72.1404,48.4535],[-72.1318,48.4451],[-72.1255,48.442],[-72.1202,48.4433],[-72.1112,48.4427],[-72.1052,48.4469],[-72.1047,48.4507],[-72.109,48.4564],[-72.1145,48.4585],[-72.1175,48.4617],[-72.1251,48.4727],[-72.1243,48.4775],[-72.1095,48.4757],[-72.1076,48.4713],[-72.1038,48.4681],[-72.0797,48.4614],[-72.0745,48.4582],[-72.0723,48.4551],[-72.0746,48.4513],[-72.0652,48.4438],[-72.0482,48.4384],[-72.0447,48.4354],[-72.0088,48.4208],[-72.0,48.4178],[-71.9912,48.4181],[-71.974,48.4237],[-71.9676,48.4232],[-71.9666,48.417],[-71.9689,48.4138],[-71.9641,48.4111],[-71.9642,48.4095],[-71.9717,48.4027],[-71.9708,48.3978],[-71.9774,48.395],[-71.9766,48.3884],[-71.9733,48.3872],[-71.9719,48.3853],[-71.9665,48.3842],[-71.9651,48.3792],[-71.9019,48.3663],[-71.9083,48.3523],[-71.905,48.3516],[-71.9282,48.3038],[-71.8875,48.2972],[-71.9103,48.2414],[-71.9587,48.2502],[-71.9521,48.2432],[-71.9442,48.2321],[-71.9429,48.2274],[-71.9445,48.2267],[-71.9444,48.225],[-71.941,48.224],[-71.9371,48.2189],[-71.9308,48.2143],[-71.9305,48.2116],[-71.926,48.2096],[-71.9272,48.206],[-71.9318,48.2011],[-71.925,48.191],[-71.9169,48.1845],[-71.9073,48.1856],[-71.904,48.1852],[-71.9028,48.1837],[-71.8957,48.1844],[-71.8957,48.1813],[-71.8868,48.1767],[-71.8818,48.1641],[-71.8844,48.1591],[-71.8865,48.1462],[-71.8947,48.1429],[-71.8987,48.1335],[-71.906,48.1308],[-71.9078,48.128],[-71.9089,48.1206],[-71.9158,48.1153],[-71.922,48.1064],[-71.9256,48.1039],[-71.9337,48.1027],[-71.9327,48.1003],[-71.9333,48.0986],[-71.9357,48.098],[-71.9399,48.0925],[-71.9449,48.0916],[-71.9486,48.0884],[-71.9619,48.0852],[-71.9624,48.0825],[-71.9649,48.0813],[-71.9655,48.0731],[-71.9689,48.0668],[-71.969,48.0636],[-71.974,48.0603],[-71.9748,48.056],[-71.9739,48.0523],[-71.9833,48.0502],[-71.9878,48.046],[-71.9917,48.0455],[-71.9944,48.0421],[-71.9998,48.0443],[-72.007,48.0413],[-72.009,48.0397],[-72.0107,48.0354],[-72.0149,48.0316],[-72.0167,48.0305],[-72.0231,48.0314],[-72.0234,48.0278],[-72.0275,48.0273],[-72.0312,48.0232],[-72.037,48.0297],[-72.0439,48.0326],[-72.0472,48.0319],[-72.05,48.0236],[-72.0465,48.0167],[-72.0504,48.0102],[-72.0498,48.0049],[-72.0532,48.0035],[-72.0561,48.0066],[-72.0582,48.0064],[-72.0613,48.0027],[-72.068,47.9987],[-72.0717,48.0008],[-72.0721,48.0039],[-72.0737,48.0043],[-72.0795,48.0035],[-72.0816,48.0005],[-72.0876,47.9986],[-73.0177,47.9986],[-73.8344,48.543],[-73.9672,48.6251],[-74.4733,48.9466],[-74.4668,48.9544],[-74.4599,48.9544],[-74.4542,48.9677],[-74.4536,48.9718],[-74.4484,48.9741],[-74.4409,48.9744],[-74.4368,48.9717],[-74.4403,48.9646],[-74.4388,48.9625],[-74.4404,48.9606],[-74.4359,48.9587],[-74.4377,48.956],[-74.4361,48.952],[-74.4386,48.9499],[-74.4466,48.9499],[-74.4471,48.9464],[-74.4494,48.9453],[-74.4502,48.9435],[-74.4481,48.9408],[-74.4483,48.9386],[-74.445,48.937],[-74.4451,48.9347],[-74.4412,48.9321],[-74.4335,48.9362],[-74.4221,48.9341],[-74.4171,48.9348],[-74.4156,48.9293],[-74.4119,48.9275],[-74.4115,48.9257],[-74.4076,48.9247],[-74.4068,48.9228],[-74.4021,48.9222],[-74.3992,48.9262],[-74.3951,48.9256],[-74.3915,48.9271],[-74.3907,48.9291],[-74.3918,48.9333],[-74.3897,48.9362],[-74.3695,48.939],[-74.3683,48.9386],[-74.3692,48.9372],[-74.3681,48.9362],[-74.3619,48.9361],[-74.3592,48.9349],[-74.3574,48.9361],[-74.3547,48.9351],[-74.3552,48.9281],[-74.3582,48.9253],[-74.3632,48.9234],[-74.363,48.9183],[-74.3543,48.9198],[-74.3459,48.9232],[-74.3363,48.9228],[-74.3338,48.92],[-74.3322,48.9216],[-74.3303,48.9237],[-74.3329,48.9262],[-74.3318,48.9268],[-74.3325,48.9278],[-74.3306,48.9336],[-74.332,48.9355],[-74.3347,48.935],[-74.3345,48.9387],[-74.3363,48.9408],[-74.3321,48.944],[-74.3298,48.9484],[-74.3351,48.9502],[-74.3362,48.9525],[-74.3351,48.9539],[-74.3357,48.9556],[-74.3383,48.9571],[-74.3343,48.9685],[-74.3296,48.9679],[-74.3249,48.9718],[-74.318,48.9702],[-74.3143,48.9707],[-74.3116,48.974],[-74.311,48.9772],[-74.306,48.975],[-74.3035,48.9766],[-74.2999,48.975],[-74.2962,48.9765],[-74.295,48.978],[-74.294,48.9873],[-74.2894,48.9901],[-74.2852,48.9904],[-74.2858,48.992],[-74.2846,48.9932],[-74.2858,48.9951],[-74.2832,48.9992],[-74.2891,49.0031],[-74.2897,49.0063],[-74.2882,49.0096],[-74.294,49.0108],[-74.297,49.0136],[-74.3029,49.0132],[-74.3034,49.015],[-74.3014,49.0178],[-74.2978,49.0203],[-74.2976,49.026],[-74.3032,49.0279],[-74.3029,49.0301],[-74.3051,49.0319],[-74.3053,49.0343],[-74.3041,49.0356],[-74.3068,49.0416],[-74.2969,49.041],[-74.292,49.042],[-74.2872,49.045],[-74.2905,49.048],[-74.2894,49.0526],[-74.291,49.057],[-74.2902,49.064],[-74.2872,49.0707],[-74.2814,49.0693],[-74.2778,49.0704],[-74.2792,49.0739],[-74.2793,49.0788],[-74.2766,49.0802],[-74.2751,49.083],[-74.2764,49.0862],[-74.2734,49.0894],[-74.2761,49.0937],[-74.2761,49.0963],[-74.2802,49.0996],[-74.2782,49.1029],[-74.2741,49.1013],[-74.2679,49.103],[-74.2667,49.1054],[-74.2681,49.1097],[-74.2709,49.1129],[-74.264,49.1198],[-74.2633,49.1232],[-74.2642,49.1297],[-74.263,49.1334],[-74.2643,49.137],[-74.253,49.1385],[-74.2506,49.1357],[-74.2443,49.136],[-74.246,49.1406],[-74.2455,49.1461],[-74.2489,49.1477],[-74.2496,49.1495],[-74.2488,49.1534],[-74.2504,49.1602],[-74.2443,49.1633],[-74.244,49.1658],[-74.2493,49.1676],[-74.2534,49.1706],[-74.2502,49.1745],[-74.2492,49.1815],[-74.2436,49.1837],[-74.2419,49.1876],[-74.2426,49.1912],[-74.2393,49.1958],[-74.2431,49.2022],[-74.2399,49.2096],[-74.2382,49.2115],[-74.2292,49.2111],[-74.2274,49.2181],[-74.23,49.2249],[-74.2294,49.2331],[-74.2276,49.2373],[-74.2286,49.2437],[-74.2278,49.2542],[-74.2306,49.2593],[-74.2278,49.2624],[-74.2325,49.2679],[-74.2295,49.2796],[-74.2306,49.2833],[-74.2358,49.284],[-74.2357,49.2874],[-74.2452,49.2901],[-74.2495,49.2898],[-74.2506,49.2884],[-74.2503,49.2831],[-74.2548,49.2805],[-74.2579,49.2757],[-74.2609,49.2739],[-74.2711,49.2753],[-74.269,49.2795],[-74.2711,49.2829],[-74.2696,49.2856],[-74.2704,49.2868],[-74.284,49.2868],[-74.2891,49.2801],[-74.2906,49.2812],[-74.2905,49.2851],[-74.2931,49.2868],[-74.293,49.2896],[-74.2939,49.2899],[-74.2982,49.285],[-74.3031,49.284],[-74.3053,49.2753],[-74.3022,49.2704],[-74.306,49.2594],[-74.312,49.2583],[-74.315,49.2603],[-74.3128,49.2709],[-74.3207,49.271],[-74.3246,49.2736],[-74.3298,49.2721],[-74.336,49.2722],[-74.3303,49.2825],[-74.3307,49.2839],[-74.3342,49.2848],[-74.3343,49.2865],[-74.3493,49.2907],[-74.3541,49.294],[-74.3547,49.2948],[-74.3535,49.2957],[-74.3545,49.2972],[-74.3582,49.298],[-74.3616,49.3011],[-74.3661,49.3003],[-74.3817,49.3022],[-74.3804,49.3046],[-74.378,49.305],[-74.3766,49.3087],[-74.3743,49.3106],[-74.3734,49.3144],[-74.3749,49.3165],[-74.3851,49.3196],[-74.3925,49.3166],[-74.4032,49.3186],[-74.4199,49.3193],[-74.4259,49.3222],[-74.433,49.3238],[-74.4332,49.3255],[-74.4309,49.3262],[-74.4323,49.3274],[-74.4264,49.332],[-74.4261,49.3348],[-74.418,49.3444],[-74.4097,49.3509],[-74.4093,49.3574],[-74.4052,49.359],[-74.4015,49.3638],[-74.3959,49.3669],[-74.3939,49.3697],[-74.3948,49.3726],[-74.4021,49.3748],[-74.4129,49.3751],[-74.4149,49.3769],[-74.4146,49.3793],[-74.4162,49.3818],[-74.4147,49.3843],[-74.4073,49.3878],[-74.4047,49.3943],[-74.4073,49.41],[-74.4054,49.4156],[-74.407,49.4211],[-74.4055,49.4281],[-74.4012,49.4323],[-74.3947,49.4347],[-74.389,49.4349],[-74.3839,49.4332],[-74.3774,49.4414],[-74.3776,49.4437],[-74.3795,49.4448],[-74.3769,49.4547],[-74.3792,49.4571],[-74.3877,49.4572],[-74.3902,49.4672],[-74.3934,49.4714],[-74.3939,49.4743],[-74.3876,49.4822],[-74.3811,49.4812],[-74.3733,49.4823],[-74.3693,49.4843],[-74.3587,49.4979],[-74.3501,49.4998],[-74.3462,49.5039],[-74.3402,49.5046],[-74.3404,49.502],[-74.3356,49.5007],[-74.3334,49.4981],[-74.3282,49.4965],[-74.3214,49.4923],[-74.3224,49.4903],[-74.3284,49.4864],[-74.3345,49.4841],[-74.3363,49.4778],[-74.3303,49.4761],[-74.3184,49.4777],[-74.3145,49.4804],[-74.3067,49.4825],[-74.3026,49.4851],[-74.2957,49.4861],[-74.2922,49.4924],[-74.2888,49.4954],[-74.281,49.4974],[-74.2673,49.5083],[-74.2531,49.5128],[-74.2522,49.5168],[-74.2533,49.5178],[-74.2681,49.5241],[-74.2618,49.5289],[-74.2575,49.5345],[-74.2524,49.5449],[-74.2505,49.5514],[-74.2534,49.5535],[-74.2509,49.5585],[-74.2513,49.5647],[-74.2528,49.5669],[-74.2505,49.5702],[-74.2435,49.5686],[-74.2281,49.569],[-74.2262,49.5729],[-74.2282,49.5794],[-74.2252,49.5872],[-74.2162,49.5938],[-74.21,49.602],[-74.2038,49.6061],[-74.2019,49.6062],[-74.1984,49.6115],[-74.1976,49.6145],[-74.1996,49.6178],[-74.1989,49.6196],[-74.1947,49.6206],[-74.1929,49.6276],[-74.1939,49.6307],[-74.1917,49.6353],[-74.1866,49.64],[-74.1846,49.6461],[-74.1915,49.6553],[-74.1834,49.668],[-74.1828,49.676],[-74.1785,49.6838],[-74.1738,49.6856],[-74.1615,49.6808],[-74.1556,49.6826],[-74.1533,49.6817],[-74.1514,49.6783],[-74.1415,49.6797],[-74.1389,49.6823],[-74.1386,49.6842],[-74.1293,49.6905],[-74.1257,49.6908],[-74.1223,49.6933],[-74.119,49.6984],[-74.1179,49.7034],[-74.1123,49.7044],[-74.1106,49.7058],[-74.1095,49.7075],[-74.1104,49.7106],[-74.1066,49.7161],[-74.1096,49.7192],[-74.1111,49.7191],[-74.1112,49.7205],[-74.0985,49.7354],[-74.0166,49.7353],[-74.0166,49.8019],[-74.0004,49.8078],[-73.996,49.8137],[-73.9965,49.815],[-73.9948,49.8185],[-73.9838,49.8331],[-73.9692,49.8413],[-73.956,49.842],[-73.9453,49.8608],[-73.9418,49.8629],[-73.9231,49.8811],[-73.9235,49.8861],[-73.9215,49.8907],[-73.9178,49.893],[-73.9134,49.8917],[-73.9111,49.8968],[-73.9075,49.899],[-73.9062,49.9034],[-73.9079,49.9055],[-73.9042,49.9105],[-73.9068,49.911],[-73.9086,49.9132],[-73.9072,49.9167],[-73.9092,49.9198],[-73.91,49.9278],[-73.9054,49.9358],[-73.9052,49.9386],[-73.9012,49.9423],[-73.8986,49.9472],[-73.8964,49.9546],[-73.8917,49.9572],[-73.8887,49.9612],[-73.887,49.9619],[-73.8848,49.9598],[-73.8778,49.9605],[-73.8749,49.9647],[-73.8695,49.9658],[-73.8647,49.9773],[-73.8614,49.9801],[-73.8576,49.9879],[-73.8578,49.9904],[-73.8553,49.9927],[-73.855,49.9969],[-73.8476,49.9997],[-73.8473,50.0018],[-73.8529,50.0044],[-73.8516,50.0114],[-73.8358,50.0096],[-73.8322,50.0137],[-73.8297,50.0129],[-73.8291,50.011],[-73.8228,50.0135],[-73.8195,50.0164],[-73.8187,50.0214],[-73.8121,50.0305],[-73.8076,50.0288],[-73.8044,50.03],[-73.801,50.0353],[-73.8021,50.0379],[-73.8011,50.0421],[-73.7986,50.0439],[-73.7944,50.0442],[-73.7934,50.0505],[-73.7896,50.0526],[-73.7876,50.0561],[-73.7878,50.0606],[-73.783,50.0721],[-73.7838,50.0786],[-73.7793,50.0783],[-73.778,50.0835],[-73.7816,50.0857],[-73.7811,50.091],[-73.7881,50.0945],[-73.7904,50.0992],[-73.79,50.1022],[-73.7836,50.1087],[-73.7787,50.1097],[-73.7789,50.1126],[-73.7808,50.1155],[-73.7759,50.1174],[-73.775,50.1199],[-73.7787,50.1207],[-73.7832,50.1252],[-73.7836,50.1285],[-73.7812,50.1312],[-73.7883,50.1326],[-73.7924,50.1354],[-73.7847,50.1469],[-73.7743,50.1493],[-73.7698,50.1552],[-73.7719,50.1555],[-73.7788,50.1608],[-73.7794,50.1622],[-73.7759,50.167],[-73.7823,50.1689],[-73.7846,50.172],[-73.7831,50.1822],[-73.779,50.1843],[-73.7788,50.1867],[-73.7841,50.1901],[-73.7804,50.1937],[-73.7746,50.2078],[-73.772,50.2091],[-73.7714,50.2119],[-73.7695,50.2132],[-73.7699,50.216],[-73.7573,50.2223],[-73.7567,50.2236],[-73.7578,50.2255],[-73.7516,50.2266],[-73.7513,50.2297],[-73.7469,50.232],[-73.739,50.2289],[-73.7376,50.2248],[-73.7381,50.2215],[-73.7328,50.2165],[-73.7264,50.2159],[-73.7166,50.2172],[-73.7151,50.2144],[-73.7084,50.2126],[-73.7002,50.2126],[-73.6966,50.2149],[-73.685,50.2115],[-73.6851,50.2147],[-73.6827,50.2182],[-73.6737,50.2253],[-73.6719,50.2285],[-73.6715,50.2316],[-73.6737,50.2356],[-73.6711,50.2418],[-73.6727,50.2455],[-73.6551,50.2576],[-73.6495,50.2682],[-73.6411,50.2789],[-73.6305,50.2837],[-73.6313,50.2927],[-73.6274,50.2961],[-73.6262,50.3015],[-73.6191,50.3049],[-73.6167,50.3138],[-73.6161,50.3231],[-73.6105,50.3279],[-73.6096,50.3322],[-73.6133,50.3338],[-73.612,50.3388],[-73.6079,50.3421],[-73.5991,50.3454],[-73.5996,50.3468],[-73.6081,50.3511],[-73.6099,50.3541],[-73.6116,50.3653],[-73.6091,50.3702],[-73.6116,50.3736],[-73.6098,50.3782],[-73.6101,50.3865],[-73.6023,50.3932],[-73.5964,50.4008],[-73.588,50.4063],[-73.5843,50.4073],[-73.5807,50.4063],[-73.5753,50.3986],[-73.5744,50.3946],[-73.5788,50.3858],[-73.5795,50.378],[-73.584,50.3712],[-73.58,50.3656],[-73.5749,50.3635],[-73.5703,50.3633],[-73.5655,50.3682],[-73.56,50.3705],[-73.5569,50.3697],[-73.5533,50.3646],[-73.5416,50.3665],[-73.5306,50.3781],[-73.5168,50.3787],[-73.5073,50.3862],[-73.4941,50.3856],[-73.4924,50.3882],[-73.4942,50.3929],[-73.4918,50.3974],[-73.4897,50.3998],[-73.4838,50.4006],[-73.4834,50.3974],[-73.4811,50.3952],[-73.4798,50.3867],[-73.4802,50.384],[-73.4827,50.3814],[-73.478,50.3716],[-73.4778,50.3683],[-73.4713,50.3682],[-73.4591,50.3707],[-73.4561,50.3767],[-73.4586,50.3785],[-73.4572,50.3838],[-73.4531,50.3881],[-73.4596,50.392],[-73.4587,50.4009],[-73.4523,50.4117],[-73.443,50.4209],[-73.439,50.4293],[-73.4348,50.4433],[-73.426,50.4434],[-73.4195,50.4562],[-73.411,50.4667],[-73.4031,50.4653],[-73.4003,50.4676],[-73.4007,50.4714],[-73.3982,50.4764],[-73.4016,50.4782],[-73.4017,50.4807],[-73.3989,50.4848],[-73.3947,50.4846],[-73.3919,50.4912],[-73.392,50.4989],[-73.3883,50.5046],[-73.388,50.509],[-73.3851,50.5159],[-73.3811,50.5153],[-73.3707,50.5223],[-73.3716,50.5251],[-73.3708,50.5269],[-73.3739,50.5303],[-73.3674,50.5288],[-73.3567,50.5286],[-73.3558,50.5297],[-73.3562,50.5317],[-73.3534,50.5331],[-73.3527,50.539],[-73.3505,50.5408],[-73.3455,50.5524],[-73.3469,50.5569],[-73.345,50.5622],[-73.3456,50.5647],[-73.3396,50.5699],[-73.3331,50.5812],[-73.326,50.5792],[-73.3164,50.5799],[-73.3116,50.5824],[-73.3087,50.5823],[-73.3067,50.5874],[-73.3113,50.5919],[-73.308,50.5964],[-73.3088,50.6006],[-73.3069,50.6037],[-73.3059,50.6111],[-73.2973,50.614],[-73.2943,50.6193],[-73.2965,50.6245],[-73.2945,50.629],[-73.2899,50.6309],[-73.2845,50.6362],[-73.2747,50.6425],[-73.2698,50.6477],[-73.2602,50.6519],[-73.2658,50.6552],[-73.2667,50.6566],[-73.2662,50.6594],[-73.2681,50.6596],[-73.2659,50.6652],[-73.2568,50.6735],[-73.2557,50.6774],[-73.2542,50.6784],[-73.2581,50.6821],[-73.2534,50.6863],[-73.2506,50.6927],[-73.2447,50.6947],[-73.2332,50.6945],[-73.2277,50.6977],[-73.226,50.7018],[-73.2135,50.7021],[-73.2094,50.7038],[-73.2053,50.7028],[-73.2046,50.7059],[-73.1989,50.7036],[-73.1931,50.7052],[-73.1825,50.7032],[-73.1781,50.7084],[-73.1791,50.7117],[-73.1751,50.7203],[-73.1738,50.7269],[-73.1673,50.7348],[-73.1586,50.7408],[-73.1515,50.7482],[-73.1478,50.7501],[-73.1402,50.7482],[-73.1292,50.7434],[-73.1275,50.7475],[-73.1237,50.7493],[-73.1124,50.7524],[-73.1059,50.7514],[-73.1094,50.7467],[-73.1076,50.7455],[-73.108,50.7432],[-73.1039,50.738],[-73.0965,50.7375],[-73.0899,50.7405],[-73.0842,50.7366],[-73.0812,50.7321],[-73.0675,50.7266],[-73.0801,50.7091],[-73.0752,50.7079],[-73.0746,50.7037],[-73.0684,50.7042],[-73.0633,50.7089],[-73.0532,50.7054],[-73.0551,50.7032],[-73.0509,50.7011],[-73.0478,50.7004],[-73.0462,50.7024],[-73.0414,50.7023],[-73.0386,50.7038],[-73.0364,50.7024],[-73.0376,50.7001],[-73.0334,50.6979],[-73.0225,50.6979],[-73.0265,50.6912],[-73.0308,50.689],[-73.0351,50.6772],[-73.0402,50.669],[-73.0485,50.6677],[-73.0484,50.6625],[-73.0514,50.656],[-73.0482,50.6542],[-73.0445,50.6548],[-73.0415,50.66],[-73.029,50.6617],[-73.0273,50.6685],[-73.026,50.6698],[-73.0175,50.6703],[-73.0162,50.6725],[-73.0128,50.6735],[-72.9989,50.6698],[-72.9983,50.672],[-72.993,50.6731],[-72.9898,50.6755],[-72.9877,50.6855],[-72.9853,50.689],[-72.979,50.6894],[-72.9781,50.6926],[-72.974,50.693],[-72.9714,50.6957],[-72.968,50.6961],[-72.9674,50.6999],[-72.9638,50.7044],[-72.955,50.7082],[-72.9516,50.7146],[-72.9444,50.7133],[-72.9401,50.7142],[-72.9292,50.7473],[-72.9295,50.7557],[-72.9285,50.7588],[-72.9344,50.7628],[-72.9249,50.7683],[-72.9167,50.7666],[-72.903,50.7683],[-72.9011,50.7703],[-72.9022,50.7715],[-72.8961,50.7736],[-72.8945,50.7754],[-72.8928,50.7827],[-72.8938,50.7866],[-72.8901,50.7895],[-72.8803,50.7937],[-72.881,50.7957],[-72.8773,50.8015],[-72.8783,50.8061],[-72.8723,50.8051],[-72.8684,50.8069],[-72.8656,50.8067],[-72.8575,50.8129],[-72.8523,50.8096],[-72.84,50.8142],[-72.8358,50.8133],[-72.828,50.8164],[-72.8253,50.816],[-72.826,50.8144],[-72.8244,50.814],[-72.8183,50.8172],[-72.7994,50.8201],[-72.7928,50.8189],[-72.7884,50.8203],[-72.7842,50.8198],[-72.7827,50.8203],[-72.7806,50.8258],[-72.7725,50.8252],[-72.7701,50.8235],[-72.7599,50.8211],[-72.7524,50.821],[-72.75,50.8191],[-72.7531,50.8165],[-72.7535,50.8146],[-72.7506,50.812],[-72.7463,50.8116],[-72.7444,50.8101],[-72.7503,50.8076],[-72.7485,50.8061],[-72.7511,50.8046],[-72.7514,50.8026],[-72.7479,50.8034],[-72.7418,50.8009],[-72.7404,50.7991],[-72.7419,50.7966],[-72.7352,50.7968],[-72.7334,50.7993],[-72.7258,50.796],[-72.7275,50.7935],[-72.7279,50.79],[-72.7228,50.7883],[-72.7225,50.7839],[-72.7276,50.7819],[-72.7273,50.7775],[-72.7333,50.7752],[-72.7303,50.7744],[-72.7288,50.7657],[-72.7243,50.7643],[-72.7203,50.7653],[-72.7116,50.7767],[-72.7075,50.7763],[-72.7048,50.7804],[-72.7029,50.7813],[-72.7011,50.7786],[-72.6952,50.7776],[-72.6922,50.7714],[-72.6848,50.7686],[-72.6833,50.7652],[-72.6861,50.7615],[-72.6857,50.76],[-72.6842,50.7596],[-72.685,50.7526],[-72.6805,50.7499],[-72.6768,50.7497],[-72.6772,50.7453],[-72.6759,50.7438],[-72.6732,50.7441],[-72.672,50.7421],[-72.6701,50.7422],[-72.6667,50.7443],[-72.6623,50.7521],[-72.6585,50.7526],[-72.6546,50.7478],[-72.6537,50.7519],[-72.6512,50.7534],[-72.6485,50.7579],[-72.6443,50.7603],[-72.6419,50.7698],[-72.6384,50.7746],[-72.6302,50.7753],[-72.6251,50.7785],[-72.6253,50.7846],[-72.6216,50.7932],[-72.62,50.7958],[-72.6143,50.7992],[-72.6089,50.8056],[-72.6038,50.8177],[-72.6038,50.8224],[-72.605,50.8236],[-72.6032,50.826],[-72.6099,50.8312],[-72.6001,50.8322],[-72.6065,50.8349],[-72.6067,50.836],[-72.5997,50.8372],[-72.6002,50.8395],[-72.5976,50.8445],[-72.588,50.8494],[-72.585,50.8534],[-72.5871,50.8552],[-72.5845,50.8578],[-72.5781,50.8597],[-72.5747,50.8686],[-72.5696,50.8709],[-72.5684,50.8726],[-72.5738,50.874],[-72.5753,50.8765],[-72.5752,50.8795],[-72.5702,50.8849],[-72.5673,50.8854],[-72.564,50.8845],[-72.5622,50.8819],[-72.5583,50.881],[-72.5553,50.8745],[-72.5562,50.8683],[-72.5536,50.8642],[-72.5557,50.8612],[-72.5492,50.8594],[-72.5522,50.8509],[-72.5592,50.8471],[-72.5637,50.8418],[-72.5606,50.8388],[-72.5647,50.8353],[-72.568,50.8286],[-72.5595,50.8262],[-72.5629,50.8154],[-72.5632,50.8077],[-72.5589,50.8057],[-72.556,50.8024],[-72.5571,50.7994],[-72.5591,50.7981],[-72.5592,50.7946],[-72.5637,50.786],[-72.5641,50.7774],[-72.562,50.7694],[-72.5649,50.7634],[-72.5698,50.7602],[-72.5747,50.7544],[-72.5746,50.7518],[-72.5716,50.7499],[-72.5726,50.7486],[-72.5686,50.7478],[-72.5643,50.7538],[-72.5561,50.7534],[-72.5406,50.7648],[-72.5335,50.7676],[-72.5296,50.7667],[-72.5323,50.762],[-72.532,50.7587],[-72.5305,50.7576],[-72.5238,50.7568],[-72.5179,50.7546],[-72.5112,50.7593],[-72.5068,50.7594],[-72.5101,50.7565],[-72.5114,50.7515],[-72.5058,50.7519],[-72.503,50.7557],[-72.4957,50.7573],[-72.4885,50.7567],[-72.4812,50.7539],[-72.4813,50.7589],[-72.4784,50.7701],[-72.4669,50.7875],[-72.4603,50.7893],[-72.4492,50.7816],[-72.4342,50.7838],[-72.4356,50.7931],[-72.4252,50.7928],[-72.422,50.8027],[-72.416,50.8037],[-72.4132,50.8068],[-72.4079,50.8068],[-72.4088,50.8084],[-72.4074,50.8104],[-72.4016,50.8107],[-72.3976,50.8132],[-72.3975,50.822],[-72.3858,50.8309],[-72.3871,50.8349],[-72.385,50.8362],[-72.3855,50.8389],[-72.3811,50.8455],[-72.3812,50.8494],[-72.379,50.851],[-72.3759,50.8569],[-72.3758,50.8613],[-72.3794,50.8623],[-72.379,50.8636],[-72.3804,50.8647],[-72.3793,50.8659],[-72.3853,50.8694],[-72.3792,50.8783],[-72.3757,50.888],[-72.3593,50.886],[-72.3569,50.8848],[-72.3397,50.8855],[-72.337,50.888],[-72.3346,50.8927],[-72.3303,50.8948],[-72.3292,50.8977],[-72.3213,50.9009],[-72.3217,50.9044],[-72.3205,50.9079],[-72.3143,50.9076],[-72.3078,50.915],[-72.3019,50.9166],[-72.303,50.9188],[-72.3001,50.9206],[-72.3025,50.9246],[-72.2977,50.9305],[-72.299,50.9345],[-72.2968,50.9372],[-72.2995,50.942],[-72.294,50.9537],[-72.2864,50.954],[-72.2752,50.9475],[-72.2697,50.9511],[-72.2652,50.9607],[-72.2651,50.9642],[-72.26,50.9721],[-72.2605,50.9802],[-72.2644,50.9835],[-72.2607,50.9904],[-72.2608,50.9937],[-72.2674,50.9984],[-72.264,51.002],[-72.2591,51.0034],[-72.2574,51.0055],[-72.2307,51.0074],[-72.2306,51.0091],[-72.2284,51.0109],[-72.2256,51.0235],[-72.2211,51.0255],[-72.2156,51.0227],[-72.2125,51.0227],[-72.2046,51.0249],[-72.2033,51.0281],[-72.1944,51.0266],[-72.1944,51.0288],[-72.1925,51.0298],[-72.1871,51.0268],[-72.1903,51.0253],[-72.19,51.0211],[-72.1912,51.0179],[-72.1874,51.0169],[-72.1858,51.0145],[-72.1901,51.0062],[-72.1895,51.0043],[-72.192,50.9984],[-72.1935,50.996],[-72.1978,50.9943],[-72.1981,50.9911],[-72.1891,50.9898],[-72.1901,50.9853],[-72.1863,50.9838],[-72.1802,50.9821],[-72.176,50.9824],[-72.1657,50.9785],[-72.1565,50.9787],[-72.1555,50.9823],[-72.1535,50.984],[-72.1597,50.9878],[-72.1613,50.9904],[-72.1522,51.0052],[-72.1596,51.012],[-72.1556,51.0165],[-72.1553,51.0228],[-72.1528,51.0254],[-72.153,51.0291],[-72.1557,51.0311],[-72.1559,51.0333],[-72.1527,51.0347],[-72.1514,51.0383],[-72.1477,51.0412],[-72.1463,51.0475],[-72.1411,51.0511],[-72.1386,51.0513],[-72.1379,51.053],[-72.1419,51.0595],[-72.1421,51.0625],[-72.1467,51.0653],[-72.1449,51.0695],[-72.1425,51.0719],[-72.1309,51.074],[-72.1309,51.0783],[-72.1245,51.0838],[-72.1222,51.0903],[-72.1229,51.0916],[-72.1171,51.1021],[-72.1151,51.1042],[-72.1081,51.1037],[-72.107,51.1106],[-72.1053,51.1135],[-72.1054,51.1194],[-72.0951,51.1216],[-72.0924,51.1306],[-72.0849,51.1352],[-72.0814,51.1416],[-72.0765,51.1445],[-72.0742,51.1508],[-72.0688,51.1515],[-72.0538,51.1469],[-72.0479,51.1469]]]]}},{"type":"Feature","properties":{"CO_CEP":301,"NM_CEP":"Maurice-Richard"},"geometry":{"type":"MultiPolygon","coordinates":[[[[-73.6416,45.5417],[-73.6775,45.5523],[-73.6728,45.559],[-73.6655,45.5641],[-73.6606,45.5782],[-73.6564,45.5814],[-73.6536,45.5854],[-73.6533,45.5892],[-73.6458,45.5985],[-73.6426,45.5958],[-73.6478,45.5894],[-73.6503,45.5839],[-73.6365,45.5759],[-73.6454,45.5647],[-73.6216,45.5545],[-73.6355,45.5488],[-73.6416,45.5417]]]]}},{"type":"Feature","properties":{"CO_CEP":327,"NM_CEP":"Bourassa-Sauvé"},"geometry":{"type":"MultiPolygon","coordinates":[[[[-73.6047,45.6094],[-73.6062,45.6107],[-73.6096,45.6077],[-73.6296,45.5837],[-73.629,45.5832],[-73.6365,45.5759],[-73.6503,45.5839],[-73.6478,45.5894],[-73.6426,45.5958],[-73.6458,45.5985],[-73.6352,45.6178],[-73.621,45.6302],[-73.6017,45.612],[-73.6047,45.6094]]]]}},{"type":"Feature","properties":{"CO_CEP":819,"NM_CEP":"Dubuc"},"geometry":{"type":"MultiPolygon","coordinates":[[[[-70.9014,48.4173],[-70.8928,48.4158],[-70.8883,48.4179],[-70.8726,48.4122],[-70.855,48.4117],[-70.8399,48.4055],[-70.8366,48.4024],[-70.8252,48.3995],[-70.801,48.4009],[-70.791,48.4048],[-70.7769,48.3999],[-70.7664,48.3994],[-70.7563,48.3962],[-70.7491,48.3823],[-70.7521,48.3775],[-70.7576,48.3757],[-70.7632,48.375],[-70.773,48.377],[-70.7824,48.3741],[-70.7919,48.3671],[-70.7946,48.3634],[-70.7994,48.3617],[-70.8023,48.3585],[-70.8181,48.3613],[-70.836,48.3559],[-70.8374,48.3529],[-70.8534,48.3503],[-70.8591,48.3516],[-70.8621,48.3553],[-70.8673,48.3568],[-70.8708,48.3537],[-70.8753,48.3561],[-70.8799,48.3535],[-70.8823,48.3491],[-70.877,48.3399],[-70.8785,48.3366],[-70.8735,48.3354],[-70.8722,48.3295],[-70.8591,48.3178],[-70.845,48.3204],[-70.841,48.3236],[-70.8262,48.331],[-70.8118,48.3352],[-70.7997,48.3361],[-70.7939,48.3394],[-70.7734,48.3431],[-70.7681,48.3497],[-70.7631,48.3518],[-70.7467,48.3522],[-70.7413,48.3536],[-70.7287,48.3506],[-70.6858,48.348],[-70.662,48.3519],[-70.6566,48.3533],[-70.6548,48.3568],[-70.644,48.358],[-70.6315,48.3571],[-70.6066,48.3517],[-70.5901,48.3547],[-70.5846,48.3544],[-70.5803,48.3571],[-70.5698,48.3581],[-70.5693,48.3544],[-70.551,48.3542],[-70.544,48.352],[-70.5401,48.3484],[-70.5307,48.3467],[-70.5109,48.3484],[-70.505,48.3506],[-70.4949,48.3504],[-70.4842,48.3479],[-70.4723,48.3488],[-70.4558,48.3438],[-70.4503,48.3449],[-70.4357,48.3385],[-70.4303,48.3411],[-70.4196,48.3435],[-70.4105,48.3428],[-70.3942,48.3448],[-70.3838,48.3442],[-70.3614,48.3397],[-70.3512,48.3342],[-70.3451,48.3272],[-70.3391,48.3242],[-70.334,48.3226],[-70.3229,48.3237],[-70.3185,48.3224],[-70.3158,48.319],[-70.3178,48.3156],[-70.3209,48.3116],[-70.3311,48.306],[-70.3355,48.2991],[-70.3358,48.2959],[-70.3299,48.2992],[-70.3235,48.298],[-70.3041,48.3098],[-70.2935,48.3104],[-70.2819,48.3055],[-70.2814,48.3024],[-70.2749,48.2984],[-70.2446,48.2865],[-70.2356,48.2793],[-70.2249,48.2785],[-70.221,48.2756],[-70.2157,48.2741],[-70.2016,48.2719],[-70.2009,48.268],[-70.1921,48.2657],[-70.1906,48.2622],[-70.1994,48.2562],[-70.2045,48.2551],[-70.2066,48.2497],[-70.1991,48.2435],[-70.2,48.2403],[-70.1888,48.2411],[-70.1674,48.2488],[-70.1552,48.2512],[-70.1499,48.25],[-70.1416,48.2438],[-70.136,48.2412],[-70.1209,48.2403],[-70.1044,48.2363],[-70.0987,48.2324],[-70.0955,48.2401],[-70.0754,48.2419],[-70.0708,48.245],[-70.055,48.2441],[-70.0502,48.2466],[-70.0455,48.2437],[-70.0365,48.2457],[-70.03,48.2448],[-70.027,48.2416],[-70.0222,48.2414],[-70.0173,48.238],[-70.0,48.2418],[-69.9952,48.2395],[-69.9845,48.2404],[-69.9789,48.2396],[-69.9759,48.2329],[-69.9703,48.2306],[-69.9601,48.2307],[-69.9532,48.2287],[-69.9404,48.2272],[-69.9342,48.2285],[-69.9137,48.2228],[-69.909,48.2239],[-69.9033,48.2225],[-69.8946,48.2166],[-69.9047,48.2127],[-69.907,48.2094],[-69.906,48.2057],[-69.9093,48.2017],[-69.8973,48.1975],[-69.8939,48.1946],[-69.8888,48.195],[-69.8826,48.1858],[-69.8863,48.1821],[-69.8821,48.175],[-69.8828,48.1714],[-69.8815,48.1702],[-69.9562,48.0568],[-70.1719,48.1248],[-70.2636,47.9929],[-70.3145,47.9929],[-70.4185,47.9965],[-70.5039,47.9979],[-70.5295,47.9977],[-70.5297,47.9954],[-71.1598,47.9982],[-71.1598,48.0004],[-71.25,48.0],[-71.4213,47.9957],[-71.4275,48.0003],[-71.4332,48.0025],[-71.4377,48.012],[-71.446,48.0225],[-71.4542,48.0264],[-71.4602,48.0312],[-71.466,48.0402],[-71.4736,48.0455],[-71.4793,48.052],[-71.4914,48.0619],[-71.5095,48.0726],[-71.5131,48.0816],[-71.5209,48.0846],[-71.5246,48.091],[-71.5276,48.093],[-71.5299,48.0975],[-71.5338,48.0997],[-71.5444,48.1145],[-71.5559,48.1207],[-71.5671,48.1234],[-71.5717,48.1282],[-71.5748,48.135],[-71.5801,48.1375],[-71.6362,48.1824],[-71.5755,48.3377],[-71.5711,48.3459],[-71.5431,48.3406],[-71.5397,48.3497],[-71.5156,48.343],[-71.4844,48.34],[-71.4503,48.3313],[-71.3869,48.3205],[-71.358,48.3137],[-71.3227,48.3077],[-71.2942,48.3058],[-71.2739,48.3028],[-71.2554,48.3167],[-71.2208,48.3524],[-71.2083,48.3468],[-71.1829,48.373],[-71.0981,48.3351],[-71.0642,48.366],[-71.0263,48.3483],[-70.9903,48.3825],[-70.9664,48.3708],[-70.9123,48.4204],[-70.9062,48.4199],[-70.9014,48.4173]]],[[[-70.0299,52.8326],[-70.0257,52.7501],[-70.0245,52.5001],[-70.0249,51.7308],[-70.0263,51.564],[-70.0248,50.0001],[-70.0216,49.7966],[-70.0104,49.7965],[-70.0105,48.9794],[-70.008,48.357],[-70.0462,48.3002],[-70.0499,48.2972],[-70.0703,48.2645],[-70.0735,48.2649],[-70.0783,48.2623],[-70.0896,48.2634],[-70.0996,48.2607],[-70.11,48.2624],[-70.1156,48.2608],[-70.1304,48.2668],[-70.1463,48.2684],[-70.1525,48.2723],[-70.1584,48.2784],[-70.1677,48.2818],[-70.1728,48.2825],[-70.1792,48.2809],[-70.1845,48.281],[-70.1893,48.2844],[-70.2066,48.2899],[-70.2158,48.2989],[-70.2313,48.3069],[-70.2535,48.3097],[-70.2602,48.3125],[-70.261,48.3165],[-70.2723,48.3192],[-70.2756,48.3231],[-70.2766,48.3271],[-70.2822,48.3294],[-70.2875,48.3278],[-70.2925,48.3296],[-70.2979,48.3337],[-70.3099,48.3362],[-70.3141,48.3394],[-70.3185,48.3404],[-70.3238,48.3463],[-70.3356,48.3513],[-70.3464,48.3542],[-70.3698,48.3667],[-70.3909,48.3728],[-70.4202,48.3651],[-70.435,48.3631],[-70.4647,48.3693],[-70.4842,48.3693],[-70.4937,48.3738],[-70.5037,48.3739],[-70.5276,48.38],[-70.5338,48.3761],[-70.5385,48.3757],[-70.5583,48.3851],[-70.5649,48.3857],[-70.5699,48.3876],[-70.5858,48.3825],[-70.5885,48.3854],[-70.5985,48.3806],[-70.6043,48.3827],[-70.6102,48.3789],[-70.6487,48.3894],[-70.6594,48.3828],[-70.6772,48.3779],[-70.6951,48.3759],[-70.7062,48.3761],[-70.7107,48.3794],[-70.7145,48.3874],[-70.7136,48.3921],[-70.7193,48.396],[-70.7219,48.3993],[-70.7262,48.4099],[-70.7372,48.4237],[-70.7422,48.4262],[-70.7548,48.4284],[-70.7669,48.4336],[-70.7901,48.4332],[-70.7996,48.4302],[-70.803,48.4262],[-70.8086,48.4253],[-70.8109,48.4208],[-70.8157,48.4238],[-70.8202,48.4236],[-70.8256,48.4226],[-70.8295,48.4195],[-70.8342,48.4208],[-70.8327,48.4262],[-70.8353,48.4297],[-70.8473,48.4297],[-70.8577,48.433],[-70.8675,48.4392],[-70.8747,48.4407],[-70.8849,48.4458],[-70.8948,48.4453],[-70.8997,48.4432],[-70.9055,48.4445],[-70.919,48.4517],[-70.9197,48.4549],[-70.9251,48.4545],[-70.9236,48.4505],[-70.9201,48.4476],[-70.9252,48.4466],[-70.9358,48.4504],[-70.9404,48.4538],[-70.9461,48.4537],[-70.9581,48.457],[-70.9777,48.4586],[-70.9824,48.4605],[-70.9862,48.4641],[-70.9877,48.4601],[-70.9995,48.459],[-71.0109,48.4555],[-71.0267,48.4451],[-71.0526,48.4514],[-71.0484,48.4615],[-71.0741,48.4669],[-71.0779,48.4576],[-71.1121,48.4661],[-71.1208,48.4449],[-71.1673,48.4546],[-71.1748,48.4575],[-71.1805,48.4578],[-71.1892,48.4565],[-71.1941,48.4545],[-71.1963,48.4513],[-71.2104,48.4468],[-71.2173,48.4499],[-71.2519,48.4529],[-71.2613,48.4566],[-71.2639,48.4608],[-71.2733,48.4659],[-71.2883,48.467],[-71.2879,48.4703],[-71.2949,48.4709],[-71.3054,48.4767],[-71.3377,48.4814],[-71.343,48.4806],[-71.3488,48.4828],[-71.3558,48.4822],[-71.3724,48.4845],[-71.378,48.4837],[-71.3878,48.4858],[-71.3918,48.4892],[-71.3908,48.4927],[-71.4008,48.489],[-71.4057,48.4892],[-71.4115,48.4918],[-71.4158,48.4955],[-71.423,48.498],[-71.4324,48.4984],[-71.438,48.5006],[-71.4477,48.5018],[-71.4529,48.5057],[-71.4586,48.508],[-71.4834,48.5154],[-71.447,48.5974],[-71.4476,48.5987],[-71.4354,48.6291],[-71.3728,48.7806],[-71.3209,48.7714],[-71.3323,48.7814],[-71.3485,48.7907],[-71.3526,48.7949],[-71.3646,48.8008],[-71.3702,48.8065],[-71.3829,48.8158],[-71.3926,48.8281],[-71.4112,48.8397],[-71.4182,48.8419],[-71.4445,48.8461],[-71.4613,48.8476],[-71.4645,48.8469],[-71.4615,48.8503],[-71.4606,48.856],[-71.4566,48.8598],[-71.453,48.8709],[-71.4527,48.8784],[-71.4481,48.8907],[-71.4398,48.8941],[-71.3925,48.9318],[-71.3746,48.9408],[-71.3669,48.9606],[-71.3685,48.9625],[-71.3671,48.9654],[-71.3599,48.9727],[-71.3413,48.9831],[-71.3366,48.9901],[-71.3371,48.9967],[-71.3348,49.0056],[-71.337,49.0144],[-71.333,49.0239],[-71.3326,49.0318],[-71.3247,49.0376],[-71.3179,49.0522],[-71.3076,49.0638],[-71.2951,49.0703],[-71.2904,49.0747],[-71.288,49.0833],[-71.2816,49.0904],[-71.2714,49.1056],[-71.2686,49.1152],[-71.2654,49.1206],[-71.2649,49.1239],[-71.267,49.1339],[-71.2635,49.1393],[-71.2645,49.1523],[-71.2575,49.1728],[-71.2565,49.1905],[-71.2546,49.1986],[-71.2555,49.2051],[-71.2525,49.2173],[-71.2553,49.2421],[-71.2539,49.2619],[-71.2555,49.2635],[-71.257,49.2689],[-71.2582,49.2816],[-71.254,49.2949],[-71.25,49.3012],[-71.2519,49.3111],[-71.2442,49.3187],[-71.2405,49.3248],[-71.2393,49.3308],[-71.23,49.3464],[-71.2261,49.3574],[-71.2177,49.3654],[-71.2068,49.3812],[-71.2061,49.3915],[-71.2037,49.4018],[-71.2072,49.4098],[-71.2064,49.4161],[-71.2031,49.4253],[-71.1887,49.4517],[-71.1806,49.47],[-71.1745,49.475],[-71.173,49.483],[-71.1691,49.4902],[-71.1769,49.5028],[-71.1844,49.5084],[-71.1858,49.5119],[-71.1948,49.5156],[-71.2008,49.5198],[-71.2105,49.5339],[-71.2116,49.5386],[-71.2079,49.5509],[-71.2083,49.5576],[-71.2028,49.5673],[-71.2001,49.577],[-71.1999,49.5832],[-71.1932,49.588],[-71.1896,49.6019],[-71.1912,49.6076],[-71.1881,49.6206],[-71.1889,49.6246],[-71.185,49.6289],[-71.1916,49.6356],[-71.1921,49.6378],[-71.19,49.6402],[-71.1895,49.6433],[-71.1922,49.646],[-71.1996,49.6628],[-71.1972,49.6667],[-71.199,49.6734],[-71.1937,49.6859],[-71.195,49.692],[-71.1928,49.7046],[-71.1979,49.724],[-71.1961,49.7301],[-71.193,49.7347],[-71.1928,49.7422],[-71.189,49.7451],[-71.1898,49.7506],[-71.1855,49.7551],[-71.1852,49.7618],[-71.1829,49.769],[-71.1852,49.779],[-71.18,49.7854],[-71.1804,49.792],[-71.179,49.7962],[-71.1745,49.8002],[-71.1744,49.8036],[-71.1649,49.8122],[-71.1601,49.8202],[-71.1596,49.8229],[-71.1607,49.824],[-71.1592,49.8266],[-71.163,49.8344],[-71.1848,49.8392],[-71.1874,49.8417],[-71.1932,49.8438],[-71.1938,49.8454],[-71.206,49.8496],[-71.2082,49.8516],[-71.2096,49.8561],[-71.2096,49.8585],[-71.208,49.8598],[-71.2095,49.8641],[-71.2144,49.865],[-71.2196,49.8631],[-71.2221,49.8688],[-71.2259,49.8727],[-71.2278,49.8779],[-71.2362,49.8807],[-71.2394,49.8856],[-71.243,49.8859],[-71.2449,49.8798],[-71.2465,49.879],[-71.251,49.8805],[-71.254,49.8845],[-71.2609,49.885],[-71.2665,49.8899],[-71.2665,49.8923],[-71.2643,49.8958],[-71.2581,49.8991],[-71.2497,49.9103],[-71.2501,49.9419],[-71.2474,49.9501],[-71.2387,49.966],[-71.2323,49.9754],[-71.2182,49.9895],[-71.2118,49.9945],[-71.1956,50.0026],[-71.1922,50.0071],[-71.1915,50.026],[-71.1959,50.0628],[-71.199,50.078],[-71.2064,50.0913],[-71.2113,50.0963],[-71.2552,50.1283],[-71.2634,50.1384],[-71.2644,50.1442],[-71.262,50.1597],[-71.254,50.1919],[-71.2519,50.2076],[-71.2522,50.2173],[-71.2552,50.2261],[-71.2709,50.2668],[-71.2752,50.2755],[-71.2807,50.2822],[-71.3164,50.3062],[-71.3407,50.3175],[-71.3442,50.3218],[-71.3468,50.3308],[-71.3478,50.3436],[-71.3458,50.3521],[-71.3399,50.367],[-71.3404,50.382],[-71.3432,50.3883],[-71.3539,50.4028],[-71.3559,50.4096],[-71.3608,50.4145],[-71.3601,50.4172],[-71.3551,50.4217],[-71.3469,50.4231],[-71.3445,50.4252],[-71.3432,50.4295],[-71.344,50.438],[-71.3418,50.4415],[-71.3451,50.4454],[-71.3453,50.4524],[-71.3279,50.4638],[-71.3264,50.469],[-71.3289,50.4732],[-71.3282,50.4741],[-71.3221,50.4776],[-71.3139,50.4863],[-71.2862,50.4941],[-71.2774,50.4996],[-71.2792,50.51],[-71.2785,50.517],[-71.2803,50.5325],[-71.282,50.5352],[-71.2789,50.5527],[-71.2814,50.5557],[-71.2878,50.5579],[-71.2884,50.5616],[-71.283,50.5682],[-71.2572,50.5831],[-71.2483,50.5907],[-71.2436,50.5967],[-71.2456,50.5999],[-71.2532,50.6048],[-71.2571,50.6136],[-71.2738,50.621],[-71.2808,50.6321],[-71.2825,50.6373],[-71.2822,50.6536],[-71.2807,50.6616],[-71.2813,50.6653],[-71.2846,50.6711],[-71.2859,50.6775],[-71.2833,50.6829],[-71.2758,50.6921],[-71.2729,50.6988],[-71.2728,50.7023],[-71.279,50.7098],[-71.2811,50.7176],[-71.2872,50.7173],[-71.3021,50.7126],[-71.3041,50.7133],[-71.3053,50.7158],[-71.3088,50.7663],[-71.3071,50.7706],[-71.2971,50.7834],[-71.2901,50.7887],[-71.2912,50.8001],[-71.2854,50.8157],[-71.2881,50.8241],[-71.2851,50.8293],[-71.2839,50.8363],[-71.2921,50.8454],[-71.2908,50.8579],[-71.2924,50.8667],[-71.2969,50.8719],[-71.3047,50.8766],[-71.3077,50.8799],[-71.3077,50.8833],[-71.3036,50.8901],[-71.3041,50.8919],[-71.3171,50.9],[-71.3195,50.9027],[-71.3182,50.9147],[-71.3192,50.9205],[-71.3302,50.9272],[-71.3437,50.93],[-71.3459,50.933],[-71.3453,50.9594],[-71.3432,50.9673],[-71.3378,50.9791],[-71.3381,50.9893],[-71.335,51.0001],[-71.3333,51.0135],[-71.3302,51.0227],[-71.3363,51.0312],[-71.3393,51.0393],[-71.3522,51.0565],[-71.3571,51.0688],[-71.364,51.0687],[-71.3702,51.0707],[-71.3749,51.0802],[-71.3762,51.0862],[-71.3793,51.0905],[-71.3871,51.0961],[-71.4001,51.0994],[-71.4059,51.107],[-71.4056,51.1117],[-71.4157,51.1161],[-71.4258,51.129],[-71.4275,51.1338],[-71.4257,51.1413],[-71.4273,51.1459],[-71.4263,51.1484],[-71.4371,51.1542],[-71.4384,51.1565],[-71.4378,51.1608],[-71.4339,51.1666],[-71.4421,51.1711],[-71.4453,51.1773],[-71.45,51.1763],[-71.4653,51.1844],[-71.4658,51.1857],[-71.4634,51.1872],[-71.4642,51.1882],[-71.4795,51.1908],[-71.4859,51.1943],[-71.4937,51.2073],[-71.4978,51.2223],[-71.5056,51.2277],[-71.5077,51.2321],[-71.5027,51.2365],[-71.4975,51.2436],[-71.4886,51.2478],[-71.4861,51.2524],[-71.4799,51.2529],[-71.4746,51.2558],[-71.4633,51.2588],[-71.4606,51.2659],[-71.4513,51.2805],[-71.4476,51.2916],[-71.4437,51.2979],[-71.4465,51.3023],[-71.4461,51.3082],[-71.4488,51.3157],[-71.4526,51.3184],[-71.4531,51.3283],[-71.4578,51.3353],[-71.4554,51.3462],[-71.4557,51.3502],[-71.4605,51.3577],[-71.4574,51.3603],[-71.46,51.3641],[-71.4602,51.3713],[-71.4679,51.3808],[-71.4706,51.39],[-71.4692,51.3936],[-71.4667,51.3958],[-71.4651,51.4079],[-71.4585,51.4099],[-71.4533,51.4179],[-71.4536,51.4304],[-71.4453,51.4367],[-71.4464,51.4442],[-71.4491,51.4472],[-71.4481,51.4522],[-71.4506,51.4571],[-71.4476,51.4648],[-71.4445,51.4691],[-71.4534,51.4818],[-71.4508,51.4878],[-71.4513,51.49],[-71.4479,51.4971],[-71.4325,51.5049],[-71.4229,51.514],[-71.427,51.5176],[-71.4294,51.5269],[-71.4283,51.5289],[-71.4239,51.5302],[-71.4345,51.535],[-71.4346,51.5367],[-71.4327,51.5385],[-71.4346,51.5402],[-71.4349,51.5431],[-71.4332,51.5443],[-71.4295,51.5525],[-71.4316,51.5581],[-71.4282,51.5607],[-71.4287,51.5677],[-71.4241,51.5733],[-71.4256,51.5763],[-71.4302,51.5787],[-71.4304,51.582],[-71.4258,51.5898],[-71.4241,51.5975],[-71.4201,51.6006],[-71.4194,51.6068],[-71.4237,51.6079],[-71.4294,51.6071],[-71.4321,51.6088],[-71.4321,51.6111],[-71.4292,51.6129],[-71.4218,51.6131],[-71.4258,51.6183],[-71.4254,51.6202],[-71.41,51.6259],[-71.4057,51.6359],[-71.391,51.638],[-71.3875,51.6424],[-71.3796,51.6473],[-71.3778,51.6497],[-71.3766,51.6557],[-71.3711,51.6626],[-71.3682,51.6649],[-71.3634,51.6661],[-71.3596,51.6702],[-71.3518,51.6726],[-71.3501,51.6806],[-71.3387,51.6859],[-71.3374,51.6902],[-71.3329,51.6939],[-71.3311,51.6975],[-71.3254,51.6985],[-71.3213,51.703],[-71.3201,51.7075],[-71.3209,51.7095],[-71.3168,51.7105],[-71.3126,51.7147],[-71.3158,51.7178],[-71.3155,51.72],[-71.3087,51.7224],[-71.3078,51.7238],[-71.3082,51.7303],[-71.3119,51.7348],[-71.3121,51.7373],[-71.3092,51.7423],[-71.3013,51.7472],[-71.3027,51.7543],[-71.3002,51.7557],[-71.2971,51.7627],[-71.2931,51.7669],[-71.296,51.7694],[-71.3058,51.7713],[-71.3085,51.7829],[-71.3085,51.7864],[-71.3061,51.7895],[-71.307,51.7946],[-71.3039,51.7977],[-71.302,51.8034],[-71.2937,51.8125],[-71.2911,51.8203],[-71.2842,51.8258],[-71.2731,51.8304],[-71.2671,51.8391],[-71.2637,51.8413],[-71.2573,51.8429],[-71.2438,51.8569],[-71.2434,51.8598],[-71.2406,51.862],[-71.2388,51.8674],[-71.2399,51.8708],[-71.2388,51.875],[-71.24,51.8779],[-71.2338,51.8828],[-71.234,51.8866],[-71.2324,51.8917],[-71.2245,51.9067],[-71.2193,51.9096],[-71.2125,51.9187],[-71.2091,51.9211],[-71.2049,51.9284],[-71.2014,51.9298],[-71.1996,51.9366],[-71.196,51.9404],[-71.1959,51.9433],[-71.1906,51.9469],[-71.1897,51.9497],[-71.1803,51.9606],[-71.1805,51.9664],[-71.1706,51.9827],[-71.1604,51.9841],[-71.1587,51.9897],[-71.1519,51.9941],[-71.1489,52.0001],[-71.144,52.0031],[-71.1372,52.0157],[-71.1287,52.0259],[-71.1251,52.042],[-71.1214,52.0441],[-71.122,52.0469],[-71.1182,52.0549],[-71.1144,52.0568],[-71.1105,52.0616],[-71.1121,52.0643],[-71.1102,52.0665],[-71.1113,52.0712],[-71.1047,52.0836],[-71.0977,52.0893],[-71.0968,52.0955],[-71.0945,52.0971],[-71.0954,52.1],[-71.0931,52.1029],[-71.0946,52.1083],[-71.0926,52.111],[-71.0946,52.1126],[-71.0952,52.1166],[-71.0902,52.1183],[-71.0778,52.1184],[-71.0771,52.1194],[-71.0788,52.1221],[-71.0736,52.1219],[-71.0677,52.1248],[-71.0707,52.1274],[-71.067,52.1318],[-71.0682,52.1361],[-71.0653,52.1397],[-71.0621,52.141],[-71.0567,52.1402],[-71.0495,52.1416],[-71.0453,52.1446],[-71.0405,52.1407],[-71.0434,52.1381],[-71.0416,52.1358],[-71.0417,52.1337],[-71.0318,52.136],[-71.0283,52.14],[-71.0338,52.1404],[-71.0348,52.142],[-71.0298,52.1478],[-71.0285,52.151],[-71.0253,52.1527],[-71.027,52.1555],[-71.0264,52.1568],[-71.0196,52.1538],[-71.0128,52.1576],[-71.0135,52.1607],[-71.0038,52.1611],[-71.0019,52.1638],[-70.9967,52.1647],[-70.987,52.1721],[-70.9744,52.174],[-70.9717,52.1734],[-70.9655,52.1764],[-70.9633,52.1785],[-70.964,52.1802],[-70.9528,52.1852],[-70.943,52.1982],[-70.9381,52.2014],[-70.939,52.2028],[-70.9379,52.2057],[-70.9347,52.2066],[-70.9341,52.2088],[-70.9322,52.2096],[-70.9306,52.2083],[-70.9271,52.209],[-70.9246,52.2137],[-70.9209,52.2157],[-70.9203,52.2177],[-70.9108,52.2219],[-70.9102,52.2246],[-70.8976,52.2359],[-70.8957,52.2397],[-70.8929,52.2403],[-70.8937,52.2419],[-70.8924,52.2459],[-70.8885,52.2469],[-70.8833,52.2451],[-70.8817,52.2467],[-70.8835,52.2478],[-70.8815,52.2492],[-70.8781,52.2561],[-70.8713,52.2567],[-70.8707,52.2601],[-70.8632,52.2644],[-70.846,52.2663],[-70.8448,52.2685],[-70.8499,52.2706],[-70.8341,52.2757],[-70.8195,52.2711],[-70.8077,52.2738],[-70.8047,52.265],[-70.807,52.2617],[-70.8073,52.2586],[-70.8114,52.2547],[-70.8212,52.2514],[-70.8257,52.2479],[-70.8241,52.2463],[-70.8131,52.2434],[-70.8077,52.2389],[-70.8067,52.2343],[-70.7974,52.2339],[-70.7904,52.2373],[-70.7856,52.2411],[-70.7798,52.2419],[-70.7787,52.2444],[-70.7723,52.2426],[-70.7693,52.2464],[-70.756,52.2468],[-70.7467,52.2502],[-70.7413,52.2539],[-70.7304,52.2565],[-70.7277,52.2579],[-70.7206,52.2658],[-70.7174,52.2669],[-70.7153,52.271],[-70.7098,52.2744],[-70.7026,52.2751],[-70.7012,52.2786],[-70.6983,52.2807],[-70.687,52.2817],[-70.6785,52.28],[-70.6663,52.2854],[-70.6576,52.2828],[-70.6479,52.2832],[-70.6401,52.2876],[-70.6327,52.2879],[-70.6298,52.2909],[-70.6217,52.2937],[-70.6034,52.2956],[-70.597,52.3033],[-70.5908,52.3027],[-70.582,52.3045],[-70.5801,52.309],[-70.5639,52.3176],[-70.5485,52.316],[-70.5414,52.3103],[-70.5394,52.3059],[-70.5319,52.3057],[-70.5303,52.3026],[-70.5267,52.3012],[-70.5221,52.301],[-70.5188,52.3059],[-70.5128,52.3084],[-70.5042,52.3088],[-70.4989,52.3134],[-70.4945,52.3147],[-70.4874,52.3129],[-70.4764,52.3065],[-70.4711,52.308],[-70.4659,52.3077],[-70.4603,52.3126],[-70.4547,52.3142],[-70.4534,52.3189],[-70.4293,52.3281],[-70.418,52.3294],[-70.4127,52.3314],[-70.4026,52.3304],[-70.3938,52.333],[-70.3842,52.3378],[-70.375,52.3384],[-70.3705,52.3402],[-70.3594,52.3391],[-70.3518,52.3397],[-70.3444,52.3383],[-70.3309,52.3415],[-70.3262,52.3405],[-70.3069,52.3453],[-70.3056,52.3468],[-70.2989,52.3473],[-70.2969,52.3509],[-70.29,52.3526],[-70.2867,52.3575],[-70.2732,52.3583],[-70.2704,52.3619],[-70.2644,52.3649],[-70.264,52.3661],[-70.2661,52.3678],[-70.2622,52.37],[-70.2608,52.3723],[-70.2618,52.3755],[-70.2608,52.3772],[-70.2662,52.3824],[-70.2655,52.3848],[-70.2673,52.3865],[-70.2611,52.3901],[-70.2576,52.3961],[-70.2515,52.3986],[-70.2514,52.4023],[-70.2329,52.4082],[-70.2337,52.4097],[-70.2325,52.4117],[-70.2353,52.4158],[-70.2316,52.4171],[-70.2325,52.4187],[-70.2418,52.4153],[-70.2554,52.4128],[-70.2704,52.4127],[-70.2738,52.4144],[-70.2732,52.4222],[-70.2841,52.42],[-70.2844,52.422],[-70.2788,52.4283],[-70.2755,52.4302],[-70.2717,52.4301],[-70.2672,52.4376],[-70.2612,52.4408],[-70.2602,52.4434],[-70.2609,52.4489],[-70.2589,52.4509],[-70.2595,52.4536],[-70.2515,52.4576],[-70.2422,52.4599],[-70.2416,52.4615],[-70.2314,52.4618],[-70.2178,52.4741],[-70.2156,52.4874],[-70.2107,52.4908],[-70.2104,52.4953],[-70.2022,52.5022],[-70.1957,52.5107],[-70.1886,52.512],[-70.1857,52.5239],[-70.1779,52.5409],[-70.1957,52.5387],[-70.2054,52.54],[-70.2021,52.5462],[-70.2078,52.5512],[-70.2077,52.555],[-70.2184,52.5556],[-70.2225,52.5513],[-70.2267,52.55],[-70.2355,52.555],[-70.2348,52.5581],[-70.2404,52.5594],[-70.2417,52.5604],[-70.2416,52.5623],[-70.2363,52.5714],[-70.2233,52.5797],[-70.2176,52.5817],[-70.2007,52.5842],[-70.1997,52.5856],[-70.2012,52.589],[-70.2009,52.5944],[-70.1979,52.597],[-70.1933,52.5978],[-70.1902,52.6024],[-70.1738,52.6008],[-70.1705,52.6017],[-70.1697,52.6036],[-70.1659,52.6052],[-70.1681,52.6105],[-70.175,52.615],[-70.1745,52.6197],[-70.1753,52.6202],[-70.1807,52.6218],[-70.1922,52.621],[-70.1939,52.6235],[-70.202,52.6269],[-70.2064,52.6248],[-70.2114,52.625],[-70.2204,52.6281],[-70.2293,52.6343],[-70.2276,52.6401],[-70.2245,52.6439],[-70.2275,52.6485],[-70.2251,52.6545],[-70.2187,52.657],[-70.2115,52.6623],[-70.2068,52.6633],[-70.2081,52.6592],[-70.2065,52.6517],[-70.1974,52.6487],[-70.1868,52.6556],[-70.1808,52.6647],[-70.1849,52.6668],[-70.1843,52.6702],[-70.1924,52.6743],[-70.1927,52.6773],[-70.1909,52.6802],[-70.1953,52.6807],[-70.1982,52.6829],[-70.1969,52.687],[-70.202,52.692],[-70.1989,52.6975],[-70.2013,52.7027],[-70.2051,52.7047],[-70.2132,52.7059],[-70.2225,52.7051],[-70.2197,52.7077],[-70.2199,52.7115],[-70.2105,52.7125],[-70.2033,52.7151],[-70.1902,52.7239],[-70.1882,52.7264],[-70.1811,52.7223],[-70.1726,52.7217],[-70.1714,52.7253],[-70.1661,52.7274],[-70.1609,52.7339],[-70.1452,52.7409],[-70.1436,52.7453],[-70.1376,52.7453],[-70.1231,52.7523],[-70.1296,52.7515],[-70.1402,52.7523],[-70.1429,52.7562],[-70.1397,52.7593],[-70.151,52.7623],[-70.1545,52.7619],[-70.1564,52.765],[-70.1538,52.7699],[-70.1555,52.7797],[-70.146,52.783],[-70.1388,52.7893],[-70.1303,52.793],[-70.1271,52.7967],[-70.12,52.7989],[-70.1159,52.8021],[-70.114,52.8064],[-70.1246,52.8067],[-70.127,52.8087],[-70.1261,52.8107],[-70.1109,52.8179],[-70.1006,52.8187],[-70.0982,52.8199],[-70.0997,52.8217],[-70.0992,52.8234],[-70.0877,52.8291],[-70.0834,52.8294],[-70.0792,52.8263],[-70.0688,52.8272],[-70.0643,52.824],[-70.0596,52.8232],[-70.0539,52.8252],[-70.0558,52.8272],[-70.0502,52.8313],[-70.0436,52.83],[-70.0355,52.8332],[-70.0299,52.8326]]],[[[-70.013,48.2467],[-70.0184,48.2445],[-70.025,48.2467],[-70.026,48.2503],[-70.0199,48.2519],[-70.0148,48.2502],[-70.013,48.2467]]]]}},{"type":"Feature","properties":{"CO_CEP":297,"NM_CEP":"Mont-Royal-Outremont"},"geometry":{"type":"MultiPolygon","coordinates":[[[[-73.6482,45.5307],[-73.6208,45.5237],[-73.6173,45.5278],[-73.5903,45.5158],[-73.5907,45.5148],[-73.5891,45.5136],[-73.5967,45.5122],[-73.5911,45.5092],[-73.594,45.5034],[-73.6116,45.4917],[-73.6148,45.493],[-73.618,45.4894],[-73.6224,45.4913],[-73.6248,45.4886],[-73.63,45.4909],[-73.6243,45.4972],[-73.6402,45.5044],[-73.6558,45.4869],[-73.656,45.479],[-73.6698,45.4837],[-73.6746,45.482],[-73.6858,45.4895],[-73.6804,45.4919],[-73.6643,45.5047],[-73.6482,45.5307]]]]}},{"type":"Feature","properties":{"CO_CEP":121,"NM_CEP":"Sherbrooke"},"geometry":{"type":"MultiPolygon","coordinates":[[[[-71.9168,45.439],[-71.901,45.411],[-71.893,45.4092],[-71.8855,45.4017],[-71.881,45.3946],[-71.8804,45.3875],[-71.8783,45.3855],[-71.8826,45.3858],[-71.8803,45.3805],[-71.8773,45.3803],[-71.8762,45.3595],[-71.9048,45.3604],[-71.9048,45.3625],[-71.9141,45.3617],[-71.914,45.3604],[-71.9295,45.3605],[-71.9371,45.3499],[-71.9543,45.349],[-71.9647,45.3503],[-71.9699,45.3537],[-71.9706,45.3556],[-71.965,45.3595],[-71.9655,45.3635],[-71.9642,45.3689],[-71.9592,45.3729],[-71.9608,45.379],[-71.9581,45.3844],[-71.9851,45.385],[-71.985,45.4087],[-71.9666,45.4265],[-71.9569,45.4397],[-71.9439,45.4382],[-71.9225,45.4424],[-71.9168,45.439]]]]}},{"type":"Feature","properties":{"CO_CEP":147,"NM_CEP":"Arthabaska-L'Érable"},"geometry":{"type":"MultiPolygon","coordinates":[[[[-71.7602,46.3638],[-71.6959,46.4057],[-71.6859,46.4093],[-71.6175,46.4516],[-71.5655,46.4128],[-71.5314,46.4344],[-71.479,46.3959],[-71.5081,46.3766],[-71.4814,46.356],[-71.5085,46.3384],[-71.3719,46.2678],[-71.4193,46.2233],[-71.4346,46.2308],[-71.4455,46.2202],[-71.4668,46.2312],[-71.4854,46.2138],[-71.488,46.2091],[-71.4833,46.2066],[-71.5295,46.1631],[-71.5231,46.16],[-71.5339,46.1492],[-71.5097,46.1373],[-71.6825,45.9703],[-71.8089,46.0342],[-71.8784,45.9661],[-71.9863,46.0265],[-72.0142,46.0011],[-72.0436,46.0172],[-72.0299,46.0297],[-72.0453,46.0378],[-72.0542,46.0294],[-72.069,46.0374],[-72.0825,46.0246],[-72.0972,46.0327],[-72.1136,46.0172],[-72.1452,46.0346],[-72.1408,46.0386],[-72.1619,46.0346],[-72.1617,46.0648],[-72.1627,46.0786],[-72.1787,46.0757],[-72.1784,46.0971],[-72.1726,46.0983],[-72.1725,46.1059],[-72.1494,46.1106],[-72.1494,46.1252],[-72.1295,46.1293],[-72.1292,46.1147],[-72.0542,46.1299],[-72.0544,46.1141],[-72.0527,46.1144],[-72.0524,46.0997],[-71.9846,46.1135],[-71.9846,46.1151],[-71.9778,46.118],[-71.9778,46.1328],[-71.9715,46.1353],[-71.9717,46.1502],[-71.9651,46.1526],[-71.9647,46.1673],[-71.9507,46.1726],[-71.9513,46.2018],[-71.9575,46.1994],[-71.9579,46.214],[-71.9647,46.211],[-71.9652,46.2256],[-71.9855,46.2174],[-71.986,46.247],[-71.972,46.2509],[-71.9693,46.2574],[-71.9614,46.2603],[-71.9595,46.2602],[-71.9556,46.2569],[-71.9528,46.2569],[-71.9479,46.2595],[-71.9449,46.2577],[-71.9416,46.2586],[-71.9348,46.2626],[-71.9293,46.2714],[-71.9227,46.2736],[-71.9218,46.2775],[-71.9191,46.2802],[-71.9208,46.2833],[-71.9168,46.2872],[-71.9135,46.2881],[-71.9104,46.2912],[-71.8968,46.2933],[-71.8853,46.2968],[-71.8829,46.2986],[-71.8826,46.3013],[-71.8808,46.3032],[-71.8658,46.3071],[-71.9741,46.3864],[-71.8812,46.4508],[-71.7602,46.3638]]]]}},{"type":"Feature","properties":{"CO_CEP":241,"NM_CEP":"Richelieu"},"geometry":{"type":"MultiPolygon","coordinates":[[[[-72.9564,46.0868],[-72.9526,46.0863],[-72.9537,46.0849],[-72.9448,46.0792],[-72.9444,46.0885],[-72.9441,46.0897],[-72.9422,46.0894],[-72.9421,46.0809],[-72.9399,46.0784],[-72.9412,46.0767],[-72.8802,46.0342],[-72.8745,46.038],[-72.868,46.0334],[-72.8606,46.0428],[-72.8299,46.0211],[-72.8283,46.032],[-72.8162,46.0252],[-72.8061,46.016],[-72.7993,46.0145],[-72.8027,46.0112],[-72.8035,45.9974],[-72.7899,45.9921],[-72.8047,45.981],[-72.7918,45.9721],[-72.793,45.9712],[-72.7526,45.943],[-72.794,45.9064],[-72.7972,45.9054],[-72.7999,45.9066],[-72.7999,45.905],[-72.8013,45.9051],[-72.8196,45.8927],[-72.8212,45.8939],[-72.8323,45.8863],[-72.8319,45.8875],[-72.8366,45.8894],[-72.8362,45.8909],[-72.8382,45.8901],[-72.8393,45.8911],[-72.8505,45.8836],[-72.854,45.8785],[-72.8487,45.8747],[-72.853,45.864],[-72.8371,45.8529],[-72.8457,45.8469],[-72.8501,45.8468],[-72.8638,45.8372],[-72.8782,45.8012],[-72.9206,45.8303],[-72.9347,45.8203],[-72.9321,45.8147],[-72.9422,45.7983],[-72.937,45.7943],[-72.9533,45.7532],[-73.0016,45.7215],[-73.0535,45.7596],[-73.0594,45.7475],[-73.0947,45.7733],[-73.0938,45.7757],[-73.0947,45.7764],[-73.093,45.7796],[-73.1029,45.7868],[-73.1017,45.7932],[-73.0982,45.7986],[-73.1847,45.8614],[-73.1883,45.8592],[-73.1936,45.8509],[-73.2065,45.8421],[-73.212,45.836],[-73.2177,45.8254],[-73.2265,45.8148],[-73.2288,45.8165],[-73.2307,45.8159],[-73.2423,45.8082],[-73.2427,45.8057],[-73.2409,45.8044],[-73.2469,45.8],[-73.2495,45.8019],[-73.2558,45.7957],[-73.2686,45.7912],[-73.2578,45.7834],[-73.26,45.7819],[-73.2621,45.7835],[-73.2637,45.7811],[-73.3073,45.8131],[-73.3041,45.8177],[-73.2926,45.8232],[-73.2851,45.8309],[-73.2773,45.8362],[-73.2652,45.8424],[-73.259,45.8439],[-73.2479,45.8507],[-73.2455,45.8548],[-73.2314,45.8645],[-73.2276,45.8717],[-73.2192,45.8814],[-73.2129,45.8941],[-73.2084,45.8984],[-73.208,45.9095],[-73.2096,45.923],[-73.2038,45.9492],[-73.1974,45.9599],[-73.1845,45.9743],[-73.1516,46.0383],[-73.1421,46.0465],[-73.1347,46.048],[-73.0991,46.0485],[-73.082,46.0533],[-73.0698,46.059],[-73.0468,46.0595],[-73.0233,46.0644],[-73.023,46.0688],[-73.0174,46.0715],[-73.0025,46.071],[-72.995,46.0744],[-72.9852,46.0825],[-72.9806,46.0948],[-72.9739,46.0989],[-72.9564,46.0868]]],[[[-72.9898,46.1068],[-72.994,46.1026],[-72.9848,46.1034],[-72.9891,46.0997],[-73.0066,46.094],[-73.0128,46.0893],[-73.0154,46.0842],[-73.0246,46.0799],[-73.0366,46.0769],[-73.041,46.0714],[-73.0452,46.0689],[-73.0583,46.0678],[-73.0671,46.0705],[-73.067,46.0735],[-73.0503,46.0963],[-73.041,46.1042],[-73.0142,46.1112],[-72.998,46.11],[-72.9898,46.1068]]],[[[-72.9997,46.0759],[-73.0132,46.0744],[-73.014,46.0777],[-73.0072,46.0835],[-72.9997,46.0869],[-72.9903,46.0874],[-72.99,46.0833],[-72.9997,46.0759]]],[[[-73.2229,45.9069],[-73.2277,45.906],[-73.2266,45.912],[-73.2202,45.9258],[-73.2198,45.9129],[-73.2229,45.9069]]]]}},{"type":"Feature","properties":{"CO_CEP":587,"NM_CEP":"Mirabel"},"geometry":{"type":"MultiPolygon","coordinates":[[[[-73.9683,45.7131],[-73.8639,45.6437],[-73.8671,45.6425],[-73.8781,45.6497],[-73.8824,45.6492],[-73.8715,45.6419],[-73.8792,45.6399],[-73.8802,45.6386],[-73.8849,45.6388],[-73.8896,45.6409],[-73.8952,45.639],[-73.8931,45.6376],[-73.9196,45.6333],[-73.9298,45.6404],[-73.9314,45.6394],[-73.8965,45.617],[-73.8962,45.6066],[-73.9008,45.607],[-73.9009,45.6103],[-73.9053,45.6115],[-73.9053,45.613],[-73.9163,45.6058],[-73.9331,45.6166],[-73.9333,45.6193],[-73.9445,45.6187],[-73.9447,45.6217],[-73.9513,45.6167],[-73.9506,45.6024],[-73.9529,45.6054],[-73.9564,45.6047],[-73.9612,45.6061],[-73.9611,45.6048],[-73.9802,45.6023],[-73.9826,45.5997],[-73.9781,45.5815],[-73.9876,45.572],[-73.9893,45.5732],[-73.9885,45.5751],[-73.9919,45.5772],[-73.9984,45.576],[-73.9986,45.578],[-74.0033,45.5773],[-74.0041,45.579],[-74.0112,45.5797],[-74.0103,45.5787],[-74.0119,45.5782],[-74.0096,45.577],[-74.0118,45.5771],[-74.0131,45.5757],[-74.0162,45.5755],[-74.0161,45.5773],[-74.0204,45.5775],[-74.0258,45.5675],[-74.0195,45.5656],[-74.0188,45.5669],[-73.9717,45.5328],[-73.9735,45.5396],[-73.9712,45.5399],[-73.9707,45.5379],[-73.9571,45.5389],[-73.9529,45.5405],[-73.9376,45.5424],[-73.934,45.5418],[-73.9343,45.543],[-73.9321,45.5433],[-73.9323,45.5442],[-73.9278,45.5447],[-73.9089,45.5311],[-73.9151,45.5297],[-73.9209,45.5267],[-73.9237,45.5232],[-73.9317,45.5201],[-73.9385,45.5204],[-73.9459,45.5187],[-73.95,45.5155],[-73.9573,45.5052],[-73.9591,45.502],[-73.9587,45.4983],[-73.9683,45.495],[-73.9809,45.4871],[-74.0,45.4827],[-74.0,45.4816],[-73.9882,45.4816],[-73.9916,45.4771],[-74.0,45.4777],[-74.0126,45.475],[-74.0193,45.4708],[-74.0315,45.4667],[-74.0358,45.4669],[-74.0473,45.4611],[-74.0555,45.4589],[-74.0605,45.4638],[-74.0618,45.4668],[-74.067,45.4649],[-74.0729,45.465],[-74.0909,45.4591],[-74.117,45.4661],[-74.1253,45.4698],[-74.1327,45.477],[-74.135,45.483],[-74.132,45.4866],[-74.1326,45.4898],[-74.1478,45.497],[-74.1616,45.4969],[-74.1657,45.4958],[-74.1699,45.4965],[-74.1709,45.5007],[-74.1695,45.5042],[-74.1233,45.5351],[-74.1449,45.5513],[-74.1483,45.5489],[-74.1909,45.5799],[-74.2377,45.5485],[-74.2427,45.5489],[-74.2228,45.6259],[-74.2676,45.632],[-74.2646,45.6428],[-74.234,45.6485],[-74.2031,45.6657],[-74.1785,45.677],[-74.1712,45.6791],[-74.0938,45.6855],[-74.0656,45.6829],[-74.0383,45.6824],[-74.0265,45.6879],[-73.9828,45.7176],[-73.9783,45.7193],[-73.9706,45.7203],[-73.9708,45.717],[-73.9683,45.7131]]]]}},{"type":"Feature","properties":{"CO_CEP":313,"NM_CEP":"Mercier"},"geometry":{"type":"MultiPolygon","coordinates":[[[[-73.5615,45.5401],[-73.5833,45.5163],[-73.588,45.5184],[-73.5903,45.5158],[-73.6123,45.5257],[-73.6074,45.5282],[-73.5971,45.5297],[-73.5849,45.5395],[-73.5797,45.5414],[-73.5615,45.5401]]]]}},{"type":"Feature","properties":{"CO_CEP":341,"NM_CEP":"Pointe-aux-Trembles"},"geometry":{"type":"MultiPolygon","coordinates":[[[[-73.4813,45.6932],[-73.4876,45.687],[-73.4898,45.6821],[-73.4913,45.6666],[-73.4869,45.6498],[-73.4882,45.6435],[-73.4875,45.6394],[-73.4914,45.6346],[-73.4913,45.6315],[-73.4996,45.6243],[-73.5068,45.6106],[-73.5372,45.6158],[-73.5355,45.6199],[-73.5683,45.6342],[-73.5525,45.6444],[-73.5183,45.6604],[-73.5191,45.6735],[-73.5094,45.6948],[-73.5089,45.699],[-73.5036,45.6996],[-73.4997,45.6968],[-73.4886,45.7007],[-73.4785,45.7024],[-73.4813,45.6932]]]]}},{"type":"Feature","properties":{"CO_CEP":621,"NM_CEP":"L'Assomption"},"geometry":{"type":"MultiPolygon","coordinates":[[[[-73.3505,45.9683],[-73.2586,45.9037],[-73.2665,45.8943],[-73.2703,45.8862],[-73.2772,45.8805],[-73.2858,45.8688],[-73.3102,45.8497],[-73.3265,45.8349],[-73.3322,45.8322],[-73.3476,45.829],[-73.3591,45.8242],[-73.3649,45.8202],[-73.3794,45.8002],[-73.3959,45.7882],[-73.3996,45.7837],[-73.4162,45.7956],[-73.4263,45.7838],[-73.4389,45.7892],[-73.4427,45.7852],[-73.4504,45.7825],[-73.4497,45.7752],[-73.4523,45.7669],[-73.4621,45.7556],[-73.479,45.7418],[-73.4833,45.7294],[-73.501,45.7381],[-73.5019,45.7366],[-73.5187,45.7449],[-73.518,45.7477],[-73.528,45.7534],[-73.5249,45.7924],[-73.5518,45.7934],[-73.5501,45.817],[-73.5806,45.8204],[-73.5785,45.8275],[-73.5582,45.8246],[-73.5574,45.8361],[-73.5546,45.8364],[-73.546,45.8431],[-73.5386,45.8418],[-73.5374,45.8609],[-73.5335,45.8618],[-73.5399,45.8662],[-73.5357,45.8673],[-73.5369,45.8681],[-73.5357,45.8695],[-73.5366,45.8709],[-73.5312,45.8672],[-73.5285,45.8688],[-73.5337,45.8714],[-73.5321,45.8726],[-73.5286,45.8714],[-73.5281,45.8696],[-73.5271,45.8709],[-73.5244,45.8712],[-73.5328,45.8772],[-73.4982,45.8998],[-73.4943,45.8997],[-73.4926,45.9008],[-73.4935,45.9025],[-73.4872,45.9],[-73.4903,45.8943],[-73.485,45.8913],[-73.4806,45.8929],[-73.4819,45.8955],[-73.4809,45.8971],[-73.4725,45.8998],[-73.47,45.903],[-73.4639,45.9048],[-73.4567,45.9439],[-73.4289,45.9237],[-73.4255,45.9259],[-73.4249,45.9285],[-73.393,45.905],[-73.3892,45.9078],[-73.3916,45.9094],[-73.3899,45.911],[-73.3873,45.9091],[-73.3829,45.9132],[-73.3848,45.9146],[-73.3692,45.9253],[-73.3642,45.9331],[-73.3607,45.9355],[-73.3662,45.9396],[-73.3593,45.9451],[-73.3619,45.9468],[-73.3593,45.9497],[-73.361,45.9509],[-73.3575,45.9541],[-73.3555,45.9521],[-73.3531,45.9544],[-73.3571,45.9573],[-73.3553,45.9585],[-73.3601,45.9619],[-73.3505,45.9683]]],[[[-73.3714,45.7857],[-73.3773,45.7881],[-73.3643,45.8009],[-73.3603,45.8079],[-73.3529,45.8139],[-73.3469,45.8169],[-73.3308,45.8203],[-73.3172,45.826],[-73.3117,45.8294],[-73.3055,45.8367],[-73.2986,45.8387],[-73.293,45.8371],[-73.309,45.8231],[-73.3276,45.811],[-73.3318,45.807],[-73.3575,45.7902],[-73.365,45.7865],[-73.3714,45.7857]]]]}},{"type":"Feature","properties":{"CO_CEP":299,"NM_CEP":"Acadie"},"geometry":{"type":"MultiPolygon","coordinates":[[[[-73.6416,45.5417],[-73.6625,45.5077],[-73.6806,45.5158],[-73.6985,45.5271],[-73.6928,45.5287],[-73.6869,45.5288],[-73.6847,45.5305],[-73.6927,45.5309],[-73.7113,45.5397],[-73.7039,45.5444],[-73.6948,45.5476],[-73.683,45.5487],[-73.6775,45.5523],[-73.6416,45.5417]]]]}},{"type":"Feature","properties":{"CO_CEP":311,"NM_CEP":"Gouin"},"geometry":{"type":"MultiPolygon","coordinates":[[[[-73.5797,45.5414],[-73.5849,45.5395],[-73.5971,45.5297],[-73.6006,45.5285],[-73.6074,45.5282],[-73.6123,45.5257],[-73.6173,45.5278],[-73.6179,45.53],[-73.6215,45.5311],[-73.6071,45.5479],[-73.6035,45.5463],[-73.5964,45.5546],[-73.5749,45.5481],[-73.5797,45.5414]]]]}},{"type":"Feature","properties":{"CO_CEP":251,"NM_CEP":"Marguerite-Bourgeoys"},"geometry":{"type":"MultiPolygon","coordinates":[[[[-73.5708,45.426],[-73.5762,45.4214],[-73.5862,45.4215],[-73.5845,45.4249],[-73.5783,45.4275],[-73.5708,45.426]]],[[[-73.6048,45.4487],[-73.6102,45.4436],[-73.6118,45.4395],[-73.5838,45.435],[-73.6006,45.4214],[-73.6115,45.4161],[-73.6212,45.4149],[-73.6405,45.4153],[-73.6543,45.4215],[-73.666,45.4285],[-73.6659,45.4321],[-73.6291,45.4484],[-73.6213,45.454],[-73.6134,45.4575],[-73.607,45.4545],[-73.6048,45.4487]]]]}},{"type":"Feature","properties":{"CO_CEP":641,"NM_CEP":"Bertrand"},"geometry":{"type":"MultiPolygon","coordinates":[[[[-73.6505,46.0881],[-73.6103,46.0593],[-73.6346,46.0433],[-73.6223,46.0345],[-73.6581,46.0097],[-73.6647,46.0144],[-73.6702,46.013],[-73.6764,46.0163],[-73.6779,46.0182],[-73.6768,46.0207],[-73.6776,46.0271],[-73.6821,46.0327],[-73.6849,46.0321],[-73.6872,46.0343],[-73.6874,46.0315],[-73.6893,46.0316],[-73.6971,46.0355],[-73.6985,46.0348],[-73.6991,46.0311],[-73.7036,46.0304],[-73.7046,46.0287],[-73.7055,46.0311],[-73.7081,46.0314],[-73.7885,45.9769],[-73.8538,46.0216],[-73.8554,46.0205],[-73.857,46.0217],[-73.858,46.021],[-73.8728,46.0288],[-73.8978,46.0106],[-73.9079,46.0162],[-73.9105,46.0144],[-73.9181,46.0191],[-73.9185,46.0177],[-73.9209,46.0192],[-73.9406,46.0052],[-73.9737,45.9776],[-74.0023,45.997],[-74.0639,45.9532],[-74.0682,45.9508],[-74.0712,45.9528],[-74.1268,45.9144],[-74.1398,45.9231],[-74.1408,45.9209],[-74.1393,45.9195],[-74.1398,45.9175],[-74.1423,45.9185],[-74.145,45.9156],[-74.1472,45.915],[-74.1481,45.9128],[-74.1542,45.9131],[-74.1584,45.9159],[-74.1606,45.9144],[-74.1622,45.9155],[-74.1649,45.9136],[-74.1764,45.9216],[-74.1921,45.9109],[-74.2717,45.9655],[-74.2671,45.9811],[-74.2679,45.9817],[-74.2619,45.9998],[-74.3519,46.0127],[-74.4076,46.0187],[-74.3991,46.054],[-74.4161,46.0556],[-74.4129,46.0713],[-74.3963,46.0683],[-74.3929,46.0893],[-74.3797,46.1289],[-74.3681,46.1587],[-74.459,46.2212],[-74.4433,46.2324],[-74.4751,46.2543],[-74.334,46.3539],[-74.4775,46.4541],[-74.3816,46.5241],[-74.3436,46.5493],[-74.26,46.4915],[-74.1982,46.4524],[-74.1108,46.3932],[-73.9585,46.297],[-73.8848,46.2464],[-73.8027,46.193],[-73.7191,46.1357],[-73.7083,46.1257],[-73.6505,46.0881]]]]}},{"type":"Feature","properties":{"CO_CEP":837,"NM_CEP":"Bonaventure"},"geometry":{"type":"MultiPolygon","coordinates":[[[[-64.958,48.3286],[-64.8096,48.4273],[-64.8203,48.442],[-64.6369,48.5029],[-64.6077,48.4631],[-64.6041,48.4607],[-64.5733,48.4198],[-64.6046,48.4095],[-64.5932,48.3951],[-64.5991,48.3858],[-64.59,48.3802],[-64.5965,48.3819],[-64.5925,48.3686],[-64.5962,48.3656],[-64.6081,48.3609],[-64.6352,48.3566],[-64.652,48.3507],[-64.6608,48.3456],[-64.6746,48.3462],[-64.6892,48.3328],[-64.6912,48.3368],[-64.7029,48.3414],[-64.7031,48.3381],[-64.708,48.3367],[-64.7124,48.3372],[-64.7179,48.34],[-64.7242,48.3372],[-64.7254,48.3338],[-64.7212,48.3304],[-64.7179,48.3246],[-64.7186,48.3219],[-64.7087,48.3215],[-64.7034,48.3248],[-64.6964,48.3265],[-64.6944,48.3228],[-64.6995,48.3143],[-64.6988,48.3068],[-64.6964,48.3032],[-64.7016,48.3031],[-64.7045,48.3003],[-64.7156,48.295],[-64.7166,48.2901],[-64.7143,48.2868],[-64.7297,48.2852],[-64.7345,48.2818],[-64.7401,48.2805],[-64.7416,48.2768],[-64.7389,48.2732],[-64.7388,48.2679],[-64.7464,48.2599],[-64.7468,48.2561],[-64.7519,48.2553],[-64.7569,48.2457],[-64.7608,48.2419],[-64.7618,48.2381],[-64.7579,48.2347],[-64.7595,48.2279],[-64.768,48.2229],[-64.7725,48.2185],[-64.7749,48.2111],[-64.7737,48.2064],[-64.7791,48.205],[-64.7842,48.2019],[-64.7913,48.201],[-64.7967,48.2008],[-64.8159,48.2039],[-64.8214,48.2027],[-64.831,48.1973],[-64.8369,48.1965],[-64.8417,48.1931],[-64.8531,48.1942],[-64.8607,48.1915],[-64.8658,48.1858],[-64.8834,48.1853],[-64.8886,48.1881],[-64.8943,48.1876],[-64.9064,48.1844],[-64.9211,48.1831],[-64.9373,48.1767],[-64.9398,48.1799],[-64.9503,48.1781],[-64.9551,48.1824],[-64.9605,48.1824],[-64.9633,48.1929],[-64.9691,48.1959],[-64.9749,48.197],[-64.9754,48.19],[-64.9715,48.183],[-64.9637,48.1837],[-64.9749,48.1719],[-64.9775,48.165],[-64.9763,48.1585],[-64.967,48.1546],[-64.9509,48.1525],[-64.9529,48.1494],[-64.9994,48.1261],[-65.0106,48.1185],[-65.027,48.111],[-65.03,48.1077],[-65.0358,48.1054],[-65.0467,48.1043],[-65.0581,48.1001],[-65.0667,48.0937],[-65.0718,48.0926],[-65.0769,48.0938],[-65.0817,48.0918],[-65.0969,48.0804],[-65.1019,48.078],[-65.1128,48.074],[-65.1193,48.0741],[-65.1277,48.0672],[-65.1333,48.0588],[-65.1674,48.0428],[-65.2042,48.0354],[-65.2154,48.0347],[-65.2244,48.0316],[-65.2363,48.0261],[-65.2483,48.013],[-65.2489,48.0167],[-65.2603,48.0228],[-65.2665,48.0235],[-65.3024,48.0158],[-65.3084,48.0136],[-65.3178,48.0053],[-65.3234,48.0027],[-65.3278,48.0021],[-65.3666,48.0035],[-65.3994,48.0015],[-65.4053,48.0002],[-65.4209,48.0049],[-65.4366,48.0057],[-65.4472,48.0038],[-65.4541,48.0054],[-65.4602,48.0076],[-65.4686,48.0145],[-65.4706,48.0175],[-65.4736,48.0276],[-65.4709,48.0305],[-65.4723,48.0373],[-65.4661,48.0447],[-65.4653,48.0496],[-65.4753,48.0456],[-65.4788,48.0425],[-65.4832,48.0424],[-65.4817,48.0363],[-65.4871,48.0389],[-65.4895,48.0426],[-65.526,48.0642],[-65.5366,48.0682],[-65.5415,48.0684],[-65.5439,48.0654],[-65.5888,48.0727],[-65.5958,48.0759],[-65.619,48.0802],[-65.6254,48.0823],[-65.6325,48.0866],[-65.6787,48.1006],[-65.6854,48.1011],[-65.7077,48.1084],[-65.7292,48.1132],[-65.7452,48.1159],[-65.7775,48.117],[-65.8127,48.1219],[-65.8268,48.1363],[-65.8332,48.1404],[-65.8385,48.1412],[-65.8408,48.1446],[-65.8548,48.1512],[-65.8521,48.1544],[-65.8468,48.1574],[-65.841,48.1578],[-65.8395,48.1607],[-65.8468,48.1682],[-65.8512,48.1618],[-65.8591,48.1603],[-65.8642,48.162],[-65.8767,48.1725],[-65.8827,48.1737],[-65.8974,48.1697],[-65.902,48.1744],[-65.8996,48.1821],[-65.9018,48.1858],[-65.9012,48.1986],[-65.9045,48.2026],[-65.9183,48.1944],[-65.9305,48.1954],[-65.9362,48.1999],[-65.9412,48.1986],[-65.9459,48.1952],[-65.9552,48.1942],[-65.9601,48.1921],[-65.9627,48.1888],[-65.9682,48.1881],[-65.9727,48.1857],[-65.9684,48.1851],[-65.9697,48.1814],[-65.9859,48.1703],[-66.0,48.1631],[-66.0151,48.1514],[-66.0302,48.1348],[-66.0437,48.1153],[-66.0577,48.1064],[-66.0922,48.0933],[-66.0998,48.0921],[-66.1015,48.0928],[-66.1005,48.0974],[-66.106,48.1007],[-66.1277,48.1004],[-66.1345,48.1081],[-66.1607,48.1122],[-66.173,48.1136],[-66.1857,48.1115],[-66.2003,48.1067],[-66.2199,48.1062],[-66.2248,48.1067],[-66.2279,48.1097],[-66.2391,48.1103],[-66.2438,48.1079],[-66.2553,48.1056],[-66.2613,48.1058],[-66.2628,48.1088],[-66.2677,48.1108],[-66.2722,48.1104],[-66.2769,48.1138],[-66.2821,48.1151],[-66.2899,48.1138],[-66.3009,48.1144],[-66.3054,48.1112],[-66.3018,48.107],[-66.3012,48.1032],[-66.2984,48.0997],[-66.2823,48.0963],[-66.2772,48.0943],[-66.2737,48.091],[-66.2709,48.0946],[-66.2711,48.0905],[-66.2813,48.0673],[-66.2913,48.0665],[-66.2959,48.0647],[-66.3019,48.069],[-66.2978,48.072],[-66.2984,48.0758],[-66.3082,48.074],[-66.3081,48.0729],[-66.3139,48.0733],[-66.3306,48.0807],[-66.3398,48.0719],[-66.3533,48.0811],[-66.3703,48.0861],[-66.388,48.089],[-66.401,48.0896],[-66.4616,48.0864],[-66.4803,48.0834],[-66.5025,48.0769],[-66.5077,48.0721],[-66.5192,48.0556],[-66.5249,48.0506],[-66.5305,48.048],[-66.6242,48.0239],[-66.6545,48.0174],[-66.6608,48.0168],[-66.6713,48.0181],[-66.6766,48.0127],[-66.6911,48.0089],[-66.6981,48.0056],[-66.7166,48.0064],[-66.7314,48.0035],[-66.7358,48.0007],[-66.7413,48.0014],[-66.7453,47.9978],[-66.7487,47.9969],[-66.7518,47.9974],[-66.7578,48.0023],[-66.7617,48.0026],[-66.7771,47.9959],[-66.7833,47.9961],[-66.7803,47.9932],[-66.7893,47.9913],[-66.7993,47.9913],[-66.802,47.9952],[-66.8105,47.995],[-66.8412,48.0023],[-66.8435,48.0006],[-66.8577,48.0004],[-66.8612,47.9982],[-66.8688,47.9971],[-66.8763,47.9938],[-66.8926,47.9923],[-66.9191,47.985],[-66.9225,47.9835],[-66.9296,47.9756],[-66.9346,47.975],[-66.9415,47.9712],[-66.9432,47.9668],[-66.9432,47.9629],[-66.9472,47.9544],[-66.9617,47.9461],[-66.9645,47.942],[-66.9655,47.9284],[-66.9702,47.9153],[-66.9654,47.9118],[-66.9505,47.909],[-66.9444,47.9029],[-66.9455,47.8996],[-66.9489,47.8962],[-66.9561,47.8924],[-66.9731,47.8924],[-66.9798,47.8939],[-66.9962,47.9013],[-67.0077,47.9101],[-67.033,47.9206],[-67.0369,47.9235],[-67.0407,47.924],[-67.0455,47.9278],[-67.0469,47.9315],[-67.0504,47.9342],[-67.0596,47.9354],[-67.0636,47.9328],[-67.0682,47.9245],[-67.0711,47.9221],[-67.0855,47.9212],[-67.0913,47.9221],[-67.0936,47.9192],[-67.1065,47.9133],[-67.1271,47.9153],[-67.1327,47.9148],[-67.1357,47.9114],[-67.1329,47.9049],[-67.1333,47.8997],[-67.1365,47.8957],[-67.1413,47.8929],[-67.1522,47.8906],[-67.1613,47.8961],[-67.1663,47.8966],[-67.1713,47.8926],[-67.1729,47.8891],[-67.173,47.8847],[-67.1746,47.8832],[-67.193,47.8809],[-67.2068,47.8761],[-67.2129,47.8758],[-67.2166,47.8773],[-67.2286,47.8873],[-67.2333,47.887],[-67.2405,47.8825],[-67.2451,47.882],[-67.2524,47.8851],[-67.2595,47.8911],[-67.2638,47.8919],[-67.2726,47.8909],[-67.2784,47.8928],[-67.287,47.8987],[-67.2982,47.8987],[-67.2986,47.8956],[-67.2946,47.8927],[-67.2941,47.8902],[-67.2955,47.8881],[-67.3033,47.8855],[-67.3338,47.8899],[-67.3425,47.895],[-67.3478,47.8959],[-67.3493,47.8949],[-67.3484,47.8931],[-67.3395,47.8893],[-67.3381,47.8874],[-67.3366,47.8722],[-67.3409,47.8681],[-67.3429,47.8676],[-67.3465,47.8701],[-67.3468,47.8736],[-67.3523,47.8735],[-67.3512,47.8674],[-67.362,47.8596],[-67.3643,47.8564],[-67.3574,47.8507],[-67.3579,47.8471],[-67.3616,47.845],[-67.3744,47.8454],[-67.3836,47.8472],[-67.3899,47.8503],[-67.3887,47.8518],[-67.3815,47.8538],[-67.3796,47.8564],[-67.3811,47.858],[-67.3935,47.8597],[-67.3942,47.8613],[-67.3918,47.8662],[-67.3929,47.8678],[-67.3985,47.867],[-67.4006,47.8699],[-67.4192,47.8753],[-67.4216,47.8781],[-67.4283,47.8775],[-67.4378,47.8802],[-67.4418,47.8852],[-67.4479,47.8863],[-67.4541,47.8895],[-67.4587,47.8892],[-67.4653,47.8928],[-67.4724,47.8941],[-67.4748,47.8966],[-67.4811,47.899],[-67.4826,47.9024],[-67.4851,47.9035],[-67.4903,47.9029],[-67.5008,47.9057],[-67.5074,47.9084],[-67.5089,47.9117],[-67.5125,47.9137],[-67.5179,47.9134],[-67.5213,47.9146],[-67.5277,47.9137],[-67.5305,47.9151],[-67.5341,47.915],[-67.5407,47.9168],[-67.5479,47.9218],[-67.5594,47.9194],[-67.5708,47.9223],[-67.5822,47.9281],[-67.5894,47.9244],[-67.5934,47.9246],[-67.5958,47.9324],[-67.6052,47.9348],[-67.6078,47.9368],[-67.6047,47.9421],[-67.6083,47.9493],[-67.6016,47.9531],[-67.6023,47.9546],[-67.6067,47.956],[-67.6075,47.9614],[-67.5983,47.9644],[-67.5964,47.9698],[-67.5969,47.9721],[-67.601,47.9736],[-67.6026,47.9782],[-67.6133,47.9799],[-67.61,47.9851],[-67.6113,47.9865],[-67.6093,47.9886],[-67.6106,47.9911],[-67.5972,47.9964],[-67.5971,48.0014],[-67.5897,48.0028],[-67.5927,48.0072],[-67.5872,48.0108],[-67.5928,48.0128],[-67.5904,48.0175],[-67.5898,48.0234],[-67.5957,48.0267],[-67.5945,48.0295],[-67.5875,48.0346],[-67.5858,48.038],[-67.5869,48.0421],[-67.5848,48.045],[-67.5882,48.0467],[-67.587,48.0491],[-67.5941,48.0524],[-67.5938,48.0538],[-67.597,48.0564],[-67.6069,48.0619],[-67.6101,48.0624],[-67.6129,48.0663],[-67.6148,48.0658],[-67.6153,48.0675],[-67.6197,48.067],[-67.6241,48.069],[-67.6253,48.0701],[-67.6246,48.0714],[-67.6287,48.0738],[-67.6319,48.0783],[-67.6368,48.0782],[-67.6494,48.0811],[-67.6493,48.0843],[-67.652,48.0863],[-67.6495,48.0904],[-67.6526,48.0961],[-67.6563,48.0995],[-67.6553,48.1012],[-67.6581,48.1023],[-67.6601,48.1109],[-67.6661,48.1145],[-67.6667,48.1185],[-67.3746,48.1949],[-67.2775,48.0315],[-67.2002,48.0527],[-67.0985,48.0779],[-67.0963,48.0817],[-67.0984,48.0852],[-67.039,48.0982],[-66.8796,48.137],[-66.9345,48.1811],[-66.9004,48.2004],[-66.8757,48.1829],[-66.8397,48.1469],[-66.8368,48.1475],[-66.8405,48.1531],[-66.8432,48.1521],[-66.9742,48.3032],[-66.795,48.3529],[-65.7514,48.6163],[-65.5931,48.6584],[-65.5008,48.6797],[-64.958,48.3286]]],[[[-64.582,48.3783],[-64.5802,48.3762],[-64.5862,48.3783],[-64.5836,48.3775],[-64.582,48.3783]]]]}},{"type":"Feature","properties":{"CO_CEP":261,"NM_CEP":"Nelligan"},"geometry":{"type":"MultiPolygon","coordinates":[[[[-73.8292,45.5169],[-73.8273,45.516],[-73.8199,45.5068],[-73.8402,45.4998],[-73.8546,45.49],[-73.8582,45.485],[-73.8622,45.4821],[-73.8569,45.4729],[-73.8339,45.4497],[-73.8362,45.4497],[-73.8321,45.4454],[-73.852,45.4455],[-73.8649,45.439],[-73.8685,45.4429],[-73.8716,45.4413],[-73.8728,45.4426],[-73.8769,45.4415],[-73.8761,45.4385],[-73.8787,45.4382],[-73.8798,45.4398],[-73.8819,45.4388],[-73.8811,45.4367],[-73.8832,45.4361],[-73.8852,45.4375],[-73.8935,45.4354],[-73.8939,45.4366],[-73.9013,45.4353],[-73.9029,45.4401],[-73.9044,45.4405],[-73.9056,45.4448],[-73.9041,45.445],[-73.9043,45.4468],[-73.9056,45.4484],[-73.9249,45.4406],[-73.9382,45.4515],[-73.937,45.4525],[-73.9456,45.4578],[-73.9419,45.4614],[-73.9463,45.4628],[-73.9401,45.4666],[-73.9386,45.4714],[-73.9272,45.474],[-73.923,45.4709],[-73.9184,45.4625],[-73.9132,45.4606],[-73.9092,45.4617],[-73.9034,45.4609],[-73.898,45.4655],[-73.8796,45.4723],[-73.8757,45.4782],[-73.8715,45.4813],[-73.869,45.4863],[-73.8602,45.4889],[-73.8542,45.4944],[-73.8555,45.4991],[-73.858,45.502],[-73.8574,45.5051],[-73.8487,45.5137],[-73.8439,45.5164],[-73.8292,45.5169]]],[[[-73.8816,45.4794],[-73.8868,45.4763],[-73.89,45.4723],[-73.9008,45.4713],[-73.9013,45.4679],[-73.9093,45.4693],[-73.9134,45.4683],[-73.9188,45.4712],[-73.9251,45.4773],[-73.9442,45.4753],[-73.9431,45.4792],[-73.9389,45.4805],[-73.9418,45.4836],[-73.9364,45.4919],[-73.9272,45.4939],[-73.9233,45.4994],[-73.9181,45.5016],[-73.9139,45.5018],[-73.9127,45.5062],[-73.9064,45.5085],[-73.9031,45.5123],[-73.9029,45.5155],[-73.8866,45.5201],[-73.8652,45.5194],[-73.8573,45.5134],[-73.856,45.5104],[-73.8596,45.507],[-73.8604,45.5037],[-73.8633,45.5002],[-73.8613,45.4973],[-73.8644,45.4924],[-73.8731,45.4854],[-73.8782,45.4841],[-73.8816,45.4794]]]]}},{"type":"Feature","properties":{"CO_CEP":689,"NM_CEP":"Abitibi-Est"},"geometry":{"type":"MultiPolygon","coordinates":[[[[-75.5206,47.8477],[-75.7253,47.8475],[-75.7303,47.8412],[-75.7395,47.8375],[-75.7424,47.8337],[-75.7425,47.8308],[-75.747,47.8298],[-75.7509,47.8266],[-75.7557,47.826],[-75.7634,47.8207],[-75.7721,47.8188],[-75.7747,47.8107],[-75.7745,47.8069],[-75.7784,47.8044],[-75.7789,47.8009],[-75.7816,47.8007],[-75.7825,47.7953],[-75.7883,47.7915],[-75.7857,47.786],[-75.7891,47.7844],[-75.7907,47.7809],[-75.7864,47.7793],[-75.7825,47.7757],[-75.7838,47.7737],[-75.7797,47.7676],[-75.7808,47.7663],[-75.7804,47.7629],[-75.7774,47.7574],[-75.7792,47.7525],[-75.7839,47.7507],[-75.7861,47.7485],[-75.7859,47.7452],[-75.7843,47.7441],[-75.7859,47.7393],[-75.7845,47.7384],[-75.7858,47.7359],[-75.7857,47.7255],[-75.7908,47.7205],[-75.7976,47.7092],[-75.7919,47.6987],[-75.788,47.6849],[-75.7849,47.6803],[-75.7872,47.6798],[-75.7878,47.6817],[-75.7918,47.6815],[-75.7929,47.6774],[-75.7938,47.6761],[-75.7955,47.6764],[-75.7956,47.6744],[-75.8058,47.6695],[-75.808,47.6698],[-75.8121,47.674],[-75.8146,47.6744],[-75.8143,47.6754],[-75.811,47.6746],[-75.8137,47.6815],[-75.8159,47.6808],[-75.8121,47.6878],[-75.8148,47.6893],[-75.8145,47.6908],[-75.816,47.6924],[-75.8177,47.6925],[-75.8177,47.6939],[-75.8203,47.6941],[-75.8232,47.6915],[-75.8304,47.6896],[-75.8204,47.6958],[-75.8211,47.6976],[-75.8234,47.6991],[-75.8311,47.6992],[-75.8349,47.6972],[-75.8345,47.6995],[-75.8307,47.7007],[-75.8336,47.7009],[-75.8315,47.7015],[-75.8307,47.7034],[-75.8352,47.7047],[-75.8414,47.703],[-75.8474,47.7043],[-75.8477,47.7134],[-75.8569,47.7139],[-75.8506,47.7169],[-75.8479,47.7164],[-75.8435,47.7186],[-75.8424,47.7208],[-75.8422,47.7225],[-75.8504,47.7265],[-75.8479,47.73],[-75.8478,47.7324],[-75.8369,47.731],[-75.8278,47.7361],[-75.8311,47.7365],[-75.8326,47.7387],[-75.8367,47.7361],[-75.8362,47.738],[-75.8402,47.7382],[-75.8332,47.7391],[-75.8328,47.7423],[-75.8306,47.7438],[-75.8349,47.7505],[-75.838,47.75],[-75.8337,47.7592],[-75.8341,47.7627],[-75.8332,47.7633],[-75.8353,47.7641],[-75.8316,47.7656],[-75.8318,47.7675],[-75.8403,47.7712],[-75.8529,47.7728],[-75.8577,47.7728],[-75.8624,47.7707],[-75.8662,47.7791],[-75.8653,47.7833],[-75.8671,47.7841],[-75.8674,47.7855],[-75.8629,47.7867],[-75.8618,47.7885],[-75.8568,47.7869],[-75.86,47.7846],[-75.8597,47.7832],[-75.8575,47.784],[-75.854,47.7827],[-75.8485,47.7854],[-75.8506,47.7862],[-75.8498,47.7875],[-75.8515,47.7887],[-75.8586,47.7884],[-75.8566,47.7906],[-75.8507,47.7911],[-75.8489,47.7928],[-75.8515,47.7949],[-75.8549,47.7951],[-75.8516,47.7979],[-75.8555,47.8005],[-75.8569,47.8034],[-75.8683,47.7999],[-75.8705,47.8013],[-75.8828,47.7999],[-75.8837,47.801],[-75.8889,47.7978],[-75.8956,47.8003],[-75.897,47.7987],[-75.8963,47.7974],[-75.8993,47.7949],[-75.9053,47.7922],[-75.9066,47.7935],[-75.9098,47.793],[-75.9129,47.7953],[-75.9168,47.7942],[-75.9177,47.7973],[-75.9217,47.8019],[-75.9311,47.7992],[-75.9345,47.8003],[-75.9858,47.7718],[-75.9836,47.7665],[-75.98,47.7654],[-75.9803,47.7634],[-75.9837,47.7608],[-75.9859,47.7549],[-75.9944,47.7543],[-75.9926,47.7527],[-75.9858,47.7529],[-75.9824,47.7457],[-75.9831,47.7437],[-75.9863,47.743],[-75.9874,47.7384],[-75.9978,47.7358],[-76.0005,47.7369],[-76.0033,47.7335],[-76.0066,47.7333],[-76.0082,47.7313],[-76.0077,47.7296],[-76.0041,47.7288],[-76.0032,47.7305],[-76.0031,47.7291],[-76.0045,47.7287],[-76.0029,47.7289],[-76.0031,47.728],[-76.0087,47.7267],[-76.0099,47.7293],[-76.0087,47.7296],[-76.0096,47.7297],[-76.0133,47.7265],[-76.0118,47.7271],[-76.0114,47.7253],[-76.0158,47.7237],[-76.0218,47.7239],[-76.0225,47.7255],[-76.0263,47.7273],[-76.0323,47.726],[-76.0333,47.7243],[-76.0361,47.7237],[-76.0364,47.7247],[-76.0445,47.7241],[-76.0476,47.7267],[-76.0534,47.7247],[-76.0574,47.726],[-76.0581,47.728],[-76.0563,47.7284],[-76.0556,47.7301],[-76.0571,47.7315],[-76.0655,47.7277],[-76.0655,47.7267],[-76.0643,47.7272],[-76.0652,47.725],[-76.0666,47.7257],[-76.0658,47.7266],[-76.0679,47.7273],[-76.0704,47.7266],[-76.0726,47.7231],[-76.0717,47.7227],[-76.0706,47.7257],[-76.0693,47.7233],[-76.0724,47.722],[-76.0744,47.7224],[-76.0746,47.7214],[-76.0875,47.7261],[-76.0916,47.7244],[-76.1045,47.7247],[-76.1083,47.7225],[-76.1099,47.7188],[-76.1143,47.7191],[-76.1169,47.7179],[-76.125,47.72],[-76.1261,47.7227],[-76.1257,47.7214],[-76.1281,47.7204],[-76.1282,47.7188],[-76.131,47.7178],[-76.1318,47.7237],[-76.1338,47.7229],[-76.1364,47.7239],[-76.1352,47.7225],[-76.1355,47.7204],[-76.1416,47.7194],[-76.1414,47.7181],[-76.1438,47.7169],[-76.1433,47.7175],[-76.1472,47.7186],[-76.1495,47.7171],[-76.1486,47.7167],[-76.1494,47.716],[-76.1542,47.7156],[-76.1627,47.7183],[-76.161,47.7211],[-76.1644,47.7251],[-76.1741,47.7247],[-76.174,47.7238],[-76.1781,47.7255],[-76.1751,47.7302],[-76.1685,47.7346],[-76.1755,47.7333],[-76.175,47.7365],[-76.1759,47.737],[-76.1804,47.7337],[-76.1823,47.7339],[-76.1825,47.7357],[-76.1822,47.7331],[-76.1836,47.7317],[-76.1871,47.7316],[-76.1857,47.7303],[-76.1874,47.729],[-76.1908,47.7296],[-76.1969,47.7262],[-76.2034,47.7259],[-76.2046,47.7237],[-76.2106,47.724],[-76.2125,47.7264],[-76.2148,47.7255],[-76.2137,47.7274],[-76.2214,47.7266],[-76.2203,47.7279],[-76.2168,47.7279],[-76.2169,47.7296],[-76.219,47.7313],[-76.2201,47.7312],[-76.2203,47.7297],[-76.228,47.7303],[-76.2281,47.7293],[-76.2234,47.7277],[-76.2238,47.7263],[-76.2264,47.7278],[-76.2254,47.7255],[-76.2278,47.7234],[-76.232,47.7247],[-76.2336,47.7237],[-76.2334,47.7218],[-76.2387,47.7217],[-76.2427,47.7172],[-76.2409,47.7159],[-76.2438,47.7135],[-76.2428,47.7123],[-76.2488,47.7096],[-76.2449,47.7068],[-76.2481,47.7028],[-76.245,47.7054],[-76.2431,47.7041],[-76.2472,47.7006],[-76.2497,47.7],[-76.2481,47.7027],[-76.2504,47.7005],[-76.2533,47.7002],[-76.2551,47.6979],[-76.2574,47.6978],[-76.256,47.6974],[-76.2563,47.6964],[-76.2666,47.6944],[-76.27,47.692],[-76.2704,47.6903],[-76.2693,47.6894],[-76.2706,47.6885],[-76.2751,47.6884],[-76.2703,47.6899],[-76.2715,47.6914],[-76.279,47.6893],[-76.277,47.6894],[-76.2776,47.6887],[-76.2908,47.6865],[-76.2915,47.6849],[-76.2904,47.6861],[-76.2888,47.6847],[-76.2885,47.6819],[-76.2895,47.6809],[-76.2881,47.6806],[-76.2908,47.6802],[-76.2927,47.6774],[-76.294,47.6776],[-76.2934,47.6762],[-76.2959,47.6747],[-76.2958,47.6728],[-76.3002,47.6699],[-76.3033,47.6704],[-76.3072,47.6664],[-76.3187,47.6666],[-76.3211,47.6683],[-76.3231,47.6675],[-76.3245,47.6691],[-76.3321,47.6626],[-76.3301,47.6615],[-76.3329,47.6614],[-76.3349,47.6577],[-76.336,47.6592],[-76.3425,47.6556],[-76.3649,47.6543],[-76.3726,47.6515],[-76.3778,47.6528],[-76.3825,47.6574],[-76.3826,47.662],[-76.385,47.6614],[-76.3877,47.6572],[-76.3895,47.6568],[-76.3886,47.6553],[-76.3901,47.6544],[-76.3954,47.6539],[-76.3992,47.6561],[-76.4001,47.6543],[-76.4043,47.6535],[-76.4043,47.6508],[-76.4021,47.65],[-76.402,47.6476],[-76.4111,47.6456],[-76.4119,47.6436],[-76.4083,47.6417],[-76.4066,47.643],[-76.407,47.6439],[-76.402,47.6433],[-76.4047,47.6425],[-76.4072,47.639],[-76.4099,47.638],[-76.4134,47.6386],[-76.4108,47.6406],[-76.4152,47.641],[-76.4171,47.6398],[-76.4155,47.6387],[-76.4176,47.6365],[-76.4177,47.6389],[-76.4195,47.6385],[-76.4198,47.6366],[-76.4186,47.6353],[-76.4198,47.6365],[-76.4206,47.6377],[-76.4207,47.6392],[-76.4262,47.6403],[-76.4289,47.6371],[-76.4286,47.6348],[-76.4273,47.6345],[-76.4302,47.6322],[-76.4292,47.6318],[-76.4427,47.6299],[-76.4479,47.6312],[-76.4519,47.6278],[-76.4549,47.6288],[-76.4588,47.6275],[-76.4609,47.6256],[-76.4605,47.6246],[-76.4499,47.6266],[-76.4536,47.6247],[-76.455,47.6222],[-76.4628,47.6229],[-76.4629,47.6196],[-76.4573,47.6148],[-76.4637,47.6142],[-76.4639,47.6162],[-76.4681,47.6173],[-76.4725,47.6131],[-76.4747,47.6148],[-76.4743,47.6157],[-76.4763,47.6156],[-76.4764,47.6139],[-76.4816,47.6109],[-76.4781,47.6064],[-76.4809,47.6046],[-76.4819,47.606],[-76.4831,47.6059],[-76.483,47.6046],[-76.4845,47.6052],[-76.4843,47.6014],[-76.4854,47.6006],[-76.4882,47.6012],[-76.49,47.599],[-76.4935,47.5999],[-76.4936,47.5981],[-76.4924,47.5978],[-76.4842,47.6005],[-76.4834,47.6013],[-76.4843,47.6025],[-76.4828,47.6029],[-76.4821,47.5999],[-76.4801,47.5995],[-76.4651,47.6022],[-76.4615,47.5999],[-76.4515,47.6042],[-76.4491,47.6026],[-76.4497,47.6015],[-76.4469,47.6017],[-76.4441,47.5993],[-76.4408,47.6008],[-76.4413,47.6016],[-76.4395,47.6027],[-76.4319,47.6023],[-76.4279,47.6053],[-76.4282,47.6062],[-76.4234,47.6065],[-76.4223,47.6075],[-76.4162,47.6031],[-76.4165,47.601],[-76.4213,47.5999],[-76.4169,47.5995],[-76.4076,47.5623],[-76.4178,47.5178],[-76.4248,47.513],[-76.4416,47.5219],[-76.4995,47.5576],[-76.5197,47.5677],[-76.5754,47.604],[-76.5757,47.2898],[-77.002,47.2902],[-77.0023,47.1453],[-77.4327,47.1447],[-77.4326,47.2903],[-77.6473,47.2903],[-77.6473,47.2693],[-77.9315,47.2701],[-77.9296,47.2713],[-77.9296,47.2727],[-77.9254,47.2747],[-77.9235,47.2788],[-77.9248,47.2802],[-77.9229,47.2807],[-77.926,47.2845],[-77.9148,47.2862],[-77.9136,47.2888],[-77.9113,47.2885],[-77.9084,47.2922],[-77.9061,47.2913],[-77.9053,47.289],[-77.9035,47.289],[-77.9038,47.2908],[-77.9018,47.2942],[-77.8963,47.2954],[-77.8947,47.2972],[-77.8953,47.2983],[-77.8904,47.2978],[-77.8873,47.3015],[-77.8872,47.3054],[-77.8818,47.3052],[-77.8803,47.307],[-77.8799,47.3111],[-77.8718,47.3131],[-77.8728,47.3086],[-77.8683,47.3107],[-77.8676,47.3128],[-77.8638,47.3135],[-77.864,47.3162],[-77.861,47.3179],[-77.8583,47.3148],[-77.8603,47.3102],[-77.8573,47.3098],[-77.8572,47.307],[-77.8563,47.3071],[-77.8577,47.312],[-77.8572,47.3179],[-77.8608,47.3251],[-77.8604,47.3269],[-77.8568,47.3287],[-77.8565,47.3266],[-77.8484,47.3265],[-77.8463,47.3237],[-77.8439,47.3245],[-77.8446,47.3227],[-77.8484,47.3232],[-77.8513,47.3215],[-77.8521,47.3191],[-77.85,47.32],[-77.8452,47.3199],[-77.8451,47.3189],[-77.8401,47.3195],[-77.8406,47.3176],[-77.8423,47.3168],[-77.8412,47.3163],[-77.8414,47.3144],[-77.8438,47.3104],[-77.843,47.3089],[-77.8443,47.3083],[-77.8444,47.3032],[-77.8422,47.3033],[-77.8413,47.3096],[-77.8394,47.3114],[-77.8404,47.3142],[-77.8385,47.3167],[-77.8369,47.3155],[-77.8352,47.3191],[-77.8262,47.3185],[-77.8351,47.3199],[-77.8337,47.3211],[-77.8347,47.3222],[-77.834,47.324],[-77.8329,47.3231],[-77.8272,47.3236],[-77.8315,47.3257],[-77.8255,47.3276],[-77.8231,47.3263],[-77.8232,47.3252],[-77.8182,47.3256],[-77.8227,47.3309],[-77.8243,47.3281],[-77.8275,47.3279],[-77.8303,47.3311],[-77.8332,47.3302],[-77.8362,47.3317],[-77.8381,47.3312],[-77.8378,47.3329],[-77.8396,47.3313],[-77.8405,47.3324],[-77.8431,47.3311],[-77.844,47.334],[-77.8407,47.3349],[-77.8395,47.3365],[-77.8433,47.3364],[-77.8352,47.3378],[-77.8361,47.3366],[-77.8326,47.3375],[-77.833,47.3355],[-77.8295,47.338],[-77.829,47.336],[-77.8249,47.3363],[-77.8227,47.3343],[-77.8222,47.3373],[-77.8215,47.3347],[-77.8194,47.3338],[-77.8184,47.3387],[-77.8195,47.3398],[-77.8215,47.3377],[-77.8231,47.3383],[-77.8236,47.3409],[-77.8253,47.3412],[-77.8244,47.3424],[-77.8253,47.3431],[-77.8239,47.3462],[-77.822,47.3469],[-77.8218,47.3482],[-77.8172,47.3521],[-77.8153,47.3574],[-77.8109,47.3594],[-77.8083,47.3585],[-77.8046,47.3617],[-77.7992,47.363],[-77.7964,47.3621],[-77.7951,47.3632],[-77.7976,47.365],[-77.7989,47.3694],[-77.8021,47.3736],[-77.8006,47.3765],[-77.8013,47.3779],[-77.8024,47.3776],[-77.8022,47.3797],[-77.8041,47.3791],[-77.8038,47.3815],[-77.8024,47.3814],[-77.7983,47.3851],[-77.7987,47.3834],[-77.7966,47.3816],[-77.7933,47.3833],[-77.7922,47.3805],[-77.7939,47.3751],[-77.7898,47.372],[-77.7873,47.3737],[-77.788,47.3754],[-77.7901,47.3758],[-77.7897,47.3814],[-77.7927,47.3836],[-77.7878,47.3933],[-77.7846,47.392],[-77.7798,47.3939],[-77.7774,47.3933],[-77.7721,47.3967],[-77.772,47.395],[-77.7709,47.3947],[-77.7738,47.3914],[-77.7733,47.3906],[-77.7637,47.3961],[-77.7666,47.3988],[-77.7668,47.4016],[-77.7691,47.4011],[-77.7722,47.4026],[-77.7719,47.4069],[-77.7678,47.4097],[-77.7615,47.4118],[-77.759,47.4147],[-77.7536,47.4165],[-77.7576,47.4166],[-77.7656,47.4138],[-77.7669,47.4148],[-77.7658,47.4159],[-77.7663,47.4174],[-77.7714,47.4185],[-77.7682,47.4194],[-77.767,47.4219],[-77.7656,47.4209],[-77.7626,47.4223],[-77.7625,47.4247],[-77.7552,47.4248],[-77.755,47.4234],[-77.7537,47.4239],[-77.7541,47.4219],[-77.7483,47.4241],[-77.7463,47.4276],[-77.7403,47.4276],[-77.7413,47.4264],[-77.7385,47.4261],[-77.7382,47.4273],[-77.7275,47.428],[-77.7198,47.4244],[-77.7184,47.425],[-77.7233,47.421],[-77.7341,47.417],[-77.7302,47.4152],[-77.7256,47.4176],[-77.7181,47.4192],[-77.7171,47.4176],[-77.7124,47.4182],[-77.7108,47.4198],[-77.7075,47.4191],[-77.7037,47.4215],[-77.7039,47.4225],[-77.6979,47.4239],[-77.698,47.4261],[-77.6942,47.4275],[-77.6947,47.4286],[-77.6926,47.4268],[-77.6837,47.4252],[-77.6833,47.4228],[-77.6791,47.4234],[-77.6764,47.4263],[-77.672,47.4265],[-77.6689,47.4297],[-77.665,47.429],[-77.6614,47.4303],[-77.6633,47.4312],[-77.6634,47.4325],[-77.6662,47.4332],[-77.6625,47.434],[-77.6603,47.4333],[-77.6611,47.432],[-77.6593,47.4312],[-77.6569,47.4259],[-77.651,47.4248],[-77.6508,47.4235],[-77.6488,47.423],[-77.6482,47.4206],[-77.644,47.4182],[-77.6421,47.4192],[-77.6404,47.416],[-77.6368,47.4169],[-77.6374,47.4142],[-77.6384,47.4147],[-77.6388,47.4131],[-77.6412,47.4128],[-77.6403,47.4119],[-77.6363,47.4144],[-77.6354,47.4182],[-77.6335,47.4156],[-77.6323,47.4183],[-77.6293,47.4183],[-77.6315,47.4154],[-77.6273,47.4138],[-77.626,47.4146],[-77.6249,47.4134],[-77.6262,47.4125],[-77.6257,47.4106],[-77.6188,47.41],[-77.6213,47.4053],[-77.6159,47.4046],[-77.6108,47.4089],[-77.6102,47.4121],[-77.606,47.4097],[-77.6056,47.4067],[-77.6018,47.404],[-77.6029,47.403],[-77.5991,47.4053],[-77.6015,47.405],[-77.6043,47.408],[-77.6016,47.4086],[-77.6042,47.4091],[-77.6023,47.4098],[-77.6041,47.4096],[-77.6028,47.4105],[-77.6053,47.4104],[-77.607,47.4121],[-77.6048,47.4139],[-77.6083,47.4128],[-77.6083,47.4138],[-77.6114,47.4152],[-77.6148,47.413],[-77.6169,47.4161],[-77.6172,47.419],[-77.614,47.4207],[-77.6078,47.4288],[-77.6093,47.4372],[-77.6041,47.4407],[-77.5965,47.441],[-77.5944,47.4419],[-77.5958,47.4428],[-77.5944,47.4424],[-77.5934,47.4442],[-77.5897,47.444],[-77.5863,47.4457],[-77.5792,47.4424],[-77.5808,47.4387],[-77.5825,47.4384],[-77.5804,47.438],[-77.5802,47.4401],[-77.5782,47.4407],[-77.5791,47.4424],[-77.5729,47.4449],[-77.5676,47.4497],[-77.565,47.4493],[-77.5679,47.4501],[-77.5672,47.454],[-77.5655,47.4566],[-77.5647,47.456],[-77.567,47.4527],[-77.5655,47.4527],[-77.5648,47.4509],[-77.5623,47.451],[-77.5594,47.4533],[-77.5592,47.4553],[-77.5574,47.4564],[-77.5582,47.4578],[-77.5612,47.459],[-77.5654,47.4569],[-77.5626,47.4642],[-77.5673,47.4688],[-77.5659,47.4692],[-77.5669,47.4703],[-77.5663,47.4723],[-77.5632,47.473],[-77.5625,47.4747],[-77.5594,47.4763],[-77.5584,47.4751],[-77.5557,47.4753],[-77.5532,47.4804],[-77.5536,47.4768],[-77.5504,47.4771],[-77.548,47.4735],[-77.546,47.4735],[-77.5472,47.4731],[-77.5469,47.4721],[-77.5449,47.4715],[-77.5386,47.4717],[-77.5339,47.4767],[-77.5342,47.4742],[-77.5359,47.4729],[-77.534,47.4703],[-77.5286,47.4735],[-77.5259,47.4725],[-77.5227,47.4736],[-77.5223,47.4718],[-77.526,47.4681],[-77.5234,47.4693],[-77.5253,47.4658],[-77.5241,47.4653],[-77.5202,47.4715],[-77.51,47.4696],[-77.5127,47.4725],[-77.5154,47.4725],[-77.5148,47.4733],[-77.5164,47.4747],[-77.5168,47.4732],[-77.5181,47.4732],[-77.5163,47.4758],[-77.521,47.4796],[-77.5198,47.4834],[-77.519,47.4829],[-77.5175,47.485],[-77.521,47.4853],[-77.5235,47.4832],[-77.5249,47.484],[-77.5257,47.4825],[-77.5262,47.4847],[-77.5253,47.4888],[-77.5246,47.4872],[-77.5226,47.4871],[-77.5225,47.491],[-77.5185,47.4927],[-77.5175,47.492],[-77.5187,47.4948],[-77.5159,47.4961],[-77.5168,47.4989],[-77.5141,47.5001],[-77.5104,47.4983],[-77.5124,47.4974],[-77.5151,47.493],[-77.5132,47.4933],[-77.5122,47.4956],[-77.5051,47.4963],[-77.5098,47.4905],[-77.5065,47.4922],[-77.5069,47.4861],[-77.5046,47.4912],[-77.5011,47.4898],[-77.4985,47.4906],[-77.4977,47.4895],[-77.4972,47.4937],[-77.4936,47.496],[-77.4916,47.4958],[-77.4909,47.4934],[-77.4847,47.4935],[-77.4783,47.491],[-77.4755,47.4885],[-77.476,47.487],[-77.474,47.485],[-77.4686,47.487],[-77.4668,47.4898],[-77.4685,47.4915],[-77.4688,47.4899],[-77.4704,47.4903],[-77.471,47.4887],[-77.4723,47.4901],[-77.4729,47.4915],[-77.4712,47.4924],[-77.4714,47.4946],[-77.478,47.4939],[-77.4831,47.496],[-77.4819,47.4934],[-77.484,47.4937],[-77.4858,47.495],[-77.4847,47.4961],[-77.4867,47.4992],[-77.4951,47.4968],[-77.4969,47.4985],[-77.498,47.4971],[-77.5009,47.5041],[-77.4989,47.5099],[-77.5027,47.5079],[-77.493,47.5168],[-77.4904,47.5177],[-77.4871,47.5155],[-77.4818,47.5147],[-77.4802,47.5137],[-77.4798,47.5102],[-77.4764,47.5109],[-77.4806,47.5061],[-77.4764,47.5093],[-77.4721,47.5084],[-77.4703,47.5095],[-77.4675,47.5087],[-77.4676,47.5072],[-77.4634,47.5071],[-77.4661,47.5035],[-77.4593,47.5064],[-77.4597,47.505],[-77.4526,47.5025],[-77.4507,47.4968],[-77.4493,47.4965],[-77.4498,47.4952],[-77.4445,47.4921],[-77.4435,47.4903],[-77.4444,47.4886],[-77.4382,47.4888],[-77.4357,47.4871],[-77.4368,47.4852],[-77.4322,47.4898],[-77.4304,47.4885],[-77.4297,47.4901],[-77.4276,47.4897],[-77.4288,47.4909],[-77.4261,47.4936],[-77.4311,47.4908],[-77.4393,47.4954],[-77.439,47.5021],[-77.4376,47.5025],[-77.4421,47.5014],[-77.443,47.5026],[-77.4476,47.5023],[-77.4483,47.5037],[-77.4452,47.5036],[-77.4528,47.5072],[-77.4524,47.5104],[-77.4507,47.5123],[-77.444,47.5112],[-77.4457,47.5146],[-77.4481,47.5137],[-77.447,47.5146],[-77.4508,47.519],[-77.4564,47.5207],[-77.457,47.5238],[-77.4551,47.5265],[-77.4584,47.5278],[-77.4617,47.5244],[-77.4629,47.5239],[-77.4631,47.5264],[-77.4701,47.5222],[-77.4721,47.524],[-77.4717,47.5266],[-77.4689,47.5265],[-77.4707,47.5279],[-77.467,47.5334],[-77.4624,47.5346],[-77.4618,47.5334],[-77.4631,47.5332],[-77.4642,47.53],[-77.4625,47.5296],[-77.4613,47.5307],[-77.4601,47.5298],[-77.4605,47.5281],[-77.4582,47.5297],[-77.4571,47.529],[-77.4561,47.5297],[-77.457,47.5308],[-77.4543,47.5321],[-77.4536,47.5353],[-77.4516,47.5362],[-77.4498,47.5353],[-77.4508,47.5323],[-77.4481,47.5358],[-77.444,47.5354],[-77.44,47.5377],[-77.443,47.5384],[-77.4406,47.5415],[-77.4481,47.5392],[-77.4505,47.539],[-77.4512,47.5402],[-77.4534,47.5373],[-77.4598,47.5381],[-77.4617,47.5402],[-77.4607,47.5413],[-77.4641,47.5415],[-77.4646,47.5441],[-77.4679,47.5422],[-77.4699,47.5475],[-77.4741,47.5454],[-77.4741,47.5428],[-77.4755,47.5411],[-77.4767,47.5431],[-77.4867,47.5396],[-77.4928,47.5407],[-77.4941,47.5418],[-77.4927,47.5495],[-77.4944,47.5574],[-77.4935,47.5586],[-77.4962,47.5605],[-77.4984,47.5592],[-77.501,47.5526],[-77.5037,47.5503],[-77.504,47.5513],[-77.5,47.5604],[-77.5022,47.5626],[-77.4949,47.562],[-77.501,47.566],[-77.5008,47.5694],[-77.4989,47.5676],[-77.4946,47.5681],[-77.4913,47.5657],[-77.489,47.5655],[-77.4885,47.5744],[-77.4898,47.578],[-77.4921,47.5787],[-77.4882,47.5802],[-77.4861,47.5849],[-77.4842,47.5847],[-77.4845,47.5871],[-77.4821,47.5878],[-77.4834,47.5898],[-77.4806,47.5913],[-77.4765,47.5906],[-77.4752,47.592],[-77.4725,47.5901],[-77.472,47.588],[-77.4701,47.5875],[-77.4711,47.5885],[-77.4699,47.5903],[-77.4672,47.5903],[-77.4687,47.5919],[-77.4719,47.5904],[-77.4735,47.5929],[-77.4718,47.5949],[-77.476,47.5952],[-77.4767,47.5967],[-77.4792,47.5937],[-77.4805,47.5949],[-77.4777,47.5969],[-77.4783,47.5994],[-77.4737,47.6012],[-77.4745,47.6029],[-77.4728,47.6019],[-77.4685,47.6033],[-77.4703,47.6049],[-77.47,47.6068],[-77.4645,47.6037],[-77.4652,47.6023],[-77.4683,47.6029],[-77.4632,47.6002],[-77.4628,47.5985],[-77.4649,47.5966],[-77.4544,47.5972],[-77.4498,47.5921],[-77.4506,47.5904],[-77.4391,47.5885],[-77.4387,47.5893],[-77.4352,47.5868],[-77.4343,47.5831],[-77.428,47.5798],[-77.4288,47.5829],[-77.4241,47.5846],[-77.4258,47.5868],[-77.4316,47.5867],[-77.4315,47.5886],[-77.4339,47.5916],[-77.4338,47.5892],[-77.4363,47.5903],[-77.4423,47.5898],[-77.4486,47.5919],[-77.4526,47.5983],[-77.4601,47.6021],[-77.4638,47.6073],[-77.4661,47.6074],[-77.4664,47.6159],[-77.4684,47.6168],[-77.4652,47.617],[-77.4683,47.6203],[-77.467,47.624],[-77.4616,47.6244],[-77.457,47.6226],[-77.4588,47.6247],[-77.4636,47.6261],[-77.4624,47.6283],[-77.4599,47.6297],[-77.4551,47.6296],[-77.4603,47.6325],[-77.4513,47.6324],[-77.4518,47.6334],[-77.4448,47.6357],[-77.4428,47.6387],[-77.4456,47.638],[-77.4464,47.6363],[-77.4474,47.6366],[-77.447,47.6382],[-77.4489,47.6383],[-77.4506,47.6352],[-77.4576,47.6337],[-77.4593,47.6369],[-77.4594,47.6331],[-77.4672,47.634],[-77.4676,47.6359],[-77.4686,47.6359],[-77.4657,47.6389],[-77.4658,47.6411],[-77.4698,47.6494],[-77.4661,47.6487],[-77.4647,47.6496],[-77.4618,47.6543],[-77.4636,47.6566],[-77.4597,47.6595],[-77.4575,47.6589],[-77.4564,47.6627],[-77.4535,47.6659],[-77.4511,47.6673],[-77.4499,47.6666],[-77.4475,47.6727],[-77.4453,47.6732],[-77.4463,47.674],[-77.4455,47.6752],[-77.4448,47.674],[-77.4434,47.6747],[-77.4437,47.6717],[-77.4411,47.6715],[-77.4394,47.6734],[-77.4371,47.6729],[-77.4343,47.6771],[-77.4295,47.6779],[-77.428,47.6806],[-77.4247,47.682],[-77.4264,47.6819],[-77.4267,47.6831],[-77.424,47.6853],[-77.4244,47.6879],[-77.4297,47.6938],[-77.4297,47.6962],[-77.4264,47.6992],[-77.4234,47.6953],[-77.4195,47.6958],[-77.4191,47.6938],[-77.4171,47.6944],[-77.4186,47.6943],[-77.4188,47.6956],[-77.4205,47.6965],[-77.4234,47.6963],[-77.4246,47.6977],[-77.422,47.7026],[-78.6547,47.7024],[-78.6545,47.8511],[-78.653,47.8511],[-78.653,47.8802],[-78.7039,47.8802],[-78.7014,47.895],[-78.6977,47.9036],[-78.6928,47.9066],[-78.6752,47.9104],[-78.6666,47.9144],[-78.6578,47.9214],[-78.6609,47.9235],[-78.6685,47.9243],[-78.6727,47.9308],[-78.6831,47.9414],[-78.6847,47.9469],[-78.6904,47.9536],[-78.6874,47.9634],[-78.69,47.972],[-78.694,47.9962],[-78.6528,47.9961],[-78.6491,48.1251],[-78.6496,48.2128],[-78.6356,48.2149],[-78.6359,48.2312],[-78.6495,48.2296],[-78.6496,48.2871],[-78.541,48.2869],[-78.5409,48.2479],[-78.4297,48.2479],[-78.4295,48.2877],[-78.4189,48.2925],[-78.401,48.2939],[-78.3929,48.296],[-78.3698,48.3064],[-78.3504,48.323],[-78.3298,48.343],[-78.3237,48.3468],[-78.3144,48.3496],[-78.3076,48.3485],[-78.2925,48.341],[-78.2742,48.339],[-78.2783,48.3265],[-78.2822,48.3221],[-78.283,48.318],[-78.2818,48.3111],[-78.2778,48.3078],[-78.2789,48.3056],[-78.272,48.3006],[-78.2718,48.2984],[-78.2234,48.2983],[-78.2234,48.2583],[-78.1687,48.2583],[-78.1566,48.2613],[-78.1291,48.2603],[-78.1112,48.2579],[-78.1042,48.2589],[-78.0723,48.2697],[-78.0648,48.2778],[-78.0611,48.2875],[-77.5606,48.2874],[-77.5607,48.5033],[-77.3441,48.5036],[-77.344,48.5748],[-77.1357,48.5751],[-77.1268,48.5867],[-77.1274,48.6104],[-77.1001,48.6414],[-77.0939,48.6669],[-77.0968,48.6758],[-77.0972,48.7066],[-77.0928,48.7171],[-77.0854,48.723],[-77.0841,48.7263],[-77.0864,48.7351],[-77.09,48.74],[-77.0936,48.7496],[-77.1097,48.7649],[-77.1089,48.7717],[-77.1047,48.7791],[-77.1058,48.7863],[-77.1181,48.7925],[-77.1263,48.8032],[-77.1271,48.8175],[-77.1112,48.836],[-77.111,48.8387],[-77.1158,48.844],[-77.1195,48.8543],[-77.1265,48.8591],[-77.1399,48.8613],[-77.142,48.8638],[-77.1355,48.8773],[-77.1311,48.9008],[-77.1175,48.9129],[-77.1177,48.9352],[-77.1121,48.9438],[-77.0939,48.9542],[-77.0728,48.9578],[-77.0635,48.9624],[-77.0607,48.9654],[-77.0601,48.9688],[-77.0628,48.9892],[-77.0595,49.0001],[-75.5206,49.0001],[-75.5206,47.8477]]]]}},{"type":"Feature","properties":{"CO_CEP":591,"NM_CEP":"Bellefeuille"},"geometry":{"type":"MultiPolygon","coordinates":[[[[-74.0571,45.8301],[-74.0557,45.8239],[-74.0491,45.8157],[-74.0444,45.8147],[-74.0393,45.8088],[-74.0349,45.8073],[-74.0325,45.8098],[-74.0268,45.8088],[-74.0255,45.8072],[-74.0262,45.8045],[-74.0234,45.7998],[-74.0189,45.8041],[-74.0206,45.7915],[-74.0204,45.7588],[-74.0188,45.7558],[-73.9954,45.7403],[-73.9731,45.7277],[-73.9706,45.7244],[-73.9706,45.7203],[-73.9828,45.7176],[-74.0265,45.6879],[-74.0383,45.6824],[-74.0656,45.6829],[-74.0938,45.6855],[-74.1712,45.6791],[-74.1785,45.677],[-74.2031,45.6657],[-74.234,45.6485],[-74.2646,45.6428],[-74.2626,45.6493],[-74.2454,45.6468],[-74.2492,45.6647],[-74.2508,45.6639],[-74.2525,45.6649],[-74.2553,45.6711],[-74.2656,45.6807],[-74.2616,45.6827],[-74.2633,45.6845],[-74.255,45.6875],[-74.2509,45.6834],[-74.2483,45.6837],[-74.2407,45.6875],[-74.2433,45.6901],[-74.2396,45.6922],[-74.243,45.6958],[-74.2375,45.697],[-74.2372,45.698],[-74.2264,45.6878],[-74.2235,45.6993],[-74.2119,45.7004],[-74.2153,45.6865],[-74.208,45.6872],[-74.1951,45.7446],[-74.1867,45.7759],[-74.1925,45.7773],[-74.19,45.7883],[-74.1841,45.7867],[-74.1822,45.795],[-74.1214,45.7813],[-74.1061,45.783],[-74.105,45.7852],[-74.1059,45.7892],[-74.1097,45.793],[-74.1095,45.7943],[-74.1162,45.7998],[-74.1214,45.8007],[-74.1229,45.8026],[-74.1108,45.8038],[-74.1144,45.8094],[-74.119,45.8097],[-74.1432,45.8198],[-74.1261,45.8315],[-74.1238,45.8317],[-74.1235,45.8304],[-74.1085,45.832],[-74.1062,45.8286],[-74.0908,45.8306],[-74.0933,45.8311],[-74.0964,45.8371],[-74.0942,45.8373],[-74.0937,45.8401],[-74.0893,45.8406],[-74.0907,45.8474],[-74.0677,45.8504],[-74.0638,45.845],[-74.0647,45.8379],[-74.0571,45.8301]]]]}},{"type":"Feature","properties":{"CO_CEP":287,"NM_CEP":"Sainte-Marie-Saint-Jacques"},"geometry":{"type":"MultiPolygon","coordinates":[[[[-73.5192,45.4952],[-73.5262,45.4982],[-73.5298,45.5015],[-73.5302,45.5075],[-73.5285,45.5111],[-73.5289,45.5159],[-73.5275,45.5219],[-73.5192,45.4952]]],[[[-73.5306,45.5126],[-73.5356,45.5067],[-73.5387,45.5139],[-73.5399,45.5236],[-73.5372,45.5281],[-73.5326,45.5294],[-73.5306,45.5126]]],[[[-73.5468,45.5139],[-73.5492,45.5103],[-73.547,45.5068],[-73.5514,45.5066],[-73.5529,45.5019],[-73.5501,45.4917],[-73.5467,45.4949],[-73.5451,45.5],[-73.5427,45.5015],[-73.5412,45.4914],[-73.5393,45.4883],[-73.5505,45.4903],[-73.5539,45.4932],[-73.5529,45.4987],[-73.5616,45.5017],[-73.5551,45.5099],[-73.5591,45.5117],[-73.5616,45.5088],[-73.5817,45.518],[-73.563,45.5374],[-73.5426,45.5288],[-73.5468,45.5139]]]]}},{"type":"Feature","properties":{"CO_CEP":589,"NM_CEP":"Argenteuil"},"geometry":{"type":"MultiPolygon","coordinates":[[[[-74.6164,46.0511],[-74.5711,46.0389],[-74.5175,46.0343],[-74.4804,46.0293],[-74.4307,46.0268],[-74.4127,46.0192],[-74.3519,46.0127],[-74.2619,45.9998],[-74.2679,45.9817],[-74.2671,45.9811],[-74.2717,45.9655],[-74.1921,45.9109],[-74.2633,45.8596],[-74.2264,45.8476],[-74.2272,45.845],[-74.2244,45.8471],[-74.2203,45.8455],[-74.2198,45.8442],[-74.2191,45.8451],[-74.1432,45.8198],[-74.119,45.8097],[-74.1158,45.8102],[-74.1108,45.8038],[-74.1229,45.8026],[-74.1214,45.8007],[-74.1162,45.7998],[-74.1095,45.7943],[-74.1097,45.793],[-74.1063,45.7905],[-74.105,45.7852],[-74.1061,45.783],[-74.1214,45.7813],[-74.1822,45.795],[-74.1841,45.7867],[-74.19,45.7883],[-74.1925,45.7773],[-74.1867,45.7759],[-74.1951,45.7446],[-74.208,45.6872],[-74.2153,45.6865],[-74.2119,45.7004],[-74.2235,45.6993],[-74.2264,45.6878],[-74.2372,45.698],[-74.2375,45.697],[-74.243,45.6958],[-74.2396,45.6922],[-74.2433,45.6901],[-74.2407,45.6875],[-74.2483,45.6837],[-74.2509,45.6834],[-74.255,45.6875],[-74.2633,45.6845],[-74.2616,45.6827],[-74.2656,45.6807],[-74.2553,45.6711],[-74.2525,45.6649],[-74.2508,45.6639],[-74.2492,45.6647],[-74.2454,45.6468],[-74.2626,45.6493],[-74.2676,45.632],[-74.2228,45.6259],[-74.2427,45.5489],[-74.2377,45.5485],[-74.1909,45.5799],[-74.1483,45.5489],[-74.1449,45.5513],[-74.1233,45.5351],[-74.1695,45.5042],[-74.1705,45.5126],[-74.1734,45.5207],[-74.1777,45.527],[-74.1846,45.5286],[-74.2071,45.525],[-74.2287,45.525],[-74.2332,45.528],[-74.2521,45.5324],[-74.2897,45.526],[-74.2937,45.5231],[-74.3034,45.5236],[-74.3096,45.5274],[-74.3053,45.53],[-74.3161,45.5339],[-74.3259,45.5312],[-74.3233,45.5284],[-74.3223,45.5241],[-74.3287,45.5239],[-74.3306,45.5185],[-74.3256,45.5144],[-74.3153,45.5127],[-74.302,45.5155],[-74.3127,45.5096],[-74.3168,45.5088],[-74.3243,45.5097],[-74.335,45.5143],[-74.3356,45.5181],[-74.3328,45.5247],[-74.3385,45.5221],[-74.337,45.5258],[-74.3375,45.5288],[-74.3419,45.5276],[-74.3452,45.5318],[-74.3507,45.5432],[-74.3514,45.5492],[-74.3534,45.5522],[-74.3709,45.564],[-74.3765,45.5662],[-74.3809,45.5726],[-74.3979,45.5788],[-74.4404,45.5818],[-74.4487,45.5847],[-74.4672,45.5953],[-74.477,45.5987],[-74.5031,45.5961],[-74.5239,45.5988],[-74.5368,45.6042],[-74.5662,45.6113],[-74.5718,45.6146],[-74.591,45.6191],[-74.6097,45.6268],[-74.6099,45.63],[-74.6049,45.6318],[-74.6065,45.6349],[-74.6024,45.6372],[-74.6095,45.643],[-74.6281,45.6468],[-74.6436,45.6463],[-74.6529,45.6439],[-74.6578,45.6449],[-74.6635,45.6441],[-74.662,45.6412],[-74.6572,45.6386],[-74.664,45.6382],[-74.6664,45.641],[-74.6662,45.644],[-74.6773,45.6419],[-74.6825,45.6393],[-74.6872,45.6392],[-74.6908,45.6437],[-74.7052,45.6402],[-74.7108,45.64],[-74.7194,45.6418],[-74.7343,45.6398],[-74.7486,45.6428],[-74.7605,45.643],[-74.7718,45.6475],[-74.7915,45.6432],[-74.797,45.6437],[-74.8065,45.6424],[-74.7711,45.7608],[-74.7407,45.8348],[-74.7354,45.8519],[-74.7267,45.8517],[-74.725,45.8596],[-74.7146,45.8879],[-74.7102,45.9319],[-74.6706,45.9292],[-74.6704,45.9316],[-74.6737,45.9365],[-74.6716,45.9401],[-74.6716,45.9442],[-74.6663,45.9469],[-74.6601,45.9459],[-74.6575,45.9472],[-74.6565,45.951],[-74.653,45.9554],[-74.6525,45.9591],[-74.6435,45.963],[-74.6409,45.9695],[-74.6328,45.9701],[-74.6334,45.974],[-74.6298,45.9774],[-74.6228,45.9752],[-74.621,45.9757],[-74.6221,45.9782],[-74.6293,45.9805],[-74.6331,45.9839],[-74.6371,45.9992],[-74.6359,46.0031],[-74.6318,46.0068],[-74.6269,46.0154],[-74.6299,46.0205],[-74.6287,46.0246],[-74.6302,46.0297],[-74.619,46.0304],[-74.6152,46.0363],[-74.6135,46.037],[-74.6159,46.0399],[-74.6237,46.042],[-74.623,46.0436],[-74.6176,46.0459],[-74.6171,46.0496],[-74.6243,46.0507],[-74.6274,46.0526],[-74.6164,46.0511]]],[[[-74.2686,45.5148],[-74.2748,45.5103],[-74.2818,45.5102],[-74.293,45.508],[-74.3046,45.51],[-74.2815,45.5196],[-74.2702,45.522],[-74.2619,45.521],[-74.2562,45.5183],[-74.2607,45.518],[-74.2686,45.5148]]]]}},{"type":"Feature","properties":{"CO_CEP":217,"NM_CEP":"Pierre-Laporte"},"geometry":{"type":"MultiPolygon","coordinates":[[[[-73.5036,45.5116],[-73.505,45.5141],[-73.4949,45.5109],[-73.491,45.5079],[-73.4896,45.5044],[-73.4617,45.5058],[-73.4358,45.4913],[-73.4528,45.4811],[-73.4594,45.4855],[-73.4735,45.476],[-73.4677,45.4719],[-73.4678,45.4687],[-73.466,45.4647],[-73.498,45.4675],[-73.4996,45.4738],[-73.5085,45.4806],[-73.5098,45.4863],[-73.5135,45.4911],[-73.5208,45.5059],[-73.525,45.5187],[-73.5036,45.5116]]],[[[-73.5048,45.4682],[-73.5062,45.4684],[-73.5202,45.4949],[-73.5192,45.4952],[-73.5199,45.4993],[-73.526,45.519],[-73.5165,45.4912],[-73.5108,45.4782],[-73.5048,45.4682]]]]}},{"type":"Feature","properties":{"CO_CEP":259,"NM_CEP":"Jacques-Cartier"},"geometry":{"type":"MultiPolygon","coordinates":[[[[-73.796,45.4831],[-73.7803,45.4672],[-73.7846,45.4651],[-73.78,45.4549],[-73.7823,45.4545],[-73.7784,45.4444],[-73.7813,45.4463],[-73.7935,45.448],[-73.7977,45.4465],[-73.8028,45.4429],[-73.8049,45.4342],[-73.8164,45.4332],[-73.8254,45.425],[-73.828,45.4281],[-73.8322,45.4283],[-73.8373,45.4257],[-73.8462,45.4296],[-73.8563,45.4245],[-73.8608,45.4243],[-73.8718,45.4199],[-73.88,45.414],[-73.8918,45.4141],[-73.9003,45.4113],[-73.9056,45.4115],[-73.9187,45.4073],[-73.9213,45.4037],[-73.938,45.4039],[-73.948,45.4021],[-73.9569,45.4045],[-73.9576,45.4074],[-73.9648,45.4134],[-73.9646,45.4171],[-73.9738,45.4203],[-73.9706,45.4235],[-73.9754,45.426],[-73.9726,45.4368],[-73.9679,45.4388],[-73.9685,45.4417],[-73.9591,45.4433],[-73.9605,45.4463],[-73.9462,45.4495],[-73.9407,45.4492],[-73.9382,45.4515],[-73.9249,45.4406],[-73.9056,45.4484],[-73.9043,45.4468],[-73.9041,45.445],[-73.9056,45.4448],[-73.9044,45.4405],[-73.9029,45.4401],[-73.9013,45.4353],[-73.8939,45.4366],[-73.8935,45.4354],[-73.8852,45.4375],[-73.8832,45.4361],[-73.8811,45.4367],[-73.8819,45.4388],[-73.8798,45.4398],[-73.8787,45.4382],[-73.8761,45.4385],[-73.8769,45.4415],[-73.8728,45.4426],[-73.8716,45.4413],[-73.8685,45.4429],[-73.8649,45.439],[-73.852,45.4455],[-73.8321,45.4454],[-73.8362,45.4497],[-73.8339,45.4497],[-73.8466,45.4626],[-73.8157,45.4783],[-73.8126,45.4752],[-73.796,45.4831]]]]}},{"type":"Feature","properties":{"CO_CEP":609,"NM_CEP":"Terrebonne"},"geometry":{"type":"MultiPolygon","coordinates":[[[[-73.7148,45.7573],[-73.6685,45.7264],[-73.5766,45.7151],[-73.5779,45.6982],[-73.5792,45.6958],[-73.6019,45.6908],[-73.6127,45.6942],[-73.6249,45.6933],[-73.6292,45.6908],[-73.6339,45.6911],[-73.6386,45.6923],[-73.6414,45.6965],[-73.646,45.698],[-73.654,45.695],[-73.6576,45.6919],[-73.6689,45.6938],[-73.6871,45.6944],[-73.6954,45.6901],[-73.6988,45.6848],[-73.7089,45.6812],[-73.7259,45.6829],[-73.7375,45.6766],[-73.7464,45.6698],[-73.7571,45.6816],[-73.7592,45.6801],[-73.761,45.6815],[-73.7592,45.6883],[-73.7497,45.6938],[-73.7591,45.7283],[-73.7576,45.7297],[-73.7523,45.7305],[-73.7509,45.7327],[-73.7458,45.7324],[-73.7511,45.7505],[-73.7148,45.7573]]]]}},{"type":"Feature","properties":{"CO_CEP":629,"NM_CEP":"Joliette"},"geometry":{"type":"MultiPolygon","coordinates":[[[[-73.5601,46.2054],[-73.5555,46.2001],[-73.5536,46.2006],[-73.5481,46.1946],[-73.5338,46.1954],[-73.5276,46.1932],[-73.5235,46.1946],[-73.5213,46.1929],[-73.526,46.1909],[-73.5013,46.1839],[-73.4994,46.182],[-73.4925,46.1801],[-73.4887,46.1776],[-73.4847,46.1772],[-73.484,46.1794],[-73.4822,46.1803],[-73.4803,46.1772],[-73.4805,46.1727],[-73.482,46.1704],[-73.4795,46.1678],[-73.4888,46.1684],[-73.4903,46.1676],[-73.4896,46.1645],[-73.4878,46.1637],[-73.4843,46.165],[-73.4824,46.1614],[-73.4845,46.1573],[-73.4923,46.1543],[-73.4936,46.1526],[-73.4911,46.1476],[-73.4886,46.1462],[-73.4888,46.1439],[-73.4869,46.1433],[-73.4864,46.1412],[-73.4819,46.1411],[-73.476,46.1374],[-73.466,46.1374],[-73.4638,46.1391],[-73.4649,46.1422],[-73.474,46.1461],[-73.4643,46.1483],[-73.4622,46.1448],[-73.4592,46.1455],[-73.4587,46.1413],[-73.4563,46.1389],[-73.4498,46.1374],[-73.445,46.1411],[-73.435,46.1311],[-73.4344,46.1263],[-73.4355,46.1252],[-73.4398,46.1264],[-73.4458,46.1255],[-73.4464,46.1284],[-73.4432,46.1314],[-73.4457,46.134],[-73.4489,46.1333],[-73.4534,46.1296],[-73.4601,46.1297],[-73.4664,46.1243],[-73.4674,46.1165],[-73.4686,46.1149],[-73.4181,46.1151],[-73.4181,46.1201],[-73.4075,46.1201],[-73.4039,46.1177],[-73.4018,46.1145],[-73.4019,46.1082],[-73.3999,46.1065],[-73.4025,46.1045],[-73.3968,46.1004],[-73.3972,46.0791],[-73.3996,46.0819],[-73.4022,46.0818],[-73.4028,46.0837],[-73.4119,46.0833],[-73.4121,46.0693],[-73.4089,46.0699],[-73.4038,46.0679],[-73.4009,46.0689],[-73.3969,46.0677],[-73.3948,46.0683],[-73.3818,46.0638],[-73.3787,46.0613],[-73.3743,46.0612],[-73.3739,46.06],[-73.3651,46.0586],[-73.3643,46.0574],[-73.3481,46.0562],[-73.3437,46.0571],[-73.343,46.0598],[-73.3413,46.0602],[-73.341,46.0589],[-73.3304,46.0583],[-73.3301,46.0573],[-73.3238,46.0569],[-73.3219,46.0554],[-73.3218,46.0675],[-73.3173,46.0675],[-73.3172,46.0662],[-73.3153,46.0662],[-73.3153,46.0768],[-73.3119,46.0768],[-73.3118,46.0609],[-73.3084,46.0627],[-73.3085,46.0661],[-73.3055,46.0662],[-73.3055,46.0685],[-73.3037,46.0685],[-73.3036,46.0631],[-73.3012,46.063],[-73.3013,46.0647],[-73.299,46.0647],[-73.2989,46.0622],[-73.2966,46.0622],[-73.2967,46.0646],[-73.2937,46.0646],[-73.2937,46.0661],[-73.2922,46.0653],[-73.2919,46.0761],[-73.2874,46.0732],[-73.2873,46.0749],[-73.2828,46.0737],[-73.2829,46.0754],[-73.2629,46.0703],[-73.262,46.0713],[-73.2631,46.0717],[-73.2617,46.0725],[-73.2576,46.072],[-73.2338,46.0551],[-73.2444,46.0529],[-73.2476,46.0508],[-73.2487,46.047],[-73.2499,46.0466],[-73.2492,46.0455],[-73.2595,46.0444],[-73.264,46.04],[-73.2675,46.0329],[-73.2697,46.0332],[-73.2699,46.0257],[-73.2741,46.0269],[-73.2813,46.0132],[-73.2844,46.014],[-73.2958,46.0041],[-73.3036,45.9937],[-73.3113,45.9879],[-73.3106,45.9874],[-73.3116,45.9866],[-73.3156,45.9837],[-73.3222,45.9825],[-73.312,45.9753],[-73.3158,45.9762],[-73.332,45.9638],[-73.3333,45.9605],[-73.3288,45.9553],[-73.3286,45.953],[-73.3505,45.9683],[-73.3601,45.9619],[-73.3553,45.9585],[-73.3571,45.9573],[-73.3531,45.9544],[-73.3555,45.9521],[-73.3575,45.9541],[-73.361,45.9509],[-73.3593,45.9497],[-73.3619,45.9468],[-73.3593,45.9451],[-73.3662,45.9396],[-73.3607,45.9355],[-73.3642,45.9331],[-73.3692,45.9253],[-73.3848,45.9146],[-73.3829,45.9132],[-73.3873,45.9091],[-73.3899,45.911],[-73.3916,45.9094],[-73.3892,45.9078],[-73.393,45.905],[-73.4249,45.9285],[-73.4255,45.9259],[-73.4289,45.9237],[-73.4567,45.9439],[-73.4564,45.9463],[-73.46,45.9497],[-73.4593,45.9513],[-73.4707,45.9598],[-73.4788,45.9569],[-73.4851,45.9563],[-73.5,45.9584],[-73.5164,45.9646],[-73.5186,45.963],[-73.5403,45.9724],[-73.5172,45.9897],[-73.5149,45.9911],[-73.5127,45.9903],[-73.5104,45.9924],[-73.5109,45.9939],[-73.5126,45.9927],[-73.5254,46.0019],[-73.508,46.0134],[-73.5216,46.0231],[-73.5171,46.0262],[-73.5304,46.0357],[-73.5343,46.0329],[-73.5489,46.0431],[-73.5678,46.0303],[-73.6379,46.0789],[-73.5669,46.1255],[-73.5999,46.1502],[-73.5646,46.1732],[-73.5849,46.1889],[-73.5643,46.2022],[-73.5672,46.2042],[-73.5601,46.2054]]]]}},{"type":"Feature","properties":{"CO_CEP":191,"NM_CEP":"Châteauguay"},"geometry":{"type":"MultiPolygon","coordinates":[[[[-73.6485,45.4065],[-73.6386,45.404],[-73.6329,45.4044],[-73.6277,45.4064],[-73.6177,45.4068],[-73.6,45.4101],[-73.6015,45.4069],[-73.6263,45.4026],[-73.636,45.4028],[-73.6487,45.4059],[-73.6692,45.4161],[-73.6563,45.4136],[-73.6485,45.4065]]],[[[-73.6481,45.4045],[-73.6335,45.4016],[-73.6258,45.4018],[-73.602,45.4059],[-73.6073,45.3945],[-73.6041,45.3937],[-73.6063,45.3884],[-73.6093,45.3857],[-73.6111,45.3865],[-73.6095,45.3855],[-73.6168,45.3792],[-73.6191,45.3797],[-73.6187,45.3813],[-73.6221,45.377],[-73.6192,45.3794],[-73.6174,45.3786],[-73.6197,45.3756],[-73.6417,45.3567],[-73.6568,45.349],[-73.6312,45.3423],[-73.6411,45.3345],[-73.6201,45.3294],[-73.6279,45.3249],[-73.6456,45.2976],[-73.6508,45.3013],[-73.6775,45.2683],[-73.6883,45.246],[-73.6809,45.2445],[-73.6982,45.229],[-73.8327,45.3296],[-73.83,45.3295],[-73.8182,45.3363],[-73.8124,45.3438],[-73.7893,45.3583],[-73.7947,45.36],[-73.7828,45.3668],[-73.7752,45.3767],[-73.7703,45.38],[-73.7716,45.3877],[-73.7675,45.3903],[-73.7628,45.398],[-73.752,45.4016],[-73.7455,45.4003],[-73.7374,45.4028],[-73.7281,45.3992],[-73.7188,45.4002],[-73.7128,45.4068],[-73.7043,45.4068],[-73.6889,45.4128],[-73.686,45.4168],[-73.6727,45.4152],[-73.6481,45.4045]]],[[[-73.8402,45.3424],[-73.8363,45.3388],[-73.8438,45.339],[-73.8454,45.3397],[-73.8434,45.3399],[-73.8464,45.3415],[-73.8439,45.3448],[-73.831,45.3548],[-73.8402,45.3424]]]]}},{"type":"Feature","properties":{"CO_CEP":751,"NM_CEP":"Taschereau"},"geometry":{"type":"MultiPolygon","coordinates":[[[[-71.2256,46.8192],[-71.2132,46.8225],[-71.1994,46.8226],[-71.1984,46.8192],[-71.2025,46.8187],[-71.2001,46.8135],[-71.2028,46.8076],[-71.2069,46.8032],[-71.2112,46.7997],[-71.2264,46.7923],[-71.2262,46.7913],[-71.229,46.7935],[-71.2332,46.7909],[-71.237,46.7918],[-71.239,46.7934],[-71.2367,46.7947],[-71.2394,46.797],[-71.2579,46.7863],[-71.2645,46.7917],[-71.2657,46.7909],[-71.267,46.7919],[-71.2658,46.7927],[-71.2683,46.7946],[-71.2669,46.7952],[-71.2679,46.796],[-71.2579,46.7988],[-71.2693,46.8078],[-71.258,46.8083],[-71.2532,46.8105],[-71.2491,46.8144],[-71.2415,46.8156],[-71.2396,46.8176],[-71.2389,46.8231],[-71.237,46.8238],[-71.2256,46.8192]]]]}},{"type":"Feature","properties":{"CO_CEP":791,"NM_CEP":"Lévis"},"geometry":{"type":"MultiPolygon","coordinates":[[[[-71.1345,46.828],[-71.1129,46.8317],[-71.1057,46.8311],[-71.1007,46.8287],[-71.0955,46.8281],[-71.0818,46.8285],[-71.0679,46.8312],[-71.0463,46.816],[-71.0638,46.8128],[-71.0921,46.8145],[-71.1285,46.8018],[-71.1667,46.7782],[-71.1881,46.7506],[-71.191,46.7488],[-71.2321,46.7372],[-71.2565,46.7288],[-71.2785,46.7249],[-71.2862,46.7214],[-71.2858,46.7255],[-71.287,46.7288],[-71.2841,46.7323],[-71.2847,46.7341],[-71.2819,46.7365],[-71.2734,46.7391],[-71.2779,46.7426],[-71.2506,46.7522],[-71.2397,46.7607],[-71.2207,46.7675],[-71.2067,46.7749],[-71.2024,46.7818],[-71.1977,46.7839],[-71.1899,46.8022],[-71.1891,46.81],[-71.1845,46.819],[-71.1626,46.8317],[-71.1563,46.8327],[-71.1548,46.8293],[-71.1345,46.828]]]]}},{"type":"Feature","properties":{"CO_CEP":181,"NM_CEP":"Soulanges"},"geometry":{"type":"MultiPolygon","coordinates":[[[[-74.3588,45.5211],[-74.3544,45.5189],[-74.3487,45.5194],[-74.3432,45.512],[-74.3395,45.5091],[-74.3296,45.5046],[-74.3408,45.5059],[-74.3374,45.498],[-74.3327,45.4961],[-74.3232,45.4971],[-74.3108,45.492],[-74.3107,45.4985],[-74.2901,45.5028],[-74.2866,45.4994],[-74.2788,45.4998],[-74.2699,45.4972],[-74.2676,45.4944],[-74.2632,45.4945],[-74.2562,45.4922],[-74.2429,45.4948],[-74.2451,45.4836],[-74.241,45.4801],[-74.2353,45.4786],[-74.225,45.4818],[-74.2211,45.4848],[-74.2168,45.4837],[-74.2068,45.4844],[-74.1972,45.4778],[-74.193,45.4787],[-74.1873,45.4777],[-74.1841,45.4748],[-74.167,45.4698],[-74.158,45.4692],[-74.145,45.4634],[-74.1407,45.4632],[-74.1314,45.4585],[-74.1246,45.4604],[-74.1248,45.4573],[-74.1079,45.4517],[-74.1077,45.4487],[-74.104,45.4438],[-74.0999,45.4444],[-74.0855,45.4407],[-74.0738,45.4425],[-74.0676,45.4421],[-74.0693,45.4385],[-74.0661,45.4309],[-74.0569,45.4224],[-74.0532,45.4209],[-74.0733,45.4111],[-74.0622,45.3983],[-74.059,45.391],[-74.0482,45.3614],[-74.0475,45.3526],[-74.0494,45.3533],[-74.0007,45.3347],[-73.9812,45.3334],[-73.9799,45.3344],[-73.977,45.3334],[-73.9709,45.3356],[-73.956,45.3348],[-73.9511,45.334],[-73.9505,45.3302],[-73.9698,45.3282],[-73.9742,45.3255],[-73.9813,45.325],[-73.9849,45.3211],[-73.986,45.3169],[-73.995,45.3151],[-74.0099,45.3162],[-74.0382,45.3065],[-74.0503,45.3034],[-74.0546,45.3036],[-74.0578,45.3077],[-74.0638,45.308],[-74.0709,45.3055],[-74.0853,45.3109],[-74.1211,45.3097],[-74.1319,45.3073],[-74.1494,45.3269],[-74.1599,45.341],[-74.161,45.3405],[-74.1687,45.3522],[-74.1964,45.3411],[-74.1936,45.3377],[-74.2072,45.3323],[-74.2071,45.3303],[-74.2203,45.3395],[-74.2305,45.332],[-74.2191,45.3239],[-74.2319,45.314],[-74.2375,45.312],[-74.2447,45.307],[-74.2527,45.2973],[-74.242,45.2897],[-74.2354,45.2934],[-74.2166,45.2713],[-74.2126,45.2685],[-74.1978,45.2627],[-74.1993,45.2581],[-74.2044,45.2558],[-74.2176,45.2561],[-74.2222,45.2543],[-74.2505,45.239],[-74.2702,45.2319],[-74.2749,45.2235],[-74.2875,45.2226],[-74.2982,45.2189],[-74.301,45.2151],[-74.305,45.2126],[-74.3167,45.2078],[-74.3223,45.1972],[-74.335,45.2043],[-74.3435,45.2055],[-74.472,45.3029],[-74.4146,45.4596],[-74.3817,45.5635],[-74.3638,45.5494],[-74.3554,45.5393],[-74.3501,45.5266],[-74.3549,45.5251],[-74.3588,45.5211]]]]}},{"type":"Feature","properties":{"CO_CEP":661,"NM_CEP":"Gatineau"},"geometry":{"type":"MultiPolygon","coordinates":[[[[-75.5206,47.8477],[-75.5211,47.7633],[-75.5386,47.7633],[-75.5425,47.7566],[-75.5309,47.7461],[-75.5295,47.7406],[-75.5336,47.7347],[-75.5249,47.7305],[-75.5292,47.7239],[-75.5262,47.7208],[-75.5275,47.718],[-75.5251,47.7151],[-75.5246,47.711],[-75.5231,47.71],[-75.5137,47.7102],[-75.5123,47.7075],[-75.5081,47.7055],[-75.5056,47.6982],[-75.4932,47.691],[-75.4865,47.6904],[-75.4836,47.6855],[-75.4739,47.679],[-75.4755,47.6762],[-75.4734,47.6726],[-75.4713,47.672],[-75.4689,47.6737],[-75.4561,47.6726],[-75.4542,47.6675],[-75.4465,47.6636],[-75.4457,47.6553],[-75.4375,47.6483],[-75.4322,47.6414],[-75.4217,47.6346],[-75.4194,47.6301],[-75.4289,47.6162],[-75.4271,47.6118],[-75.4241,47.6094],[-75.4229,47.6008],[-75.4187,47.5981],[-75.4149,47.5893],[-75.4114,47.5872],[-75.4027,47.5866],[-75.3979,47.5881],[-75.3932,47.5878],[-75.3908,47.5892],[-75.3904,47.5941],[-75.3958,47.5975],[-75.3957,47.6013],[-75.3897,47.6052],[-75.3882,47.6111],[-75.3814,47.6162],[-75.3799,47.622],[-75.3696,47.6271],[-75.3648,47.6189],[-75.3559,47.6148],[-75.3541,47.61],[-75.3582,47.6055],[-75.3586,47.6031],[-75.3642,47.598],[-75.3656,47.5942],[-75.3649,47.5776],[-75.3603,47.5702],[-75.3555,47.5669],[-75.3526,47.5678],[-75.3506,47.5703],[-75.3448,47.572],[-75.3391,47.564],[-75.3293,47.5628],[-75.3259,47.5581],[-75.319,47.5534],[-75.3129,47.5557],[-75.3102,47.5553],[-75.3109,47.5513],[-75.308,47.5479],[-75.3179,47.5393],[-75.3267,47.5264],[-75.3356,47.5166],[-75.3421,47.5121],[-75.3491,47.5048],[-75.3554,47.4937],[-75.358,47.4913],[-75.362,47.4906],[-75.368,47.4852],[-75.3673,47.4805],[-75.3776,47.4712],[-75.3822,47.4603],[-75.3814,47.4552],[-75.3841,47.45],[-75.3832,47.4405],[-75.3864,47.4361],[-75.389,47.4282],[-75.4223,47.4025],[-75.4238,47.3974],[-75.4275,47.3948],[-75.4308,47.3891],[-75.4491,47.3772],[-75.4548,47.3751],[-75.4604,47.3679],[-75.4615,47.3639],[-75.4711,47.348],[-75.4738,47.3389],[-75.4676,47.3294],[-75.4618,47.327],[-75.4574,47.3175],[-75.4595,47.3122],[-75.4661,47.3066],[-75.4675,47.302],[-75.467,47.2935],[-75.4718,47.2876],[-75.4735,47.2824],[-75.479,47.2765],[-75.4872,47.2733],[-75.4925,47.2729],[-75.5007,47.2651],[-75.5039,47.2597],[-75.5126,47.2584],[-75.5208,47.2526],[-75.5226,47.2506],[-75.5227,47.2469],[-75.5392,47.2288],[-75.5427,47.2227],[-75.5562,47.2121],[-75.5593,47.2073],[-75.5679,47.2078],[-75.5726,47.2067],[-75.5768,47.2008],[-75.5878,47.1928],[-75.5948,47.1854],[-75.609,47.1825],[-75.6258,47.1809],[-75.6291,47.192],[-75.6267,47.1972],[-75.6288,47.1992],[-75.6267,47.1991],[-75.6244,47.2007],[-75.6205,47.2001],[-75.6224,47.2034],[-75.6223,47.2056],[-75.6266,47.2073],[-75.6255,47.2092],[-75.627,47.2113],[-75.6254,47.2133],[-75.629,47.2189],[-75.6257,47.2264],[-75.6222,47.2286],[-75.6269,47.2312],[-75.628,47.2349],[-75.6341,47.2394],[-75.6368,47.2477],[-75.6391,47.2501],[-75.6467,47.2535],[-75.6481,47.2666],[-75.6493,47.269],[-75.6522,47.2705],[-75.6517,47.272],[-75.6491,47.2723],[-75.65,47.275],[-75.6478,47.2817],[-75.6552,47.2817],[-75.6661,47.2848],[-75.6786,47.2856],[-75.6807,47.2848],[-75.6838,47.2783],[-75.6915,47.2777],[-75.7144,47.2857],[-75.7135,47.2811],[-75.7118,47.28],[-75.7119,47.2698],[-75.7203,47.2695],[-75.7246,47.2709],[-75.724,47.2696],[-75.726,47.2682],[-75.736,47.2734],[-75.7384,47.2728],[-75.739,47.2741],[-75.7416,47.2737],[-75.7408,47.2722],[-75.7478,47.2729],[-75.7483,47.2849],[-75.7462,47.2898],[-75.7472,47.2904],[-75.7469,47.2931],[-75.7514,47.2949],[-75.7543,47.2979],[-75.7593,47.299],[-75.7683,47.3051],[-75.7743,47.3052],[-75.7813,47.3086],[-75.7844,47.3123],[-75.7888,47.3135],[-75.7957,47.3184],[-75.8045,47.3184],[-75.8097,47.3162],[-75.8143,47.3163],[-75.827,47.3128],[-75.8509,47.2962],[-75.8592,47.2918],[-75.8622,47.2922],[-75.86,47.2939],[-75.8662,47.2927],[-75.8777,47.2853],[-75.8788,47.2833],[-75.8817,47.2825],[-75.8839,47.2783],[-75.8831,47.2779],[-75.8858,47.2782],[-75.8881,47.2768],[-75.8879,47.2752],[-75.8941,47.2714],[-75.8925,47.2708],[-75.8935,47.269],[-75.8993,47.2665],[-75.9018,47.2671],[-75.9032,47.2641],[-75.9083,47.2593],[-75.9114,47.2583],[-75.9128,47.2551],[-75.9152,47.2544],[-75.9204,47.2492],[-75.9244,47.2477],[-75.9233,47.2473],[-75.9243,47.2467],[-75.9228,47.2467],[-75.9233,47.246],[-75.9208,47.2477],[-75.9216,47.2462],[-75.92,47.2466],[-75.9245,47.2445],[-75.9297,47.2446],[-75.9305,47.2426],[-75.9343,47.2409],[-75.9319,47.2411],[-75.9327,47.2391],[-75.9419,47.2368],[-75.942,47.2328],[-75.946,47.2332],[-75.948,47.2308],[-75.9476,47.229],[-75.9496,47.23],[-75.9515,47.2287],[-75.9509,47.2253],[-75.9529,47.2226],[-75.967,47.2137],[-75.9672,47.209],[-75.969,47.208],[-75.9712,47.2089],[-75.9716,47.2073],[-75.9742,47.2061],[-75.9737,47.2046],[-75.9762,47.2032],[-75.9805,47.2048],[-75.981,47.2021],[-75.9833,47.2027],[-75.9843,47.2014],[-75.9869,47.2024],[-75.9879,47.2003],[-75.986,47.2001],[-75.9873,47.2004],[-75.9859,47.2018],[-75.9854,47.1998],[-75.9913,47.1987],[-75.9924,47.1995],[-75.9903,47.2012],[-75.9941,47.2014],[-75.9949,47.2002],[-75.994,47.1989],[-75.997,47.1978],[-75.9983,47.199],[-76.0029,47.1985],[-76.0029,47.1994],[-76.0085,47.1944],[-76.0124,47.1943],[-76.0121,47.1935],[-76.0134,47.1944],[-76.0144,47.1923],[-76.0278,47.1884],[-76.0323,47.1901],[-76.0289,47.1934],[-76.0297,47.1952],[-76.0312,47.1941],[-76.0353,47.194],[-76.0391,47.1955],[-76.0367,47.1939],[-76.04,47.1937],[-76.0389,47.1947],[-76.0415,47.1979],[-76.0493,47.1966],[-76.0523,47.1988],[-76.0544,47.197],[-76.055,47.1985],[-76.0591,47.1961],[-76.0599,47.1968],[-76.0591,47.1956],[-76.0618,47.1965],[-76.0675,47.1913],[-76.0707,47.191],[-76.0725,47.1924],[-76.074,47.1901],[-76.0775,47.1884],[-76.0834,47.189],[-76.0938,47.1879],[-76.0942,47.1845],[-76.0911,47.1829],[-76.0901,47.1844],[-76.0916,47.1836],[-76.093,47.1858],[-76.0902,47.1848],[-76.0898,47.1837],[-76.0906,47.1827],[-76.0986,47.1843],[-76.1006,47.1831],[-76.0992,47.1818],[-76.0981,47.1818],[-76.0982,47.1832],[-76.0957,47.1825],[-76.0977,47.1791],[-76.1009,47.1798],[-76.1002,47.1776],[-76.1032,47.1735],[-76.1027,47.1725],[-76.1023,47.1744],[-76.1014,47.1743],[-76.1022,47.1724],[-76.0988,47.1704],[-76.098,47.1679],[-76.1013,47.1629],[-76.0981,47.1556],[-76.0995,47.1506],[-76.0932,47.143],[-76.0938,47.1416],[-76.0919,47.1387],[-76.0922,47.1379],[-76.0928,47.1381],[-76.0934,47.1374],[-76.091,47.1306],[-76.095,47.1268],[-76.0958,47.1217],[-76.0949,47.1218],[-76.0947,47.1183],[-76.0974,47.1128],[-76.0973,47.1086],[-76.0995,47.1006],[-76.0982,47.0926],[-76.0987,47.0814],[-76.0973,47.0789],[-76.0999,47.0747],[-76.0992,47.0709],[-76.1006,47.0636],[-76.0993,47.0621],[-76.1001,47.0566],[-76.0983,47.056],[-76.099,47.0521],[-76.0979,47.0503],[-76.099,47.0488],[-76.1029,47.0474],[-76.1034,47.044],[-76.1017,47.0433],[-76.103,47.0381],[-76.1022,47.0365],[-76.1061,47.034],[-76.1024,47.0305],[-76.1074,47.0292],[-76.1075,47.0257],[-76.1121,47.0259],[-76.119,47.0201],[-76.1222,47.0195],[-76.1248,47.0207],[-76.1274,47.0203],[-76.1264,47.0195],[-76.1304,47.0196],[-76.1401,47.0117],[-76.1456,47.0111],[-76.145,47.0088],[-76.1485,47.0062],[-76.1477,47.0044],[-76.1391,47.0011],[-76.1398,46.9946],[-76.1284,46.9848],[-76.1309,46.9821],[-76.1387,46.9792],[-76.1391,46.9757],[-76.1329,46.9701],[-76.133,46.9673],[-76.1364,46.9617],[-76.1363,46.958],[-76.1336,46.9534],[-76.1364,46.9491],[-76.1353,46.947],[-76.1362,46.9449],[-76.1353,46.9406],[-76.1373,46.9374],[-76.1336,46.9356],[-76.1318,46.9292],[-76.129,46.9271],[-76.1303,46.9257],[-76.1299,46.9234],[-76.128,46.9209],[-76.1148,46.9195],[-76.1081,46.9128],[-76.1056,46.9119],[-76.1033,46.9125],[-76.0998,46.9164],[-76.0953,46.9164],[-76.0927,46.9196],[-76.0927,46.9216],[-76.0917,46.9199],[-76.0941,46.9172],[-76.0919,46.919],[-76.0919,46.9171],[-76.0972,46.9153],[-76.0971,46.9136],[-76.0921,46.9108],[-76.0844,46.9117],[-76.0828,46.9098],[-76.0833,46.9056],[-76.0809,46.9062],[-76.0823,46.908],[-76.0804,46.9086],[-76.0786,46.9065],[-76.0653,46.901],[-76.0521,46.903],[-76.0491,46.9011],[-76.0515,46.899],[-76.0505,46.8964],[-76.0455,46.8928],[-76.0367,46.89],[-76.028,46.8952],[-76.0157,46.897],[-76.0138,46.8958],[-76.0146,46.8939],[-76.0183,46.8949],[-76.0199,46.8941],[-76.0173,46.8898],[-76.0189,46.8889],[-76.0197,46.8861],[-75.9952,46.888],[-75.9878,46.882],[-75.9797,46.8811],[-75.9711,46.8784],[-75.959,46.8718],[-75.951,46.8691],[-75.9461,46.8638],[-75.912,46.8423],[-75.9079,46.8372],[-75.9018,46.8241],[-75.897,46.8181],[-75.8943,46.8168],[-75.8857,46.8152],[-75.8721,46.8172],[-75.8617,46.8146],[-75.8566,46.8145],[-75.8463,46.8207],[-75.829,46.8243],[-75.8207,46.828],[-75.8135,46.835],[-75.8142,46.8395],[-75.811,46.8449],[-75.7475,46.8448],[-75.7486,46.6649],[-75.7512,46.667],[-75.75,46.603],[-75.7477,46.573],[-75.7452,46.4383],[-75.7056,46.4388],[-75.7078,46.3798],[-75.707,46.3092],[-75.8146,46.3064],[-75.8076,46.3002],[-75.8027,46.2994],[-75.7949,46.2952],[-75.7884,46.2935],[-75.7884,46.2909],[-75.784,46.2861],[-75.783,46.282],[-75.7841,46.278],[-75.7887,46.274],[-75.7901,46.268],[-75.7958,46.2586],[-75.7982,46.2462],[-75.8119,46.2334],[-75.8131,46.2249],[-75.8117,46.2225],[-75.8054,46.2197],[-75.8025,46.2168],[-75.8042,46.2122],[-75.8078,46.211],[-75.8101,46.2087],[-75.8103,46.1954],[-75.8054,46.183],[-75.8001,46.1834],[-75.7972,46.181],[-75.8001,46.1787],[-75.799,46.1741],[-75.7944,46.1702],[-75.7901,46.1742],[-75.7683,46.1742],[-75.7673,46.1144],[-75.7656,46.0909],[-75.7655,46.0618],[-75.7631,46.0387],[-75.7635,46.0227],[-75.6992,46.0229],[-75.7029,46.0223],[-75.7071,46.019],[-75.7168,46.0154],[-75.72,46.0168],[-75.7272,46.0153],[-75.7277,46.0132],[-75.7338,46.0122],[-75.7347,46.0104],[-75.7369,46.0103],[-75.7355,46.0091],[-75.74,46.007],[-75.7455,46.0076],[-75.7402,46.0056],[-75.7445,46.0032],[-75.75,46.0034],[-75.7466,46.001],[-75.7495,45.998],[-75.756,45.9944],[-75.7577,45.9948],[-75.7577,45.993],[-75.7686,45.9855],[-75.771,45.9846],[-75.7715,45.9858],[-75.7763,45.9857],[-75.775,45.9848],[-75.7768,45.9811],[-75.7783,45.9824],[-75.7812,45.9802],[-75.7776,45.9796],[-75.7754,45.9778],[-75.7774,45.9775],[-75.7783,45.9742],[-75.7825,45.9737],[-75.7828,45.9701],[-75.7792,45.97],[-75.7783,45.9719],[-75.7759,45.9723],[-75.7747,45.9706],[-75.7749,45.9675],[-75.7767,45.9646],[-75.7846,45.9642],[-75.7847,45.9593],[-75.7809,45.9572],[-75.7742,45.949],[-75.7718,45.9499],[-75.7679,45.948],[-75.7674,45.9499],[-75.7661,45.9494],[-75.7634,45.9457],[-75.7688,45.9448],[-75.7658,45.9427],[-75.7684,45.9407],[-75.7662,45.9411],[-75.7638,45.939],[-75.7568,45.9375],[-75.7566,45.9348],[-75.7519,45.9304],[-75.7534,45.9304],[-75.7529,45.9288],[-75.7472,45.9242],[-75.7471,45.9216],[-75.7446,45.9207],[-75.7433,45.9165],[-75.7419,45.9151],[-75.7393,45.9165],[-75.7391,45.9147],[-75.7369,45.9133],[-75.7376,45.8457],[-75.7363,45.825],[-75.7087,45.8287],[-75.6409,45.8339],[-75.6365,45.8286],[-75.6364,45.8245],[-75.6318,45.82],[-75.6306,45.8151],[-75.6172,45.8056],[-75.6064,45.7919],[-75.6045,45.7832],[-75.5948,45.7754],[-75.591,45.7688],[-75.589,45.7675],[-75.5903,45.7645],[-75.5897,45.7625],[-75.5819,45.7597],[-75.5786,45.7563],[-75.5793,45.7519],[-75.5809,45.7506],[-75.578,45.7439],[-75.5873,45.7358],[-75.5917,45.726],[-75.5881,45.7202],[-75.5592,45.7139],[-75.5524,45.7089],[-75.5324,45.7062],[-75.5283,45.7039],[-75.5568,45.7014],[-75.5292,45.5218],[-75.55,45.5145],[-75.5853,45.5115],[-75.6496,45.5111],[-75.7068,45.5037],[-75.7146,45.4992],[-75.7163,45.4954],[-75.7155,45.4884],[-75.7366,45.4926],[-75.7506,45.486],[-75.7507,45.4822],[-75.7458,45.4801],[-75.7435,45.4772],[-75.7481,45.4769],[-75.7524,45.4808],[-75.7555,45.4775],[-75.7594,45.4764],[-75.7613,45.4782],[-75.769,45.4808],[-75.7713,45.4844],[-75.7781,45.4892],[-75.777,45.4903],[-75.7786,45.4902],[-75.7774,45.4826],[-75.7842,45.482],[-75.7845,45.4841],[-75.7916,45.4848],[-75.7908,45.4808],[-75.7958,45.4838],[-75.7967,45.4817],[-75.794,45.4789],[-75.7903,45.4781],[-75.7828,45.4733],[-75.7806,45.4597],[-75.7939,45.4587],[-75.7963,45.4735],[-75.8371,45.4703],[-75.8394,45.4857],[-75.9084,45.4804],[-75.9203,45.5639],[-75.9281,45.6046],[-75.9282,45.6138],[-75.9716,45.6097],[-76.0087,45.6083],[-76.0341,45.6047],[-76.098,45.5992],[-76.1195,45.5987],[-76.1332,45.653],[-76.1376,45.6827],[-76.3234,45.6681],[-76.3251,45.7099],[-76.3253,45.8005],[-76.1512,45.8042],[-76.1502,45.9416],[-76.1525,46.0221],[-76.2539,46.0241],[-76.3191,46.0237],[-76.3209,46.0959],[-76.3154,46.2751],[-76.3206,46.2756],[-76.3225,46.2742],[-76.3257,46.2762],[-76.3296,46.2761],[-76.3437,46.2836],[-76.3542,46.2796],[-76.3625,46.2839],[-76.3667,46.282],[-76.3979,46.2546],[-76.409,46.2551],[-76.4238,46.2538],[-76.4373,46.2559],[-76.4399,46.2528],[-76.4554,46.2487],[-76.4618,46.2449],[-76.4651,46.2455],[-76.4742,46.2422],[-76.4822,46.2412],[-76.4917,46.2423],[-76.5098,46.2461],[-76.5132,46.2495],[-76.5203,46.2511],[-76.5236,46.2577],[-76.5272,46.2588],[-76.5291,46.263],[-76.5394,46.2677],[-76.542,46.2674],[-76.5451,46.2741],[-76.5509,46.2776],[-76.5528,46.2818],[-76.5565,46.2847],[-76.5496,46.2857],[-76.5494,46.2873],[-76.5563,46.294],[-76.5612,46.2967],[-76.562,46.3007],[-76.5678,46.3027],[-76.5722,46.2994],[-76.5743,46.3001],[-76.576,46.3013],[-76.5771,46.3056],[-76.5864,46.3076],[-76.5889,46.311],[-76.5973,46.317],[-76.5905,46.3236],[-76.5905,46.3268],[-76.5934,46.3291],[-76.5927,46.3321],[-76.5943,46.3353],[-76.5873,46.334],[-76.5795,46.3341],[-76.5751,46.3303],[-76.5673,46.3274],[-76.5635,46.3289],[-76.5609,46.3285],[-76.5555,46.3243],[-76.5525,46.3252],[-76.5484,46.33],[-76.5433,46.3331],[-76.5333,46.3335],[-76.5139,46.3411],[-76.5005,46.3432],[-76.5038,46.3451],[-76.5036,46.3472],[-76.5073,46.3521],[-76.5147,46.3515],[-76.5138,46.3546],[-76.5184,46.3573],[-76.5082,46.3619],[-76.5085,46.3631],[-76.5143,46.3665],[-76.5098,46.3693],[-76.5098,46.372],[-76.5124,46.3737],[-76.517,46.3726],[-76.5265,46.3838],[-76.5219,46.3889],[-76.532,46.3901],[-76.5366,46.3928],[-76.5387,46.3957],[-76.5369,46.3994],[-76.5405,46.4023],[-76.5336,46.4023],[-76.53,46.3992],[-76.5237,46.4018],[-76.5261,46.4069],[-76.5222,46.4085],[-76.5231,46.4151],[-76.5262,46.4212],[-76.5256,46.4251],[-76.5334,46.4291],[-76.5496,46.4281],[-76.5521,46.4294],[-76.5553,46.4321],[-76.5511,46.4353],[-76.5516,46.4373],[-76.5597,46.4417],[-76.559,46.4431],[-76.5541,46.4449],[-76.5581,46.448],[-76.5699,46.4523],[-76.5732,46.4504],[-76.5793,46.4546],[-76.584,46.455],[-76.5884,46.4591],[-76.5884,46.4615],[-76.5968,46.4645],[-76.5998,46.468],[-76.6048,46.4707],[-76.6058,46.4721],[-76.6041,46.4748],[-76.6048,46.4773],[-76.6109,46.4758],[-76.6071,46.4799],[-76.6064,46.4828],[-76.6069,46.4853],[-76.6105,46.4878],[-76.6157,46.5018],[-76.6291,46.5048],[-76.6327,46.5045],[-76.6388,46.5016],[-76.6417,46.4964],[-76.6479,46.4954],[-76.6481,46.5065],[-76.6452,46.5085],[-76.6451,46.5105],[-76.6515,46.5112],[-76.6545,46.5146],[-76.6598,46.5153],[-76.6625,46.5179],[-76.6609,46.5253],[-76.6558,46.5253],[-76.6584,46.5293],[-76.652,46.5305],[-76.6449,46.5295],[-76.6437,46.5301],[-76.6439,46.5324],[-76.6716,46.5383],[-76.6672,46.541],[-76.6576,46.5385],[-76.6508,46.54],[-76.6498,46.541],[-76.6519,46.5435],[-76.6512,46.5458],[-76.6539,46.5478],[-76.6546,46.5501],[-76.6518,46.5532],[-76.6485,46.5542],[-76.6485,46.5576],[-76.6561,46.5675],[-76.6591,46.5768],[-76.6671,46.5797],[-76.674,46.5798],[-76.6863,46.5852],[-76.6863,46.5866],[-76.6838,46.5882],[-76.687,46.5914],[-76.6752,46.5879],[-76.6654,46.588],[-76.667,46.5916],[-76.6665,46.5937],[-76.6743,46.5989],[-76.6779,46.6082],[-76.6852,46.6159],[-76.6786,46.6233],[-76.6717,46.6229],[-76.6716,46.627],[-76.6698,46.6291],[-76.6715,46.6338],[-76.6699,46.639],[-76.666,46.6373],[-76.6647,46.6351],[-76.6597,46.6365],[-76.6509,46.634],[-76.6444,46.6348],[-76.6372,46.6326],[-76.6331,46.6301],[-76.6308,46.6357],[-76.636,46.6436],[-76.6398,46.6467],[-76.6325,46.6457],[-76.6208,46.6414],[-76.6153,46.6368],[-76.6108,46.6394],[-76.6096,46.6428],[-76.6159,46.6417],[-76.6283,46.6502],[-76.63,46.6526],[-76.6448,46.6568],[-76.645,46.6625],[-76.6481,46.6648],[-76.6573,46.6675],[-76.6705,46.6694],[-76.6784,46.6751],[-76.6801,46.675],[-76.6927,46.6664],[-76.6911,46.6621],[-76.697,46.6598],[-76.6966,46.655],[-76.7033,46.6544],[-76.7065,46.6516],[-76.7155,46.657],[-76.7228,46.6578],[-76.7242,46.6573],[-76.725,46.6518],[-76.7354,46.6483],[-76.7356,46.6451],[-76.7479,46.6411],[-76.7521,46.6381],[-76.7534,46.6451],[-76.7493,46.6555],[-76.755,46.6587],[-76.758,46.6633],[-76.7659,46.6564],[-76.7677,46.6521],[-76.7713,46.6503],[-76.7717,46.6461],[-76.7809,46.6455],[-76.7832,46.6482],[-76.7935,46.6466],[-76.7942,47.0004],[-77.0021,47.0005],[-77.002,47.2902],[-76.5757,47.2898],[-76.5754,47.604],[-76.5197,47.5677],[-76.4995,47.5576],[-76.4416,47.5219],[-76.4248,47.513],[-76.4178,47.5178],[-76.4076,47.5623],[-76.4169,47.5995],[-76.4213,47.5999],[-76.4165,47.601],[-76.4162,47.6031],[-76.4223,47.6075],[-76.4234,47.6065],[-76.4282,47.6062],[-76.4279,47.6053],[-76.4319,47.6023],[-76.4395,47.6027],[-76.4413,47.6016],[-76.4408,47.6008],[-76.4441,47.5993],[-76.4469,47.6017],[-76.4497,47.6015],[-76.4491,47.6026],[-76.4515,47.6042],[-76.4615,47.5999],[-76.4651,47.6022],[-76.4801,47.5995],[-76.4821,47.5999],[-76.4828,47.6029],[-76.4843,47.6025],[-76.4834,47.6013],[-76.4842,47.6005],[-76.4924,47.5978],[-76.4936,47.5981],[-76.4935,47.5999],[-76.49,47.599],[-76.4882,47.6012],[-76.4854,47.6006],[-76.4843,47.6014],[-76.4845,47.6052],[-76.483,47.6046],[-76.4831,47.6059],[-76.4819,47.606],[-76.4809,47.6046],[-76.4781,47.6064],[-76.4816,47.6109],[-76.4764,47.6139],[-76.4763,47.6156],[-76.4743,47.6157],[-76.4747,47.6148],[-76.4725,47.6131],[-76.4681,47.6173],[-76.4639,47.6162],[-76.4637,47.6142],[-76.4573,47.6148],[-76.4629,47.6196],[-76.4628,47.6229],[-76.455,47.6222],[-76.4536,47.6247],[-76.4499,47.6266],[-76.4605,47.6246],[-76.4609,47.6256],[-76.4588,47.6275],[-76.4549,47.6288],[-76.4519,47.6278],[-76.4479,47.6312],[-76.4427,47.6299],[-76.4292,47.6318],[-76.4302,47.6322],[-76.4273,47.6345],[-76.4286,47.6348],[-76.4289,47.6371],[-76.4262,47.6403],[-76.4207,47.6392],[-76.4206,47.6377],[-76.4198,47.6365],[-76.4186,47.6353],[-76.4198,47.6366],[-76.4195,47.6385],[-76.4177,47.6389],[-76.4176,47.6365],[-76.4155,47.6387],[-76.4171,47.6398],[-76.4152,47.641],[-76.4108,47.6406],[-76.4134,47.6386],[-76.4099,47.638],[-76.4072,47.639],[-76.4047,47.6425],[-76.402,47.6433],[-76.407,47.6439],[-76.4066,47.643],[-76.4083,47.6417],[-76.4119,47.6436],[-76.4111,47.6456],[-76.402,47.6476],[-76.4021,47.65],[-76.4043,47.6508],[-76.4043,47.6535],[-76.4001,47.6543],[-76.3992,47.6561],[-76.3954,47.6539],[-76.3901,47.6544],[-76.3886,47.6553],[-76.3895,47.6568],[-76.3877,47.6572],[-76.385,47.6614],[-76.3826,47.662],[-76.3825,47.6574],[-76.3778,47.6528],[-76.3726,47.6515],[-76.3649,47.6543],[-76.3425,47.6556],[-76.336,47.6592],[-76.3349,47.6577],[-76.3329,47.6614],[-76.3301,47.6615],[-76.3321,47.6626],[-76.3245,47.6691],[-76.3231,47.6675],[-76.3211,47.6683],[-76.3187,47.6666],[-76.3072,47.6664],[-76.3033,47.6704],[-76.3002,47.6699],[-76.2958,47.6728],[-76.2959,47.6747],[-76.2934,47.6762],[-76.294,47.6776],[-76.2927,47.6774],[-76.2908,47.6802],[-76.2881,47.6806],[-76.2895,47.6809],[-76.2885,47.6819],[-76.2888,47.6847],[-76.2904,47.6861],[-76.2915,47.6849],[-76.2908,47.6865],[-76.2776,47.6887],[-76.277,47.6894],[-76.279,47.6893],[-76.2715,47.6914],[-76.2703,47.6899],[-76.2751,47.6884],[-76.2706,47.6885],[-76.2693,47.6894],[-76.2704,47.6903],[-76.27,47.692],[-76.2666,47.6944],[-76.2563,47.6964],[-76.256,47.6974],[-76.2574,47.6978],[-76.2551,47.6979],[-76.2533,47.7002],[-76.2504,47.7005],[-76.2481,47.7027],[-76.2497,47.7],[-76.2472,47.7006],[-76.2431,47.7041],[-76.245,47.7054],[-76.2481,47.7028],[-76.2449,47.7068],[-76.2488,47.7096],[-76.2428,47.7123],[-76.2438,47.7135],[-76.2409,47.7159],[-76.2427,47.7172],[-76.2387,47.7217],[-76.2334,47.7218],[-76.2336,47.7237],[-76.232,47.7247],[-76.2278,47.7234],[-76.2254,47.7255],[-76.2264,47.7278],[-76.2238,47.7263],[-76.2234,47.7277],[-76.2281,47.7293],[-76.228,47.7303],[-76.2203,47.7297],[-76.2201,47.7312],[-76.219,47.7313],[-76.2169,47.7296],[-76.2168,47.7279],[-76.2203,47.7279],[-76.2214,47.7266],[-76.2137,47.7274],[-76.2148,47.7255],[-76.2125,47.7264],[-76.2106,47.724],[-76.2046,47.7237],[-76.2034,47.7259],[-76.1969,47.7262],[-76.1908,47.7296],[-76.1874,47.729],[-76.1857,47.7303],[-76.1871,47.7316],[-76.1836,47.7317],[-76.1822,47.7331],[-76.1825,47.7357],[-76.1823,47.7339],[-76.1804,47.7337],[-76.1759,47.737],[-76.175,47.7365],[-76.1755,47.7333],[-76.1685,47.7346],[-76.1751,47.7302],[-76.1781,47.7255],[-76.174,47.7238],[-76.1741,47.7247],[-76.1644,47.7251],[-76.161,47.7211],[-76.1627,47.7183],[-76.1542,47.7156],[-76.1494,47.716],[-76.1486,47.7167],[-76.1495,47.7171],[-76.1472,47.7186],[-76.1433,47.7175],[-76.1438,47.7169],[-76.1414,47.7181],[-76.1416,47.7194],[-76.1355,47.7204],[-76.1352,47.7225],[-76.1364,47.7239],[-76.1338,47.7229],[-76.1318,47.7237],[-76.131,47.7178],[-76.1282,47.7188],[-76.1281,47.7204],[-76.1257,47.7214],[-76.1261,47.7227],[-76.125,47.72],[-76.1169,47.7179],[-76.1143,47.7191],[-76.1099,47.7188],[-76.1083,47.7225],[-76.1045,47.7247],[-76.0916,47.7244],[-76.0875,47.7261],[-76.0746,47.7214],[-76.0744,47.7224],[-76.0724,47.722],[-76.0693,47.7233],[-76.0706,47.7257],[-76.0717,47.7227],[-76.0726,47.7231],[-76.0704,47.7266],[-76.0679,47.7273],[-76.0658,47.7266],[-76.0666,47.7257],[-76.0652,47.725],[-76.0643,47.7272],[-76.0655,47.7267],[-76.0655,47.7277],[-76.0571,47.7315],[-76.0556,47.7301],[-76.0563,47.7284],[-76.0581,47.728],[-76.0574,47.726],[-76.0534,47.7247],[-76.0476,47.7267],[-76.0445,47.7241],[-76.0364,47.7247],[-76.0361,47.7237],[-76.0333,47.7243],[-76.0323,47.726],[-76.0263,47.7273],[-76.0225,47.7255],[-76.0218,47.7239],[-76.0158,47.7237],[-76.0114,47.7253],[-76.0118,47.7271],[-76.0133,47.7265],[-76.0096,47.7297],[-76.0087,47.7296],[-76.0099,47.7293],[-76.0087,47.7267],[-76.0031,47.728],[-76.0029,47.7289],[-76.0045,47.7287],[-76.0031,47.7291],[-76.0032,47.7305],[-76.0041,47.7288],[-76.0077,47.7296],[-76.0082,47.7313],[-76.0066,47.7333],[-76.0033,47.7335],[-76.0005,47.7369],[-75.9978,47.7358],[-75.9874,47.7384],[-75.9863,47.743],[-75.9831,47.7437],[-75.9824,47.7457],[-75.9858,47.7529],[-75.9926,47.7527],[-75.9944,47.7543],[-75.9859,47.7549],[-75.9837,47.7608],[-75.9803,47.7634],[-75.98,47.7654],[-75.9836,47.7665],[-75.9858,47.7718],[-75.9345,47.8003],[-75.9311,47.7992],[-75.9217,47.8019],[-75.9177,47.7973],[-75.9168,47.7942],[-75.9129,47.7953],[-75.9098,47.793],[-75.9066,47.7935],[-75.9053,47.7922],[-75.8993,47.7949],[-75.8963,47.7974],[-75.897,47.7987],[-75.8956,47.8003],[-75.8889,47.7978],[-75.8837,47.801],[-75.8828,47.7999],[-75.8705,47.8013],[-75.8683,47.7999],[-75.8569,47.8034],[-75.8555,47.8005],[-75.8516,47.7979],[-75.8549,47.7951],[-75.8515,47.7949],[-75.8489,47.7928],[-75.8507,47.7911],[-75.8566,47.7906],[-75.8586,47.7884],[-75.8515,47.7887],[-75.8498,47.7875],[-75.8506,47.7862],[-75.8485,47.7854],[-75.854,47.7827],[-75.8575,47.784],[-75.8597,47.7832],[-75.86,47.7846],[-75.8568,47.7869],[-75.8618,47.7885],[-75.8629,47.7867],[-75.8674,47.7855],[-75.8671,47.7841],[-75.8653,47.7833],[-75.8662,47.7791],[-75.8624,47.7707],[-75.8577,47.7728],[-75.8529,47.7728],[-75.8403,47.7712],[-75.8318,47.7675],[-75.8316,47.7656],[-75.8353,47.7641],[-75.8332,47.7633],[-75.8341,47.7627],[-75.8337,47.7592],[-75.838,47.75],[-75.8349,47.7505],[-75.8306,47.7438],[-75.8328,47.7423],[-75.8332,47.7391],[-75.8402,47.7382],[-75.8362,47.738],[-75.8367,47.7361],[-75.8326,47.7387],[-75.8311,47.7365],[-75.8278,47.7361],[-75.8369,47.731],[-75.8478,47.7324],[-75.8479,47.73],[-75.8504,47.7265],[-75.8422,47.7225],[-75.8424,47.7208],[-75.8435,47.7186],[-75.8479,47.7164],[-75.8506,47.7169],[-75.8569,47.7139],[-75.8477,47.7134],[-75.8474,47.7043],[-75.8414,47.703],[-75.8352,47.7047],[-75.8307,47.7034],[-75.8315,47.7015],[-75.8336,47.7009],[-75.8307,47.7007],[-75.8345,47.6995],[-75.8349,47.6972],[-75.8311,47.6992],[-75.8234,47.6991],[-75.8211,47.6976],[-75.8204,47.6958],[-75.8304,47.6896],[-75.8232,47.6915],[-75.8203,47.6941],[-75.8177,47.6939],[-75.8177,47.6925],[-75.816,47.6924],[-75.8145,47.6908],[-75.8148,47.6893],[-75.8121,47.6878],[-75.8159,47.6808],[-75.8137,47.6815],[-75.811,47.6746],[-75.8143,47.6754],[-75.8146,47.6744],[-75.8121,47.674],[-75.808,47.6698],[-75.8058,47.6695],[-75.7956,47.6744],[-75.7955,47.6764],[-75.7938,47.6761],[-75.7929,47.6774],[-75.7918,47.6815],[-75.7878,47.6817],[-75.7872,47.6798],[-75.7849,47.6803],[-75.788,47.6849],[-75.7919,47.6987],[-75.7976,47.7092],[-75.7908,47.7205],[-75.7857,47.7255],[-75.7858,47.7359],[-75.7845,47.7384],[-75.7859,47.7393],[-75.7843,47.7441],[-75.7859,47.7452],[-75.7861,47.7485],[-75.7839,47.7507],[-75.7792,47.7525],[-75.7774,47.7574],[-75.7804,47.7629],[-75.7808,47.7663],[-75.7797,47.7676],[-75.7838,47.7737],[-75.7825,47.7757],[-75.7864,47.7793],[-75.7907,47.7809],[-75.7891,47.7844],[-75.7857,47.786],[-75.7883,47.7915],[-75.7825,47.7953],[-75.7816,47.8007],[-75.7789,47.8009],[-75.7784,47.8044],[-75.7745,47.8069],[-75.7747,47.8107],[-75.7721,47.8188],[-75.7634,47.8207],[-75.7557,47.826],[-75.7509,47.8266],[-75.747,47.8298],[-75.7425,47.8308],[-75.7424,47.8337],[-75.7395,47.8375],[-75.7303,47.8412],[-75.7253,47.8475],[-75.5206,47.8477]]]]}},{"type":"Feature","properties":{"CO_CEP":347,"NM_CEP":"Laval-des-Rapides"},"geometry":{"type":"MultiPolygon","coordinates":[[[[-73.6951,45.5883],[-73.6931,45.5886],[-73.6865,45.5836],[-73.6716,45.5702],[-73.6714,45.5664],[-73.6735,45.5629],[-73.6817,45.555],[-73.7076,45.5463],[-73.7136,45.5413],[-73.7372,45.5629],[-73.7509,45.5557],[-73.7645,45.5679],[-73.7366,45.5851],[-73.7126,45.5944],[-73.6979,45.605],[-73.6904,45.5947],[-73.6951,45.5913],[-73.6938,45.5901],[-73.6951,45.5883]]]]}},{"type":"Feature","properties":{"CO_CEP":693,"NM_CEP":"Maskinongé"},"geometry":{"type":"MultiPolygon","coordinates":[[[[-73.3724,46.8867],[-73.364,46.8892],[-73.36,46.8859],[-73.3448,46.881],[-73.3405,46.8818],[-73.3376,46.8805],[-73.3308,46.8814],[-73.3266,46.8805],[-73.3273,46.8812],[-73.3264,46.8806],[-73.3235,46.8764],[-73.3071,46.8702],[-73.3024,46.872],[-73.2985,46.8769],[-73.2923,46.8788],[-73.2927,46.8798],[-73.2911,46.8805],[-73.2919,46.8809],[-73.2883,46.8824],[-73.2758,46.881],[-73.2769,46.8846],[-73.2741,46.8873],[-73.2666,46.8897],[-73.2563,46.8849],[-73.2443,46.8833],[-73.2418,46.8805],[-73.2437,46.8765],[-73.2473,46.8735],[-73.2482,46.8671],[-73.2325,46.8663],[-73.2276,46.8642],[-73.2249,46.8612],[-73.2264,46.8544],[-73.2231,46.8523],[-73.2186,46.853],[-73.2116,46.849],[-73.207,46.8441],[-73.1966,46.8403],[-73.1886,46.8398],[-73.1835,46.8406],[-73.1765,46.8461],[-73.1703,46.8471],[-73.1619,46.8464],[-73.1556,46.8453],[-73.151,46.8406],[-73.1421,46.8394],[-73.1375,46.8355],[-73.1323,46.8346],[-73.1323,46.7867],[-73.1437,46.7706],[-73.1693,46.7645],[-73.1789,46.7508],[-73.107,46.7042],[-73.0641,46.7067],[-73.032,46.6531],[-72.9994,46.6489],[-72.9861,46.667],[-72.9843,46.6775],[-73.0115,46.7363],[-72.9938,46.7456],[-72.927,46.7337],[-72.909,46.724],[-72.8781,46.6733],[-72.8748,46.6753],[-72.8597,46.6643],[-72.8653,46.661],[-72.8691,46.6636],[-72.8857,46.6618],[-72.8936,46.6671],[-72.8967,46.665],[-72.8515,46.6338],[-72.8706,46.6219],[-72.832,46.5927],[-72.7662,46.5462],[-72.7772,46.546],[-72.7789,46.5415],[-72.771,46.5359],[-72.7737,46.534],[-72.7745,46.525],[-72.7711,46.5208],[-72.7711,46.517],[-72.7747,46.5067],[-72.7734,46.4929],[-72.7756,46.4816],[-72.7699,46.4725],[-72.7683,46.4674],[-72.7607,46.4607],[-72.7412,46.4497],[-72.7354,46.4432],[-72.7279,46.4376],[-72.7238,46.4314],[-72.7185,46.4286],[-72.7049,46.4242],[-72.7234,46.4116],[-72.6425,46.356],[-72.5687,46.3115],[-72.5801,46.3027],[-72.5951,46.296],[-72.6257,46.2914],[-72.6239,46.2847],[-72.6301,46.285],[-72.6322,46.2879],[-72.6396,46.2874],[-72.6451,46.2832],[-72.6525,46.281],[-72.6603,46.2804],[-72.6658,46.2774],[-72.6704,46.2779],[-72.6823,46.2834],[-72.7087,46.291],[-72.73,46.2906],[-72.7524,46.2801],[-72.7806,46.27],[-72.7971,46.266],[-72.8104,46.2596],[-72.8176,46.2576],[-72.8148,46.2612],[-72.8195,46.2653],[-72.8271,46.2672],[-72.8324,46.2658],[-72.8339,46.2619],[-72.84,46.2675],[-72.8531,46.2645],[-72.8572,46.2601],[-72.8498,46.2606],[-72.8569,46.253],[-72.891,46.2413],[-72.9191,46.2187],[-72.9311,46.2189],[-72.9431,46.2164],[-72.9483,46.214],[-72.9438,46.2129],[-72.9507,46.2084],[-72.9608,46.2061],[-72.9649,46.2031],[-72.9691,46.2029],[-72.9749,46.2006],[-72.9791,46.201],[-72.9832,46.1989],[-72.9864,46.1945],[-72.9767,46.1955],[-72.9821,46.1898],[-72.9765,46.189],[-72.967,46.1921],[-72.9619,46.1901],[-72.9617,46.1854],[-72.9671,46.1845],[-72.9808,46.1775],[-72.9894,46.1682],[-72.9971,46.1648],[-73.0077,46.1651],[-73.019,46.1603],[-73.0367,46.1566],[-73.0986,46.2012],[-73.2164,46.2793],[-73.1957,46.2942],[-73.2281,46.3171],[-73.2187,46.3235],[-73.2138,46.3251],[-73.2062,46.3219],[-73.2026,46.3248],[-73.2007,46.3235],[-73.2018,46.3217],[-73.198,46.3225],[-73.197,46.3212],[-73.1849,46.3236],[-73.1832,46.3232],[-73.1836,46.3217],[-73.1799,46.3228],[-73.1786,46.3218],[-73.1761,46.3235],[-73.2037,46.342],[-73.1921,46.3503],[-73.2039,46.3591],[-73.1878,46.3704],[-73.1809,46.3661],[-73.1691,46.3744],[-73.1746,46.3783],[-73.1673,46.383],[-73.2225,46.4229],[-73.2509,46.4411],[-73.3331,46.4987],[-73.283,46.5333],[-73.2981,46.5447],[-73.307,46.5552],[-73.3122,46.5737],[-73.3365,46.6013],[-73.3618,46.6162],[-73.4022,46.5988],[-73.446,46.5963],[-73.4468,46.6123],[-73.4444,46.6512],[-73.442,46.6687],[-73.467,46.7095],[-73.4501,46.7511],[-73.4477,46.7664],[-73.4569,46.7863],[-73.4363,46.8292],[-73.4415,46.8437],[-73.4202,46.8883],[-73.4179,46.8834],[-73.4117,46.8804],[-73.4035,46.8839],[-73.3869,46.8841],[-73.3838,46.8854],[-73.3831,46.8867],[-73.3843,46.8874],[-73.3841,46.8887],[-73.3815,46.89],[-73.3724,46.8867]]]]}},{"type":"Feature","properties":{"CO_CEP":221,"NM_CEP":"Taillon"},"geometry":{"type":"MultiPolygon","coordinates":[[[[-73.4241,45.5487],[-73.4382,45.5365],[-73.4392,45.5329],[-73.431,45.5278],[-73.4398,45.5118],[-73.512,45.5424],[-73.5103,45.5452],[-73.506,45.5466],[-73.4976,45.5587],[-73.4847,45.5723],[-73.4759,45.5792],[-73.4711,45.5852],[-73.4241,45.5487]]],[[[-73.4788,45.5821],[-73.4847,45.5787],[-73.4903,45.5789],[-73.4913,45.5826],[-73.4891,45.5863],[-73.4801,45.5859],[-73.4734,45.5892],[-73.4788,45.5821]]]]}},{"type":"Feature","properties":{"CO_CEP":669,"NM_CEP":"Papineau"},"geometry":{"type":"MultiPolygon","coordinates":[[[[-75.0752,46.2153],[-75.08,46.1649],[-75.0863,46.132],[-75.0899,46.1033],[-75.027,46.103],[-75.0198,46.1042],[-74.9395,46.1055],[-74.9395,46.0617],[-74.875,46.0611],[-74.8709,46.0625],[-74.8676,46.061],[-74.8586,46.0607],[-74.858,46.0168],[-74.8376,46.0168],[-74.8376,46.0031],[-74.8314,46.0031],[-74.8317,45.9731],[-74.8089,45.973],[-74.8065,45.9586],[-74.8009,45.9589],[-74.8017,45.9448],[-74.7642,45.9463],[-74.7632,45.9727],[-74.6982,45.9718],[-74.7102,45.9319],[-74.7146,45.8879],[-74.725,45.8596],[-74.7267,45.8517],[-74.7354,45.8519],[-74.7407,45.8348],[-74.7711,45.7608],[-74.8065,45.6424],[-74.8188,45.6422],[-74.8285,45.6395],[-74.8405,45.6394],[-74.8519,45.64],[-74.863,45.6426],[-74.9004,45.6475],[-74.9293,45.6483],[-74.9395,45.6475],[-74.9544,45.6415],[-74.9588,45.6425],[-74.9655,45.6404],[-74.9806,45.6326],[-74.992,45.6217],[-75.006,45.6143],[-75.0147,45.6128],[-75.0407,45.613],[-75.0566,45.6109],[-75.0803,45.6101],[-75.0849,45.6072],[-75.1085,45.604],[-75.0983,45.599],[-75.0942,45.6002],[-75.0914,45.5968],[-75.0809,45.5974],[-75.0695,45.5963],[-75.063,45.5985],[-75.0313,45.6038],[-75.0234,45.6072],[-75.0056,45.6099],[-74.9926,45.6134],[-75.0051,45.6055],[-75.0195,45.5998],[-75.0527,45.5926],[-75.0734,45.5921],[-75.0832,45.5934],[-75.0988,45.5909],[-75.1046,45.592],[-75.1085,45.5858],[-75.1098,45.5917],[-75.1083,45.5948],[-75.1247,45.5985],[-75.1336,45.5985],[-75.138,45.6002],[-75.1421,45.598],[-75.1475,45.6009],[-75.1521,45.6002],[-75.1587,45.6012],[-75.1667,45.5974],[-75.1691,45.5925],[-75.1741,45.5936],[-75.1748,45.5965],[-75.1858,45.6004],[-75.2107,45.5968],[-75.2093,45.5921],[-75.1906,45.5918],[-75.1753,45.59],[-75.1709,45.5906],[-75.1655,45.5944],[-75.1634,45.5912],[-75.1551,45.5882],[-75.1486,45.5869],[-75.1369,45.5874],[-75.1354,45.585],[-75.1401,45.5848],[-75.1345,45.5823],[-75.1224,45.5817],[-75.1289,45.5791],[-75.1379,45.5793],[-75.1527,45.5853],[-75.1681,45.5884],[-75.1946,45.591],[-75.2347,45.5895],[-75.2464,45.5878],[-75.2563,45.5825],[-75.2653,45.5812],[-75.2674,45.5766],[-75.2763,45.5732],[-75.289,45.5725],[-75.2941,45.57],[-75.2995,45.5711],[-75.3122,45.5678],[-75.3289,45.5602],[-75.3284,45.5572],[-75.3331,45.5538],[-75.3434,45.5509],[-75.3515,45.5455],[-75.3559,45.5461],[-75.3758,45.5412],[-75.3847,45.5373],[-75.3865,45.5335],[-75.3675,45.5364],[-75.3223,45.5524],[-75.3245,45.5477],[-75.3416,45.5405],[-75.3909,45.5283],[-75.4159,45.5257],[-75.4247,45.5221],[-75.4314,45.5261],[-75.4427,45.5256],[-75.442,45.5295],[-75.4623,45.5308],[-75.4722,45.528],[-75.4702,45.5211],[-75.4597,45.5225],[-75.4496,45.5253],[-75.4495,45.5231],[-75.469,45.5188],[-75.5296,45.501],[-75.5423,45.4944],[-75.5504,45.4879],[-75.5559,45.4859],[-75.5703,45.4837],[-75.593,45.4769],[-75.6045,45.4748],[-75.6105,45.4753],[-75.6092,45.4784],[-75.6097,45.4814],[-75.603,45.4864],[-75.6037,45.4918],[-75.6072,45.4948],[-75.6022,45.4964],[-75.602,45.4975],[-75.6051,45.4983],[-75.6054,45.4995],[-75.5983,45.5013],[-75.5983,45.5025],[-75.6008,45.5032],[-75.6004,45.5075],[-75.5955,45.5097],[-75.5991,45.51],[-75.6001,45.5112],[-75.55,45.5145],[-75.5292,45.5218],[-75.5568,45.7014],[-75.5283,45.7039],[-75.5324,45.7062],[-75.5524,45.7089],[-75.5592,45.7139],[-75.5881,45.7202],[-75.5917,45.726],[-75.5873,45.7358],[-75.578,45.7439],[-75.5809,45.7506],[-75.5793,45.7519],[-75.5786,45.7563],[-75.5819,45.7597],[-75.5897,45.7625],[-75.5903,45.7645],[-75.589,45.7675],[-75.591,45.7688],[-75.5948,45.7754],[-75.6045,45.7832],[-75.6064,45.7919],[-75.6172,45.8056],[-75.6306,45.8151],[-75.6318,45.82],[-75.6364,45.8245],[-75.6365,45.8286],[-75.6409,45.8339],[-75.7087,45.8287],[-75.7363,45.825],[-75.7376,45.8457],[-75.7369,45.9133],[-75.7391,45.9147],[-75.7393,45.9165],[-75.7419,45.9151],[-75.7433,45.9165],[-75.7446,45.9207],[-75.7471,45.9216],[-75.7472,45.9242],[-75.7529,45.9288],[-75.7534,45.9304],[-75.7519,45.9304],[-75.7566,45.9348],[-75.7568,45.9375],[-75.7638,45.939],[-75.7662,45.9411],[-75.7684,45.9407],[-75.7658,45.9427],[-75.7688,45.9448],[-75.7634,45.9457],[-75.7661,45.9494],[-75.7674,45.9499],[-75.7679,45.948],[-75.7718,45.9499],[-75.7742,45.949],[-75.7772,45.9529],[-75.7624,45.9583],[-75.7535,45.9648],[-75.7466,45.9729],[-75.7396,45.9712],[-75.7049,45.9698],[-75.6675,45.9704],[-75.6632,45.9748],[-75.6631,45.9819],[-75.6209,45.9827],[-75.6208,45.9947],[-75.5992,45.9947],[-75.5992,45.9714],[-75.5777,45.9719],[-75.5745,45.973],[-75.5691,45.9712],[-75.4072,45.973],[-75.4072,46.0979],[-75.2132,46.0981],[-75.2131,46.1042],[-75.2106,46.1041],[-75.2106,46.1033],[-75.1764,46.1034],[-75.177,46.1323],[-75.1559,46.1323],[-75.1563,46.1606],[-75.1373,46.1606],[-75.1376,46.1849],[-75.1166,46.1848],[-75.1174,46.2152],[-75.0752,46.2153]]],[[[-75.0254,45.6089],[-75.0575,45.6003],[-75.0896,45.5989],[-75.0883,45.6029],[-75.0771,45.602],[-75.0616,45.6058],[-75.0254,45.6089]]]]}},{"type":"Feature","properties":{"CO_CEP":729,"NM_CEP":"La Peltrie"},"geometry":{"type":"MultiPolygon","coordinates":[[[[-71.6317,47.1925],[-71.4206,46.9807],[-71.448,46.9675],[-71.4056,46.9232],[-71.4334,46.911],[-71.4384,46.9147],[-71.473,46.8922],[-71.4602,46.8833],[-71.4652,46.88],[-71.4294,46.8703],[-71.4127,46.8629],[-71.4006,46.868],[-71.3906,46.8608],[-71.3877,46.8602],[-71.35,46.8319],[-71.3419,46.8361],[-71.3409,46.8342],[-71.3428,46.8336],[-71.3423,46.8323],[-71.3441,46.8309],[-71.3316,46.8317],[-71.3299,46.8274],[-71.3324,46.8274],[-71.3292,46.8253],[-71.3205,46.823],[-71.3189,46.8188],[-71.3387,46.8128],[-71.345,46.8078],[-71.3356,46.7996],[-71.3381,46.7982],[-71.3341,46.7953],[-71.3497,46.7853],[-71.4104,46.8268],[-71.4128,46.8261],[-71.415,46.8277],[-71.4165,46.8264],[-71.4195,46.8285],[-71.4407,46.8132],[-71.4949,46.8033],[-71.5109,46.8138],[-71.5095,46.814],[-71.5419,46.8366],[-71.5315,46.8383],[-71.5491,46.8513],[-71.533,46.8547],[-71.5437,46.863],[-71.5474,46.8629],[-71.5928,46.8936],[-71.5903,46.8953],[-71.6082,46.9072],[-71.6067,46.9087],[-71.6072,46.9123],[-71.6149,46.9067],[-71.6206,46.9097],[-71.6095,46.9175],[-71.6101,46.9193],[-71.6091,46.92],[-71.6114,46.9262],[-71.5976,46.9361],[-71.6133,46.9472],[-71.6117,46.9483],[-71.6288,46.9602],[-71.6324,46.9592],[-71.6388,46.9655],[-71.6461,46.9611],[-71.6553,46.9603],[-71.6589,46.9588],[-71.6573,46.9482],[-71.6731,46.9511],[-71.6807,46.9548],[-71.6332,46.9873],[-71.8139,47.114],[-71.7401,47.1483],[-71.6317,47.1925]]]]}},{"type":"Feature","properties":{"CO_CEP":117,"NM_CEP":"Mégantic"},"geometry":{"type":"MultiPolygon","coordinates":[[[[-71.3117,45.9249],[-71.3106,45.9281],[-71.3073,45.9292],[-71.3058,45.9319],[-71.2909,45.9341],[-71.2896,45.9367],[-71.2816,45.9399],[-71.2731,45.9499],[-71.2675,45.9519],[-71.2438,45.9655],[-71.2336,45.9681],[-71.2222,45.9668],[-71.1949,45.9562],[-71.1825,45.9456],[-71.1633,45.9244],[-71.1298,45.9574],[-71.0706,45.9283],[-71.0937,45.907],[-71.0183,45.8698],[-71.0293,45.8593],[-70.9902,45.8399],[-70.979,45.8507],[-70.9478,45.8354],[-70.9369,45.846],[-70.9151,45.836],[-70.9148,45.8416],[-70.8984,45.8417],[-70.8956,45.78],[-70.7243,45.7821],[-70.7839,45.7258],[-70.7512,45.7091],[-70.7441,45.7104],[-70.743,45.7086],[-70.7459,45.7059],[-70.7438,45.7042],[-70.7424,45.7046],[-70.5987,45.6282],[-70.607,45.6257],[-70.6085,45.6218],[-70.6155,45.6183],[-70.6181,45.6155],[-70.6191,45.612],[-70.6318,45.6092],[-70.6362,45.6099],[-70.6446,45.607],[-70.6509,45.5994],[-70.6498,45.5976],[-70.654,45.5928],[-70.6591,45.5897],[-70.659,45.5873],[-70.6638,45.5846],[-70.6641,45.5828],[-70.6721,45.5785],[-70.672,45.5762],[-70.6781,45.5705],[-70.6842,45.5689],[-70.6877,45.5694],[-70.688,45.5684],[-70.6851,45.5666],[-70.6892,45.5622],[-70.6843,45.557],[-70.6771,45.5522],[-70.6797,45.5506],[-70.6849,45.5509],[-70.687,45.5493],[-70.6922,45.5429],[-70.6965,45.54],[-70.6981,45.5353],[-70.7009,45.5325],[-70.6991,45.5301],[-70.7065,45.5279],[-70.707,45.526],[-70.7092,45.5248],[-70.7111,45.5195],[-70.7158,45.5189],[-70.7199,45.5165],[-70.7226,45.5137],[-70.7236,45.5101],[-70.7222,45.5061],[-70.7154,45.5045],[-70.7116,45.5018],[-70.7119,45.4971],[-70.7178,45.4902],[-70.7164,45.4865],[-70.7047,45.4789],[-70.6995,45.4789],[-70.6917,45.4743],[-70.6929,45.4664],[-70.6905,45.4636],[-70.6818,45.4617],[-70.6811,45.4522],[-70.6751,45.4519],[-70.6629,45.446],[-70.6507,45.4449],[-70.6462,45.4378],[-70.6426,45.4363],[-70.6431,45.4336],[-70.6404,45.4308],[-70.636,45.4274],[-70.6298,45.4263],[-70.6278,45.4207],[-70.6312,45.4178],[-70.6312,45.4159],[-70.6355,45.4149],[-70.6351,45.4111],[-70.6302,45.407],[-70.6238,45.4058],[-70.6214,45.4024],[-70.6233,45.4002],[-70.633,45.3984],[-70.6363,45.3952],[-70.6389,45.3888],[-70.6349,45.3853],[-70.6349,45.3834],[-70.6504,45.3772],[-70.6588,45.3777],[-70.6608,45.3781],[-70.6602,45.3799],[-70.6617,45.3863],[-70.6782,45.3943],[-70.6829,45.3952],[-70.6876,45.3929],[-70.6962,45.3924],[-70.6995,45.3945],[-70.7066,45.3931],[-70.712,45.3905],[-70.7297,45.3991],[-70.7314,45.4019],[-70.7304,45.4044],[-70.7436,45.4119],[-70.7453,45.4163],[-70.744,45.4212],[-70.75,45.4232],[-70.7516,45.4262],[-70.7546,45.4283],[-70.7644,45.4259],[-70.7682,45.4285],[-70.7814,45.4312],[-70.7876,45.4265],[-70.7938,45.4284],[-70.7981,45.4265],[-70.8025,45.4179],[-70.8113,45.4162],[-70.8128,45.4114],[-70.8171,45.4082],[-70.8189,45.4049],[-70.8257,45.4003],[-70.8259,45.3982],[-70.8243,45.3966],[-70.8252,45.3931],[-70.8239,45.391],[-70.8173,45.3904],[-70.8138,45.3878],[-70.8125,45.3834],[-70.8067,45.3775],[-70.8025,45.3657],[-70.8084,45.3631],[-70.8098,45.358],[-70.8145,45.3567],[-70.8116,45.3521],[-70.8094,45.3515],[-70.8098,45.3487],[-70.8173,45.3447],[-70.8199,45.3402],[-70.818,45.3379],[-70.8191,45.3354],[-70.8181,45.3326],[-70.8129,45.328],[-70.8076,45.3277],[-70.8081,45.325],[-70.8061,45.3216],[-70.8084,45.3118],[-70.8146,45.3082],[-70.8122,45.3063],[-70.8115,45.3038],[-70.8163,45.2982],[-70.8193,45.2989],[-70.825,45.2979],[-70.8355,45.294],[-70.8299,45.2902],[-70.8319,45.2789],[-70.8365,45.276],[-70.8393,45.269],[-70.8413,45.267],[-70.8489,45.2631],[-70.8481,45.2589],[-70.8496,45.2559],[-70.8465,45.253],[-70.8486,45.2452],[-70.8393,45.2375],[-70.8366,45.2373],[-70.8381,45.2346],[-70.8461,45.2344],[-70.8582,45.2292],[-70.8748,45.2341],[-70.8796,45.2334],[-70.8847,45.2349],[-70.8893,45.2387],[-70.8926,45.239],[-70.8969,45.2419],[-70.8966,45.243],[-70.8982,45.2441],[-70.8975,45.2482],[-70.8951,45.2523],[-70.8983,45.2549],[-70.8985,45.2583],[-70.9059,45.2608],[-70.9067,45.2616],[-70.9053,45.2659],[-70.9084,45.2694],[-70.9113,45.27],[-70.9164,45.2773],[-70.9213,45.2792],[-70.9187,45.2873],[-70.9138,45.2919],[-70.912,45.2963],[-70.9138,45.3003],[-70.9196,45.3053],[-70.92,45.3077],[-70.9178,45.3117],[-70.9202,45.3134],[-70.9272,45.3149],[-70.93,45.3188],[-70.9389,45.32],[-70.9406,45.3232],[-70.9452,45.3257],[-70.9451,45.329],[-70.9495,45.3313],[-70.9509,45.3348],[-70.9502,45.3375],[-70.9524,45.3391],[-70.9612,45.3367],[-70.9673,45.3322],[-70.9733,45.3336],[-70.985,45.3319],[-70.9891,45.3341],[-70.9908,45.3381],[-70.9938,45.3384],[-71.0004,45.342],[-71.0014,45.3442],[-71.0107,45.3477],[-71.013,45.3442],[-71.0106,45.3382],[-71.0114,45.3379],[-71.0109,45.3348],[-71.0121,45.3339],[-71.0067,45.3327],[-71.0019,45.3284],[-71.0039,45.3274],[-71.0085,45.3192],[-71.0162,45.3155],[-71.0271,45.3147],[-71.0337,45.31],[-71.0415,45.3131],[-71.0532,45.3114],[-71.0591,45.3138],[-71.0655,45.3125],[-71.0652,45.3116],[-71.075,45.3071],[-71.0857,45.3058],[-71.0982,45.3017],[-71.0983,45.3002],[-71.1053,45.2949],[-71.1042,45.2915],[-71.1066,45.2911],[-71.111,45.2844],[-71.1092,45.2823],[-71.1054,45.2828],[-71.1072,45.2783],[-71.1107,45.2754],[-71.1163,45.2741],[-71.1164,45.2694],[-71.1202,45.2651],[-71.1195,45.2616],[-71.1239,45.2584],[-71.1241,45.2551],[-71.1279,45.2537],[-71.1329,45.2445],[-71.1435,45.2425],[-71.1463,45.2397],[-71.1483,45.2397],[-71.1473,45.2409],[-71.1486,45.2429],[-71.1623,45.2503],[-71.1688,45.2463],[-71.1732,45.2463],[-71.1801,45.2399],[-71.1824,45.2406],[-71.184,45.2449],[-71.1869,45.2444],[-71.1877,45.2476],[-71.191,45.2479],[-71.1912,45.2494],[-71.1951,45.2513],[-71.1964,45.2541],[-71.2,45.2533],[-71.2025,45.2543],[-71.2127,45.2501],[-71.2206,45.2507],[-71.2221,45.2534],[-71.2283,45.2494],[-71.2306,45.2494],[-71.2331,45.2515],[-71.2313,45.2539],[-71.2356,45.2609],[-71.2394,45.2617],[-71.2392,45.2633],[-71.2456,45.2688],[-71.2495,45.268],[-71.2564,45.2732],[-71.2594,45.272],[-71.2596,45.2746],[-71.263,45.2774],[-71.2638,45.2848],[-71.2662,45.2914],[-71.2649,45.2938],[-71.2727,45.2966],[-71.2805,45.2946],[-71.2827,45.2971],[-71.282,45.2991],[-71.2842,45.3024],[-71.2858,45.3004],[-71.2879,45.3009],[-71.291,45.2987],[-71.2962,45.2991],[-71.3005,45.2966],[-71.3076,45.2875],[-71.3154,45.2866],[-71.3208,45.2819],[-71.3308,45.2803],[-71.333,45.2759],[-71.3364,45.2727],[-71.3423,45.2713],[-71.3477,45.272],[-71.3503,45.2695],[-71.3535,45.2686],[-71.3603,45.2703],[-71.3632,45.2667],[-71.3593,45.2621],[-71.3565,45.2539],[-71.3628,45.2483],[-71.3724,45.2462],[-71.3783,45.2435],[-71.3803,45.2387],[-71.3841,45.2335],[-71.3859,45.2331],[-71.3964,45.2418],[-71.4021,45.2426],[-71.4075,45.241],[-71.6046,45.2381],[-71.605,45.2482],[-71.6431,45.2484],[-71.6444,45.3065],[-71.7386,45.3051],[-71.8157,45.3063],[-71.8177,45.3581],[-71.8116,45.3582],[-71.8117,45.3599],[-71.8121,45.3671],[-71.8184,45.3684],[-71.8187,45.3787],[-71.8167,45.3812],[-71.8151,45.3888],[-71.8087,45.3929],[-71.8026,45.4081],[-71.82,45.4079],[-71.8216,45.4533],[-71.8303,45.4533],[-71.7923,45.4858],[-71.7743,45.4967],[-71.7621,45.5098],[-71.7483,45.5212],[-71.7057,45.4964],[-71.6262,45.5654],[-71.7746,45.6508],[-71.8319,45.6005],[-71.9199,45.6479],[-71.9078,45.6587],[-71.8916,45.6685],[-71.9591,45.7055],[-71.9788,45.715],[-71.9907,45.7048],[-72.0016,45.7104],[-72.0142,45.6988],[-72.1338,45.7606],[-72.0296,45.8534],[-71.9212,45.7963],[-71.9178,45.7981],[-71.9179,45.8009],[-71.9166,45.8019],[-71.9047,45.8048],[-71.8912,45.8007],[-71.8848,45.8041],[-71.8805,45.8044],[-71.8791,45.8012],[-71.8745,45.7983],[-71.8694,45.8032],[-71.8614,45.7986],[-71.77,45.8853],[-71.6355,45.8139],[-71.6173,45.8305],[-71.6038,45.8232],[-71.6015,45.8253],[-71.5953,45.8221],[-71.5976,45.8199],[-71.5927,45.8174],[-71.5956,45.8156],[-71.5416,45.7877],[-71.5232,45.8046],[-71.499,45.7919],[-71.4608,45.8191],[-71.4672,45.8222],[-71.4628,45.8367],[-71.4554,45.8721],[-71.4898,45.8895],[-71.486,45.8932],[-71.4875,45.8942],[-71.4832,45.8965],[-71.4823,45.9005],[-71.4796,45.9026],[-71.4717,45.9063],[-71.4561,45.9105],[-71.4569,45.912],[-71.4555,45.9155],[-71.4565,45.9158],[-71.4458,45.9263],[-71.4586,45.9328],[-71.4124,45.9777],[-71.3117,45.9249]]]]}},{"type":"Feature","properties":{"CO_CEP":159,"NM_CEP":"Granby"},"geometry":{"type":"MultiPolygon","coordinates":[[[[-72.6992,45.4574],[-72.7004,45.4485],[-72.6634,45.4474],[-72.6663,45.3519],[-72.6677,45.3379],[-72.7638,45.3416],[-72.7663,45.3283],[-72.7738,45.3285],[-72.7737,45.3137],[-72.7845,45.3137],[-72.7849,45.2997],[-72.8532,45.2993],[-72.8526,45.2871],[-72.8537,45.2847],[-72.8616,45.286],[-72.8761,45.2844],[-72.8238,45.4312],[-72.8199,45.4567],[-72.7982,45.458],[-72.6992,45.4574]]]]}},{"type":"Feature","properties":{"CO_CEP":231,"NM_CEP":"Verchères"},"geometry":{"type":"MultiPolygon","coordinates":[[[[-73.2386,45.7309],[-73.2806,45.6959],[-73.2835,45.6981],[-73.2871,45.6959],[-73.2584,45.6747],[-73.2582,45.6676],[-73.2651,45.6566],[-73.2763,45.6499],[-73.2611,45.6387],[-73.2714,45.6336],[-73.2756,45.625],[-73.2774,45.6263],[-73.2816,45.6222],[-73.2872,45.6105],[-73.2924,45.6052],[-73.2761,45.5937],[-73.2878,45.5882],[-73.297,45.5808],[-73.289,45.5748],[-73.2926,45.5536],[-73.312,45.5679],[-73.3124,45.5584],[-73.314,45.5569],[-73.3187,45.5575],[-73.322,45.56],[-73.3237,45.5589],[-73.3332,45.5669],[-73.3386,45.5636],[-73.3483,45.5712],[-73.3498,45.5635],[-73.3621,45.5738],[-73.3601,45.5899],[-73.4448,45.6566],[-73.4429,45.6629],[-73.442,45.6772],[-73.4438,45.6845],[-73.4399,45.6949],[-73.433,45.705],[-73.4328,45.7111],[-73.4311,45.7161],[-73.4177,45.7269],[-73.4042,45.7408],[-73.3836,45.7591],[-73.3713,45.7683],[-73.3672,45.7734],[-73.3616,45.7771],[-73.3515,45.7805],[-73.3403,45.786],[-73.3337,45.7928],[-73.3086,45.8107],[-73.3073,45.8131],[-73.2197,45.7488],[-73.2311,45.7374],[-73.2402,45.732],[-73.2386,45.7309]]],[[[-73.3587,45.7863],[-73.3754,45.7783],[-73.394,45.7621],[-73.4015,45.7622],[-73.392,45.7742],[-73.3773,45.7881],[-73.3688,45.7857],[-73.3575,45.7902],[-73.3587,45.7863]]],[[[-73.4653,45.652],[-73.4694,45.6484],[-73.4687,45.6534],[-73.4646,45.656],[-73.4552,45.6698],[-73.4505,45.6734],[-73.4504,45.6683],[-73.453,45.663],[-73.4579,45.6588],[-73.4592,45.6541],[-73.4653,45.652]]],[[[-73.4593,45.6958],[-73.4577,45.6821],[-73.4599,45.6748],[-73.4807,45.6601],[-73.483,45.6788],[-73.4815,45.6874],[-73.4761,45.6945],[-73.4717,45.6945],[-73.4583,45.7025],[-73.4593,45.6958]]]]}},{"type":"Feature","properties":{"CO_CEP":307,"NM_CEP":"Laurier-Dorion"},"geometry":{"type":"MultiPolygon","coordinates":[[[[-73.6173,45.5278],[-73.6208,45.5237],[-73.6228,45.5234],[-73.6482,45.5307],[-73.6416,45.5417],[-73.6355,45.5488],[-73.6216,45.5545],[-73.6071,45.5479],[-73.6215,45.5311],[-73.6179,45.53],[-73.6173,45.5278]]]]}},{"type":"Feature","properties":{"CO_CEP":331,"NM_CEP":"Jeanne-Mance-Viger"},"geometry":{"type":"MultiPolygon","coordinates":[[[[-73.6032,45.6112],[-73.5697,45.5966],[-73.5685,45.5918],[-73.5664,45.5884],[-73.5642,45.5872],[-73.564,45.585],[-73.5662,45.5843],[-73.5648,45.583],[-73.5685,45.5814],[-73.574,45.5819],[-73.5871,45.5664],[-73.6016,45.5728],[-73.6005,45.574],[-73.6242,45.5846],[-73.6269,45.5855],[-73.629,45.5832],[-73.6296,45.5837],[-73.6062,45.6107],[-73.6047,45.6094],[-73.6032,45.6112]]]]}},{"type":"Feature","properties":{"CO_CEP":803,"NM_CEP":"Rimouski"},"geometry":{"type":"MultiPolygon","coordinates":[[[[-68.402,48.5131],[-68.4005,48.5138],[-68.3252,48.4693],[-68.3269,48.4684],[-68.2737,48.4368],[-68.2994,48.4173],[-68.2927,48.4163],[-68.2878,48.4175],[-68.2814,48.4142],[-68.2784,48.4146],[-68.2714,48.4097],[-68.271,48.408],[-68.2642,48.4048],[-68.2594,48.3989],[-68.25,48.3935],[-68.2501,48.3905],[-68.2473,48.3897],[-68.2458,48.387],[-68.2341,48.3818],[-68.2288,48.3754],[-68.1831,48.3491],[-68.2577,48.2938],[-68.1415,48.2244],[-67.9504,48.0966],[-67.9504,48.0001],[-68.1229,48.0],[-68.1229,47.9164],[-68.3831,47.9165],[-68.3831,47.88],[-68.7684,48.1392],[-68.7654,48.1408],[-68.875,48.2109],[-68.9098,48.2327],[-68.9185,48.2269],[-68.923,48.2298],[-68.9271,48.227],[-68.9445,48.2376],[-68.9399,48.2406],[-68.9356,48.2378],[-68.9302,48.2426],[-68.9279,48.2429],[-68.9737,48.272],[-68.9506,48.2913],[-68.8879,48.3151],[-68.8772,48.3145],[-68.8652,48.3179],[-68.8585,48.3211],[-68.85,48.3285],[-68.8511,48.3322],[-68.8557,48.3329],[-68.8461,48.334],[-68.841,48.3372],[-68.8047,48.3478],[-68.8051,48.3515],[-68.8088,48.3544],[-68.8255,48.3509],[-68.8245,48.3562],[-68.8154,48.3624],[-68.8186,48.3657],[-68.8136,48.3679],[-68.8035,48.3684],[-68.7989,48.3657],[-68.7994,48.3624],[-68.7945,48.3591],[-68.7948,48.3558],[-68.7986,48.3521],[-68.7932,48.3513],[-68.7907,48.3545],[-68.7825,48.3566],[-68.7845,48.3532],[-68.7797,48.3535],[-68.7783,48.3585],[-68.7803,48.362],[-68.7689,48.3658],[-68.7713,48.37],[-68.7585,48.3747],[-68.754,48.3744],[-68.7633,48.3686],[-68.7626,48.3653],[-68.7575,48.3634],[-68.7554,48.3603],[-68.7566,48.357],[-68.7516,48.3562],[-68.7426,48.362],[-68.731,48.3664],[-68.726,48.37],[-68.7246,48.3735],[-68.7188,48.3718],[-68.7086,48.3757],[-68.7204,48.3746],[-68.7253,48.3757],[-68.7274,48.3788],[-68.6829,48.396],[-68.6728,48.3975],[-68.6704,48.393],[-68.648,48.4049],[-68.5994,48.4267],[-68.5951,48.43],[-68.5928,48.4341],[-68.5825,48.4412],[-68.5769,48.4429],[-68.5723,48.4409],[-68.5652,48.4416],[-68.5489,48.4452],[-68.5397,48.4455],[-68.5259,48.4542],[-68.519,48.4625],[-68.5196,48.4656],[-68.5136,48.4782],[-68.5091,48.4787],[-68.4936,48.4871],[-68.4928,48.491],[-68.4938,48.4939],[-68.4766,48.5036],[-68.4704,48.5053],[-68.4674,48.5118],[-68.4774,48.5098],[-68.4724,48.5132],[-68.4701,48.5176],[-68.4647,48.5177],[-68.4438,48.5272],[-68.4342,48.5271],[-68.427,48.5287],[-68.402,48.5131]]],[[[-68.5957,48.4561],[-68.601,48.4553],[-68.5866,48.4644],[-68.5601,48.4773],[-68.5442,48.4865],[-68.5458,48.482],[-68.5494,48.479],[-68.5957,48.4561]]],[[[-68.863,48.3903],[-68.8862,48.3865],[-68.8911,48.3889],[-68.8874,48.3922],[-68.8869,48.3958],[-68.8791,48.4018],[-68.8681,48.4054],[-68.8657,48.4086],[-68.8602,48.4112],[-68.8503,48.4134],[-68.8413,48.4172],[-68.8393,48.4126],[-68.8494,48.4089],[-68.8541,48.4057],[-68.8431,48.4043],[-68.8449,48.3994],[-68.8501,48.3959],[-68.863,48.3903]]]]}},{"type":"Feature","properties":{"CO_CEP":761,"NM_CEP":"Montmorency"},"geometry":{"type":"MultiPolygon","coordinates":[[[[-71.1923,46.948],[-71.1904,46.9426],[-71.1925,46.938],[-71.1687,46.9123],[-71.1724,46.9049],[-71.1696,46.9042],[-71.1702,46.9028],[-71.1673,46.8981],[-71.161,46.894],[-71.1558,46.896],[-71.152,46.8955],[-71.1481,46.893],[-71.147,46.8886],[-71.1443,46.8861],[-71.1441,46.8827],[-71.1545,46.8728],[-71.1545,46.869],[-71.1593,46.8678],[-71.1661,46.8605],[-71.1714,46.8574],[-71.1832,46.8533],[-71.1989,46.8503],[-71.2008,46.8556],[-71.1971,46.8608],[-71.201,46.8612],[-71.209,46.8655],[-71.2128,46.862],[-71.2632,46.9178],[-71.2851,46.9403],[-71.2229,46.9694],[-71.2707,47.0185],[-71.2078,47.0484],[-71.2163,47.0572],[-71.1837,47.073],[-71.1919,47.0827],[-71.1914,47.0854],[-71.1928,47.0873],[-71.1727,47.0878],[-71.1478,47.1034],[-71.0858,47.0507],[-71.096,47.0438],[-71.0978,47.0396],[-71.1047,47.0319],[-71.1159,47.0228],[-71.1176,47.017],[-71.1232,47.0106],[-71.132,47.0047],[-71.1311,47.0035],[-71.159,46.988],[-71.1723,46.9828],[-71.1916,46.9704],[-71.2053,46.9661],[-71.2028,46.9633],[-71.2017,46.959],[-71.1965,46.9543],[-71.1947,46.95],[-71.1923,46.948]]]]}},{"type":"Feature","properties":{"CO_CEP":571,"NM_CEP":"Mille-Îles"},"geometry":{"type":"MultiPolygon","coordinates":[[[[-73.5504,45.6991],[-73.5366,45.6966],[-73.5305,45.6986],[-73.5289,45.6978],[-73.5325,45.6945],[-73.5441,45.6884],[-73.5497,45.6783],[-73.5761,45.6626],[-73.5852,45.6596],[-73.6045,45.6497],[-73.6132,45.6465],[-73.6312,45.6342],[-73.6371,45.6287],[-73.6413,45.6199],[-73.6415,45.6145],[-73.6458,45.6034],[-73.6533,45.5967],[-73.6553,45.593],[-73.6658,45.5824],[-73.6704,45.5762],[-73.67,45.5731],[-73.6716,45.5702],[-73.6865,45.5836],[-73.6931,45.5886],[-73.6951,45.5883],[-73.6938,45.5901],[-73.6951,45.5913],[-73.6904,45.5947],[-73.7029,45.6114],[-73.7154,45.6226],[-73.681,45.6497],[-73.6834,45.652],[-73.6851,45.6519],[-73.6901,45.6623],[-73.6914,45.6825],[-73.6871,45.6848],[-73.6735,45.684],[-73.6621,45.6862],[-73.6578,45.6835],[-73.6471,45.6894],[-73.632,45.6882],[-73.6279,45.6889],[-73.6252,45.692],[-73.6146,45.6921],[-73.6026,45.6877],[-73.5586,45.6991],[-73.5504,45.6991]]],[[[-73.5374,45.6821],[-73.545,45.6796],[-73.5443,45.6833],[-73.5421,45.6863],[-73.5341,45.6905],[-73.532,45.6872],[-73.5374,45.6821]]],[[[-73.6593,45.6906],[-73.6528,45.6869],[-73.6585,45.6844],[-73.6595,45.688],[-73.6652,45.6883],[-73.6708,45.6853],[-73.6763,45.6855],[-73.6831,45.687],[-73.6894,45.6902],[-73.6855,45.693],[-73.6799,45.6932],[-73.6713,45.6933],[-73.6593,45.6906]]],[[[-73.681,45.6943],[-73.6809,45.6942],[-73.681,45.6942],[-73.681,45.6943]]]]}},{"type":"Feature","properties":{"CO_CEP":139,"NM_CEP":"Marie-Lacoste-Gérin-Lajoie"},"geometry":{"type":"MultiPolygon","coordinates":[[[[-72.6626,46.0104],[-72.6552,46.0067],[-72.6402,46.0037],[-72.6142,45.9885],[-72.5914,45.9793],[-72.578,45.9797],[-72.5664,45.9746],[-72.5535,45.9736],[-72.5516,45.967],[-72.542,45.9624],[-72.5395,45.9572],[-72.5365,45.9543],[-72.5198,45.9442],[-72.5534,45.9154],[-72.4844,45.8757],[-72.4739,45.8614],[-72.4186,45.8308],[-72.388,45.8556],[-72.3831,45.854],[-72.3718,45.8462],[-72.3656,45.8455],[-72.3548,45.8399],[-72.3519,45.8354],[-72.353,45.8246],[-72.3518,45.8213],[-72.3463,45.818],[-72.3371,45.8153],[-72.3318,45.8159],[-72.3198,45.8223],[-72.3171,45.8288],[-72.3184,45.8334],[-72.3167,45.8397],[-72.3134,45.8427],[-72.3074,45.8453],[-72.3007,45.8452],[-72.2826,45.8375],[-72.2688,45.8354],[-72.2676,45.8334],[-72.2696,45.8317],[-72.2813,45.8326],[-72.2917,45.8308],[-72.296,45.8276],[-72.2962,45.8235],[-72.2854,45.81],[-72.2834,45.8017],[-72.2743,45.7973],[-72.2676,45.7855],[-72.2609,45.7833],[-72.2537,45.7837],[-72.2447,45.7814],[-72.234,45.7684],[-72.2285,45.7644],[-72.2223,45.7536],[-72.2271,45.7562],[-72.2426,45.7448],[-72.2816,45.7107],[-72.3108,45.6885],[-72.2371,45.6463],[-72.2976,45.5894],[-72.3756,45.6329],[-72.5779,45.7525],[-72.5631,45.7659],[-72.5781,45.7753],[-72.5753,45.7777],[-72.6019,45.7926],[-72.6462,45.7558],[-72.6803,45.7758],[-72.7042,45.7588],[-72.853,45.864],[-72.8487,45.8747],[-72.854,45.8785],[-72.8505,45.8836],[-72.8393,45.8911],[-72.8382,45.8901],[-72.8362,45.8909],[-72.8366,45.8894],[-72.8319,45.8875],[-72.8323,45.8863],[-72.8212,45.8939],[-72.8196,45.8927],[-72.8013,45.9051],[-72.7999,45.905],[-72.7999,45.9066],[-72.7972,45.9054],[-72.794,45.9064],[-72.7526,45.943],[-72.793,45.9712],[-72.7918,45.9721],[-72.8047,45.981],[-72.7899,45.9921],[-72.8035,45.9974],[-72.8027,46.0112],[-72.7993,46.0145],[-72.7858,46.0107],[-72.7767,46.0115],[-72.7682,46.0095],[-72.7334,46.0329],[-72.7229,46.0274],[-72.7142,46.0256],[-72.6964,46.0185],[-72.6815,46.0165],[-72.6735,46.0128],[-72.6626,46.0104]]]]}},{"type":"Feature","properties":{"CO_CEP":657,"NM_CEP":"Pontiac"},"geometry":{"type":"MultiPolygon","coordinates":[[[[-77.4327,47.1447],[-77.0023,47.1453],[-77.0021,47.0005],[-76.7942,47.0004],[-76.7935,46.6466],[-76.7832,46.6482],[-76.7809,46.6455],[-76.7717,46.6461],[-76.7713,46.6503],[-76.7677,46.6521],[-76.7659,46.6564],[-76.758,46.6633],[-76.755,46.6587],[-76.7493,46.6555],[-76.7534,46.6451],[-76.7521,46.6381],[-76.7479,46.6411],[-76.7356,46.6451],[-76.7354,46.6483],[-76.725,46.6518],[-76.7242,46.6573],[-76.7228,46.6578],[-76.7155,46.657],[-76.7065,46.6516],[-76.7033,46.6544],[-76.6966,46.655],[-76.697,46.6598],[-76.6911,46.6621],[-76.6927,46.6664],[-76.6801,46.675],[-76.6784,46.6751],[-76.6705,46.6694],[-76.6573,46.6675],[-76.6481,46.6648],[-76.645,46.6625],[-76.6448,46.6568],[-76.63,46.6526],[-76.6283,46.6502],[-76.6159,46.6417],[-76.6096,46.6428],[-76.6108,46.6394],[-76.6153,46.6368],[-76.6208,46.6414],[-76.6325,46.6457],[-76.6398,46.6467],[-76.636,46.6436],[-76.6308,46.6357],[-76.6331,46.6301],[-76.6372,46.6326],[-76.6444,46.6348],[-76.6509,46.634],[-76.6597,46.6365],[-76.6647,46.6351],[-76.666,46.6373],[-76.6699,46.639],[-76.6715,46.6338],[-76.6698,46.6291],[-76.6716,46.627],[-76.6717,46.6229],[-76.6786,46.6233],[-76.6852,46.6159],[-76.6779,46.6082],[-76.6743,46.5989],[-76.6665,46.5937],[-76.667,46.5916],[-76.6654,46.588],[-76.6752,46.5879],[-76.687,46.5914],[-76.6838,46.5882],[-76.6863,46.5866],[-76.6863,46.5852],[-76.674,46.5798],[-76.6671,46.5797],[-76.6591,46.5768],[-76.6561,46.5675],[-76.6485,46.5576],[-76.6485,46.5542],[-76.6518,46.5532],[-76.6546,46.5501],[-76.6539,46.5478],[-76.6512,46.5458],[-76.6519,46.5435],[-76.6498,46.541],[-76.6508,46.54],[-76.6576,46.5385],[-76.6672,46.541],[-76.6716,46.5383],[-76.6439,46.5324],[-76.6437,46.5301],[-76.6449,46.5295],[-76.652,46.5305],[-76.6584,46.5293],[-76.6558,46.5253],[-76.6609,46.5253],[-76.6625,46.5179],[-76.6598,46.5153],[-76.6545,46.5146],[-76.6515,46.5112],[-76.6451,46.5105],[-76.6452,46.5085],[-76.6481,46.5065],[-76.6479,46.4954],[-76.6417,46.4964],[-76.6388,46.5016],[-76.6327,46.5045],[-76.6291,46.5048],[-76.6157,46.5018],[-76.6105,46.4878],[-76.6069,46.4853],[-76.6064,46.4828],[-76.6071,46.4799],[-76.6109,46.4758],[-76.6048,46.4773],[-76.6041,46.4748],[-76.6058,46.4721],[-76.6048,46.4707],[-76.5998,46.468],[-76.5968,46.4645],[-76.5884,46.4615],[-76.5884,46.4591],[-76.584,46.455],[-76.5793,46.4546],[-76.5732,46.4504],[-76.5699,46.4523],[-76.5581,46.448],[-76.5541,46.4449],[-76.559,46.4431],[-76.5597,46.4417],[-76.5516,46.4373],[-76.5511,46.4353],[-76.5553,46.4321],[-76.5521,46.4294],[-76.5496,46.4281],[-76.5334,46.4291],[-76.5256,46.4251],[-76.5262,46.4212],[-76.5231,46.4151],[-76.5222,46.4085],[-76.5261,46.4069],[-76.5237,46.4018],[-76.53,46.3992],[-76.5336,46.4023],[-76.5405,46.4023],[-76.5369,46.3994],[-76.5387,46.3957],[-76.5366,46.3928],[-76.532,46.3901],[-76.5219,46.3889],[-76.5265,46.3838],[-76.517,46.3726],[-76.5124,46.3737],[-76.5098,46.372],[-76.5098,46.3693],[-76.5143,46.3665],[-76.5085,46.3631],[-76.5082,46.3619],[-76.5184,46.3573],[-76.5138,46.3546],[-76.5147,46.3515],[-76.5073,46.3521],[-76.5036,46.3472],[-76.5038,46.3451],[-76.5005,46.3432],[-76.5139,46.3411],[-76.5333,46.3335],[-76.5433,46.3331],[-76.5484,46.33],[-76.5525,46.3252],[-76.5555,46.3243],[-76.5609,46.3285],[-76.5635,46.3289],[-76.5673,46.3274],[-76.5751,46.3303],[-76.5795,46.3341],[-76.5873,46.334],[-76.5943,46.3353],[-76.5927,46.3321],[-76.5934,46.3291],[-76.5905,46.3268],[-76.5905,46.3236],[-76.5973,46.317],[-76.5889,46.311],[-76.5864,46.3076],[-76.5771,46.3056],[-76.576,46.3013],[-76.5743,46.3001],[-76.5722,46.2994],[-76.5678,46.3027],[-76.562,46.3007],[-76.5612,46.2967],[-76.5563,46.294],[-76.5494,46.2873],[-76.5496,46.2857],[-76.5565,46.2847],[-76.5528,46.2818],[-76.5509,46.2776],[-76.5451,46.2741],[-76.542,46.2674],[-76.5394,46.2677],[-76.5291,46.263],[-76.5272,46.2588],[-76.5236,46.2577],[-76.5203,46.2511],[-76.5132,46.2495],[-76.5098,46.2461],[-76.4917,46.2423],[-76.4822,46.2412],[-76.4742,46.2422],[-76.4651,46.2455],[-76.4618,46.2449],[-76.4554,46.2487],[-76.4399,46.2528],[-76.4373,46.2559],[-76.4238,46.2538],[-76.409,46.2551],[-76.3979,46.2546],[-76.3667,46.282],[-76.3625,46.2839],[-76.3542,46.2796],[-76.3437,46.2836],[-76.3296,46.2761],[-76.3257,46.2762],[-76.3225,46.2742],[-76.3206,46.2756],[-76.3154,46.2751],[-76.3209,46.0959],[-76.3191,46.0237],[-76.2539,46.0241],[-76.1525,46.0221],[-76.1502,45.9416],[-76.1512,45.8042],[-76.3253,45.8005],[-76.3251,45.7099],[-76.3234,45.6681],[-76.1376,45.6827],[-76.1332,45.653],[-76.1195,45.5987],[-76.098,45.5992],[-76.0341,45.6047],[-76.0087,45.6083],[-75.9716,45.6097],[-75.9282,45.6138],[-75.9281,45.6046],[-75.9203,45.5639],[-75.9084,45.4804],[-75.8394,45.4857],[-75.8371,45.4703],[-75.8208,45.4717],[-75.8198,45.4691],[-75.821,45.4664],[-75.8191,45.4626],[-75.8223,45.4633],[-75.8179,45.4311],[-75.8147,45.426],[-75.8103,45.4226],[-75.8088,45.4154],[-75.8022,45.418],[-75.7994,45.4278],[-75.7971,45.4301],[-75.7826,45.4306],[-75.776,45.432],[-75.7736,45.4119],[-75.767,45.4141],[-75.7635,45.412],[-75.7704,45.4059],[-75.7783,45.401],[-75.7855,45.3939],[-75.7987,45.3859],[-75.7989,45.3823],[-75.8018,45.3814],[-75.8003,45.3762],[-75.8198,45.3732],[-75.8411,45.3734],[-75.8465,45.3747],[-75.9127,45.4201],[-75.9561,45.4569],[-75.9836,45.4758],[-76.0487,45.4984],[-76.0844,45.5143],[-76.0947,45.5173],[-76.1251,45.5191],[-76.1497,45.5153],[-76.1626,45.5147],[-76.1958,45.5185],[-76.2057,45.5179],[-76.2225,45.5141],[-76.2294,45.5113],[-76.2338,45.507],[-76.2381,45.4837],[-76.238,45.474],[-76.2391,45.4707],[-76.2431,45.4678],[-76.2481,45.4668],[-76.273,45.4689],[-76.2796,45.4669],[-76.3508,45.456],[-76.3755,45.4605],[-76.3926,45.4698],[-76.4277,45.4926],[-76.4422,45.499],[-76.4773,45.5052],[-76.4996,45.515],[-76.5121,45.5151],[-76.5251,45.5172],[-76.5786,45.5295],[-76.606,45.5324],[-76.631,45.5443],[-76.642,45.5515],[-76.6571,45.559],[-76.6646,45.5676],[-76.6738,45.584],[-76.6734,45.5945],[-76.6703,45.6],[-76.6735,45.6061],[-76.6695,45.6168],[-76.67,45.625],[-76.6742,45.629],[-76.6814,45.6309],[-76.6847,45.6333],[-76.6883,45.6405],[-76.6954,45.6503],[-76.7068,45.659],[-76.7095,45.665],[-76.708,45.6708],[-76.7034,45.6765],[-76.6905,45.679],[-76.6871,45.6844],[-76.6867,45.6879],[-76.6958,45.7003],[-76.6961,45.7026],[-76.6922,45.7075],[-76.6918,45.7103],[-76.7028,45.7163],[-76.7036,45.7209],[-76.7052,45.7218],[-76.7207,45.7195],[-76.7352,45.7231],[-76.7508,45.7241],[-76.7693,45.7337],[-76.7685,45.7365],[-76.7697,45.7417],[-76.7663,45.747],[-76.7707,45.7496],[-76.7683,45.7554],[-76.7805,45.7853],[-76.7767,45.793],[-76.7648,45.806],[-76.7697,45.8313],[-76.7647,45.85],[-76.7667,45.8531],[-76.7744,45.859],[-76.7783,45.8714],[-76.7805,45.8735],[-76.8036,45.8755],[-76.8413,45.891],[-76.8688,45.8913],[-76.8954,45.898],[-76.9238,45.8951],[-76.9288,45.8914],[-76.93,45.8886],[-76.926,45.8796],[-76.9233,45.8762],[-76.923,45.871],[-76.9185,45.8667],[-76.9106,45.8637],[-76.9068,45.8581],[-76.9028,45.8552],[-76.9027,45.8498],[-76.9059,45.8478],[-76.9122,45.847],[-76.9226,45.8489],[-76.9255,45.8464],[-76.9245,45.8415],[-76.9126,45.8201],[-76.9107,45.8143],[-76.9116,45.81],[-76.9154,45.8057],[-76.9258,45.7988],[-76.9445,45.7908],[-76.9723,45.7856],[-76.9822,45.7852],[-76.9919,45.7868],[-77.0056,45.7943],[-77.024,45.8066],[-77.0302,45.8081],[-77.0429,45.8078],[-77.0493,45.8096],[-77.0643,45.8253],[-77.0735,45.8312],[-77.0971,45.8385],[-77.1227,45.8413],[-77.1639,45.8623],[-77.1921,45.8684],[-77.1966,45.8704],[-77.2046,45.8788],[-77.2197,45.8995],[-77.2329,45.911],[-77.2358,45.9153],[-77.2358,45.9201],[-77.2371,45.9222],[-77.2493,45.9277],[-77.2589,45.9354],[-77.2681,45.9394],[-77.2733,45.9451],[-77.2791,45.9566],[-77.2876,45.98],[-77.2854,45.992],[-77.2779,46.0094],[-77.2777,46.0141],[-77.2824,46.0179],[-77.3017,46.0227],[-77.3145,46.0284],[-77.3777,46.065],[-77.4997,46.1219],[-77.5407,46.1422],[-77.5685,46.1579],[-77.6004,46.1705],[-77.6299,46.18],[-77.6691,46.1956],[-77.6772,46.1981],[-77.6806,46.1975],[-77.6883,46.1848],[-77.6942,46.1824],[-77.7258,46.1936],[-77.7346,46.1944],[-77.7759,46.193],[-77.7828,46.1947],[-77.8012,46.2027],[-77.8227,46.2037],[-77.8416,46.2064],[-77.8475,46.2149],[-77.8484,46.2229],[-77.8499,46.224],[-77.849,46.2259],[-77.8512,46.2249],[-77.8508,46.2276],[-77.8545,46.2323],[-77.8531,46.2351],[-77.8535,46.2383],[-77.85,46.2387],[-77.8498,46.2362],[-77.8482,46.2392],[-77.8491,46.2444],[-77.8467,46.2497],[-77.8496,46.2552],[-77.8484,46.2565],[-77.8498,46.2604],[-77.8512,46.2624],[-77.8527,46.2624],[-77.8545,46.2657],[-77.8506,46.2713],[-77.8532,46.2775],[-77.8501,46.2785],[-77.8415,46.2875],[-77.8416,46.2919],[-77.8459,46.2924],[-77.8463,46.2951],[-77.8408,46.2993],[-77.8405,46.3046],[-77.839,46.3072],[-77.8397,46.3088],[-77.8375,46.3105],[-77.8388,46.3145],[-77.8362,46.3174],[-77.8283,46.3205],[-77.8251,46.323],[-77.826,46.3329],[-77.8239,46.334],[-77.8224,46.3374],[-77.8201,46.3379],[-77.821,46.3365],[-77.8189,46.3382],[-77.8186,46.3414],[-77.8155,46.3435],[-77.811,46.3523],[-77.8067,46.357],[-77.7953,46.3641],[-77.79,46.3659],[-77.7884,46.365],[-77.7846,46.3661],[-77.7822,46.3703],[-77.7748,46.3724],[-77.7709,46.3793],[-77.7714,46.3813],[-77.7689,46.3837],[-77.7686,46.3866],[-77.7662,46.3896],[-77.749,46.3954],[-77.7523,46.3957],[-77.7507,46.3972],[-77.7482,46.3965],[-77.7414,46.3983],[-77.7442,46.3991],[-77.7457,46.3977],[-77.7463,46.3994],[-77.745,46.3998],[-77.7463,46.4005],[-77.7496,46.3979],[-77.7461,46.4007],[-77.7417,46.401],[-77.7411,46.4019],[-77.7431,46.4018],[-77.7414,46.4045],[-77.7401,46.4033],[-77.7424,46.408],[-77.7423,46.412],[-77.7435,46.4115],[-77.7469,46.4157],[-77.7499,46.4173],[-77.7508,46.417],[-77.7492,46.4162],[-77.7502,46.4164],[-77.7568,46.4213],[-77.7567,46.4227],[-77.7555,46.4215],[-77.755,46.4226],[-77.7611,46.4284],[-77.7604,46.4292],[-77.7623,46.4326],[-77.7635,46.4315],[-77.7613,46.4285],[-77.7654,46.4307],[-77.7655,46.432],[-77.7627,46.4338],[-77.7638,46.434],[-77.7625,46.4355],[-77.7627,46.4378],[-77.7591,46.4384],[-77.7596,46.4408],[-77.7661,46.4461],[-77.7634,46.4504],[-77.7661,46.4504],[-77.7648,46.449],[-77.7664,46.4456],[-77.7713,46.449],[-77.7722,46.4514],[-77.776,46.453],[-77.774,46.4546],[-77.7741,46.4566],[-77.7714,46.4578],[-77.7713,46.4604],[-77.7674,46.4581],[-77.7665,46.4588],[-77.7693,46.4614],[-77.7675,46.4619],[-77.7677,46.4634],[-77.7658,46.4625],[-77.7656,46.4651],[-77.7684,46.4669],[-77.7622,46.4753],[-77.7632,46.4743],[-77.7652,46.475],[-77.7619,46.478],[-77.7629,46.4807],[-77.7613,46.4827],[-77.7616,46.4883],[-77.7566,46.4917],[-77.759,46.493],[-77.7571,46.4973],[-77.7597,46.4978],[-77.7601,46.4989],[-77.7579,46.5005],[-77.7627,46.5029],[-77.756,46.505],[-77.7584,46.5131],[-77.7673,46.5172],[-77.7723,46.5164],[-77.7745,46.5185],[-77.777,46.5188],[-77.7779,46.5214],[-77.781,46.5214],[-77.7837,46.524],[-77.7827,46.526],[-77.7841,46.5276],[-77.7819,46.5271],[-77.7713,46.532],[-77.7676,46.5363],[-77.7682,46.5386],[-77.7667,46.5424],[-77.7689,46.5451],[-77.7711,46.5456],[-77.7723,46.5449],[-77.7716,46.5436],[-77.7733,46.5438],[-77.7787,46.5469],[-77.7784,46.5491],[-77.7808,46.5504],[-77.7812,46.5523],[-77.779,46.5578],[-77.7823,46.5601],[-77.7814,46.5623],[-77.7864,46.5661],[-77.7853,46.569],[-77.7884,46.5711],[-77.7849,46.5734],[-77.7841,46.5754],[-77.7786,46.5774],[-77.7763,46.5797],[-77.776,46.5774],[-77.7734,46.5798],[-77.7725,46.583],[-77.7745,46.5825],[-77.7764,46.58],[-77.774,46.5846],[-77.7768,46.5891],[-77.7813,46.5899],[-77.7851,46.6023],[-77.7879,46.606],[-77.792,46.6074],[-77.7942,46.6108],[-77.804,46.6112],[-77.8231,46.6217],[-77.8333,46.6233],[-77.8371,46.6301],[-77.8434,46.6319],[-77.8483,46.639],[-77.8524,46.6425],[-77.8563,46.6427],[-77.856,46.6456],[-77.8598,46.6517],[-77.8586,46.6534],[-77.8605,46.6565],[-77.8618,46.6565],[-77.8589,46.6593],[-77.8591,46.6604],[-77.8532,46.6615],[-77.8502,46.6639],[-77.8508,46.6664],[-77.8523,46.6659],[-77.8526,46.6687],[-77.8453,46.671],[-77.8431,46.6762],[-77.8357,46.6772],[-77.8337,46.6792],[-77.8339,46.682],[-77.8323,46.6828],[-77.8335,46.6862],[-77.8316,46.6868],[-77.8338,46.6877],[-77.8346,46.6896],[-77.8359,46.6888],[-77.8355,46.6914],[-77.8375,46.6955],[-77.8347,46.6966],[-77.8302,46.6953],[-77.8259,46.6976],[-77.8253,46.7002],[-77.8233,46.6994],[-77.8224,46.7011],[-77.8235,46.706],[-77.8192,46.7059],[-77.8175,46.71],[-77.8225,46.7146],[-77.8197,46.714],[-77.8198,46.7157],[-77.8288,46.721],[-77.8247,46.7234],[-77.826,46.7254],[-77.825,46.7261],[-77.8285,46.73],[-77.8282,46.7329],[-77.8291,46.7331],[-77.8251,46.7369],[-77.8249,46.7386],[-77.8273,46.7429],[-77.8296,46.7439],[-77.8285,46.7465],[-77.8306,46.7482],[-77.8299,46.7522],[-77.8324,46.753],[-77.8318,46.7545],[-77.8296,46.7548],[-77.8335,46.757],[-77.8301,46.7575],[-77.829,46.76],[-77.833,46.7613],[-77.8322,46.7626],[-77.8287,46.7646],[-77.827,46.7591],[-77.8254,46.7597],[-77.826,46.7626],[-77.825,46.7638],[-77.8281,46.7642],[-77.8326,46.7708],[-77.8368,46.7719],[-77.8354,46.7729],[-77.8383,46.7736],[-77.8317,46.7774],[-77.8318,46.7821],[-77.8332,46.7831],[-77.8329,46.7848],[-77.8357,46.7875],[-77.8357,46.7896],[-77.8374,46.7918],[-77.8352,46.7978],[-77.8315,46.8003],[-77.8334,46.8006],[-77.8296,46.8026],[-77.8313,46.8028],[-77.8295,46.8052],[-77.8319,46.8074],[-77.8368,46.8081],[-77.8343,46.8097],[-77.8308,46.8096],[-77.8307,46.8073],[-77.8271,46.805],[-77.8211,46.8068],[-77.8193,46.8106],[-77.821,46.8142],[-77.8232,46.815],[-77.8235,46.817],[-77.8214,46.8183],[-77.8206,46.8214],[-77.8282,46.825],[-77.8342,46.8304],[-77.8411,46.8317],[-77.8413,46.83],[-77.8341,46.8275],[-77.832,46.8248],[-77.8263,46.8234],[-77.8274,46.8176],[-77.8323,46.8161],[-77.8459,46.8192],[-77.8482,46.8122],[-77.8491,46.8135],[-77.8482,46.8141],[-77.8499,46.8134],[-77.8509,46.8143],[-77.8495,46.8124],[-77.8522,46.8135],[-77.8517,46.8151],[-77.8525,46.8137],[-77.8523,46.8149],[-77.8498,46.8165],[-77.8484,46.8157],[-77.8492,46.8208],[-77.8516,46.8216],[-77.855,46.8208],[-77.8561,46.822],[-77.8561,46.8203],[-77.8549,46.8203],[-77.8538,46.8184],[-77.855,46.8182],[-77.8569,46.8194],[-77.8579,46.8242],[-77.86,46.8235],[-77.8612,46.8206],[-77.8633,46.8197],[-77.876,46.8246],[-77.8785,46.8242],[-77.8796,46.8222],[-77.8832,46.8218],[-77.8952,46.8298],[-77.8935,46.8316],[-77.8923,46.8296],[-77.8892,46.8286],[-77.8915,46.8313],[-77.8909,46.8331],[-77.8895,46.8312],[-77.885,46.8312],[-77.8781,46.8278],[-77.8762,46.8285],[-77.8786,46.8304],[-77.8753,46.8305],[-77.8845,46.8336],[-77.8887,46.8368],[-77.8845,46.8372],[-77.8855,46.839],[-77.8866,46.8381],[-77.8889,46.8393],[-77.8923,46.8439],[-77.8916,46.8468],[-77.895,46.8495],[-77.8898,46.8482],[-77.8932,46.8505],[-77.8938,46.8515],[-77.8923,46.8535],[-77.8949,46.8552],[-77.8922,46.858],[-77.8858,46.8571],[-77.8849,46.8612],[-77.8819,46.8635],[-77.8831,46.8672],[-77.8803,46.8728],[-77.8838,46.8759],[-77.8809,46.8785],[-77.884,46.8793],[-77.881,46.8801],[-77.8791,46.8827],[-77.8843,46.8831],[-77.8841,46.8847],[-77.8866,46.8854],[-77.8877,46.888],[-77.882,46.8957],[-77.8802,46.9004],[-77.8734,46.904],[-77.8728,46.9069],[-77.8695,46.9082],[-77.8686,46.911],[-77.8641,46.9161],[-77.8604,46.918],[-77.8583,46.9263],[-77.858,46.9403],[-77.8561,46.9412],[-77.8508,46.9394],[-77.8485,46.9366],[-77.8454,46.9286],[-77.8449,46.9121],[-77.8435,46.911],[-77.8449,46.908],[-77.8437,46.9059],[-77.8454,46.9044],[-77.8445,46.902],[-77.8457,46.9017],[-77.8508,46.8915],[-77.8496,46.8887],[-77.8506,46.8882],[-77.8485,46.885],[-77.8498,46.8839],[-77.8487,46.8786],[-77.8495,46.8722],[-77.8437,46.8717],[-77.8472,46.8726],[-77.8477,46.8754],[-77.8464,46.877],[-77.8461,46.8815],[-77.8483,46.8812],[-77.8485,46.8823],[-77.847,46.8846],[-77.8451,46.8841],[-77.8456,46.8862],[-77.8443,46.8858],[-77.8438,46.8871],[-77.8458,46.888],[-77.8425,46.8999],[-77.8435,46.902],[-77.8416,46.9032],[-77.8405,46.9067],[-77.8418,46.9089],[-77.8394,46.9122],[-77.8392,46.9153],[-77.8353,46.917],[-77.8353,46.9241],[-77.8338,46.9259],[-77.834,46.9278],[-77.8371,46.9307],[-77.8359,46.932],[-77.8363,46.9341],[-77.8378,46.9343],[-77.8427,46.9408],[-77.8433,46.9573],[-77.8413,46.9593],[-77.8406,46.9626],[-77.8361,46.9661],[-77.8374,46.9679],[-77.8402,46.9677],[-77.8421,46.9697],[-77.8445,46.9794],[-77.8435,46.9833],[-77.8453,46.985],[-77.8435,46.9932],[-77.8448,46.995],[-77.8423,46.9959],[-77.8372,47.0047],[-77.8348,47.006],[-77.8284,47.0148],[-77.8305,47.0152],[-77.8329,47.0128],[-77.8341,47.0131],[-77.8335,47.0195],[-77.8351,47.0195],[-77.8406,47.0139],[-77.8435,47.0145],[-77.8447,47.0129],[-77.8432,47.0119],[-77.8446,47.0112],[-77.8437,47.0089],[-77.847,47.0053],[-77.85,47.0109],[-77.8498,47.0136],[-77.8487,47.0137],[-77.8505,47.0175],[-77.8485,47.0189],[-77.8488,47.0211],[-77.8464,47.0216],[-77.8457,47.034],[-77.8442,47.0355],[-77.845,47.0397],[-77.8411,47.0408],[-77.8406,47.0432],[-77.8331,47.0455],[-77.8342,47.0496],[-77.8381,47.0529],[-77.8368,47.0542],[-77.8335,47.0545],[-77.8325,47.0574],[-77.8279,47.0602],[-77.8278,47.0661],[-77.8299,47.0668],[-77.8299,47.0735],[-77.8281,47.0794],[-77.8311,47.0861],[-77.8365,47.089],[-77.8333,47.0911],[-77.8347,47.0919],[-77.8329,47.0924],[-77.8342,47.0942],[-77.8331,47.099],[-77.8344,47.0997],[-77.8332,47.0997],[-77.834,47.1014],[-77.8308,47.1051],[-77.8324,47.1058],[-77.8262,47.1082],[-77.8281,47.1087],[-77.8346,47.1063],[-77.8354,47.1068],[-77.834,47.1084],[-77.8361,47.1089],[-77.8383,47.1068],[-77.8402,47.1073],[-77.839,47.1046],[-77.8429,47.1034],[-77.8446,47.1034],[-77.8448,47.1052],[-77.8473,47.1051],[-77.8447,47.1067],[-77.8453,47.1092],[-77.8429,47.1094],[-77.8427,47.1104],[-77.8462,47.1132],[-77.8455,47.115],[-77.8465,47.1156],[-77.8416,47.1198],[-77.8443,47.1208],[-77.8455,47.123],[-77.8445,47.1234],[-77.8452,47.1249],[-77.8426,47.1274],[-77.8454,47.1302],[-77.8435,47.1316],[-77.8461,47.1397],[-77.8453,47.1417],[-77.8511,47.1419],[-77.8528,47.1434],[-77.8494,47.1453],[-77.8529,47.1449],[-77.8539,47.1463],[-77.8499,47.1485],[-77.8483,47.1481],[-77.8471,47.1498],[-77.8515,47.1526],[-77.8517,47.1544],[-77.8485,47.1566],[-77.8532,47.1598],[-77.852,47.1632],[-77.8541,47.1668],[-77.8563,47.1676],[-77.854,47.1674],[-77.8551,47.1722],[-77.8532,47.1755],[-77.8494,47.1783],[-77.8511,47.1795],[-77.8523,47.1837],[-77.8513,47.1886],[-77.8525,47.1918],[-77.8507,47.1928],[-77.8504,47.1948],[-77.8523,47.1978],[-77.8516,47.1995],[-77.8547,47.2032],[-77.8555,47.2068],[-77.8572,47.2075],[-77.8573,47.2092],[-77.8557,47.2088],[-77.8545,47.2115],[-77.8573,47.2126],[-77.8554,47.2132],[-77.8566,47.2146],[-77.8568,47.217],[-77.8559,47.2171],[-77.8573,47.2184],[-77.8563,47.2188],[-77.8576,47.2192],[-77.8565,47.2199],[-77.8573,47.2213],[-77.8562,47.2252],[-77.8584,47.2363],[-77.8619,47.2386],[-77.8613,47.2403],[-77.8658,47.2428],[-77.8788,47.2453],[-77.9012,47.2433],[-77.9039,47.2473],[-77.9151,47.2507],[-77.9185,47.2533],[-77.9195,47.2544],[-77.9187,47.2549],[-77.9171,47.2538],[-77.9151,47.255],[-77.9161,47.2563],[-77.9183,47.2562],[-77.9183,47.2574],[-77.915,47.2584],[-77.9243,47.2636],[-77.9238,47.2649],[-77.9257,47.2677],[-77.9275,47.2675],[-77.9291,47.2637],[-77.929,47.2663],[-77.9313,47.2694],[-77.6473,47.2693],[-77.6473,47.2903],[-77.4326,47.2903],[-77.4327,47.1447]]]]}},{"type":"Feature","properties":{"CO_CEP":581,"NM_CEP":"Deux-Montagnes"},"geometry":{"type":"MultiPolygon","coordinates":[[[[-73.9333,45.6193],[-73.9331,45.6166],[-73.9163,45.6058],[-73.9053,45.613],[-73.9053,45.6115],[-73.9009,45.6103],[-73.9008,45.607],[-73.8962,45.6066],[-73.8965,45.617],[-73.8804,45.6066],[-73.8803,45.6024],[-73.8751,45.5971],[-73.87,45.6],[-73.8497,45.5876],[-73.8478,45.5892],[-73.8408,45.5831],[-73.8559,45.5807],[-73.856,45.5777],[-73.8584,45.574],[-73.863,45.573],[-73.8745,45.5659],[-73.8844,45.5624],[-73.8885,45.5559],[-73.891,45.5485],[-73.8906,45.5447],[-73.8821,45.5365],[-73.8922,45.5308],[-73.9089,45.5311],[-73.9278,45.5447],[-73.9323,45.5442],[-73.9321,45.5433],[-73.9343,45.543],[-73.934,45.5418],[-73.9376,45.5424],[-73.9529,45.5405],[-73.9571,45.5389],[-73.9707,45.5379],[-73.9712,45.5399],[-73.9735,45.5396],[-73.9717,45.5328],[-74.0188,45.5669],[-74.0195,45.5656],[-74.0258,45.5675],[-74.0204,45.5775],[-74.0161,45.5773],[-74.0162,45.5755],[-74.0131,45.5757],[-74.0118,45.5771],[-74.0096,45.577],[-74.0119,45.5782],[-74.0103,45.5787],[-74.0112,45.5797],[-74.0041,45.579],[-74.0033,45.5773],[-73.9986,45.578],[-73.9984,45.576],[-73.9919,45.5772],[-73.9885,45.5751],[-73.9893,45.5732],[-73.9876,45.572],[-73.9781,45.5815],[-73.9824,45.5957],[-73.9826,45.5997],[-73.9802,45.6023],[-73.9611,45.6048],[-73.9612,45.6061],[-73.9596,45.6062],[-73.9564,45.6047],[-73.9529,45.6054],[-73.9506,45.6024],[-73.9513,45.6167],[-73.9447,45.6217],[-73.9445,45.6187],[-73.9333,45.6193]]]]}},{"type":"Feature","properties":{"CO_CEP":681,"NM_CEP":"Abitibi-Ouest"},"geometry":{"type":"MultiPolygon","coordinates":[[[[-79.0535,49.0095],[-79.0535,49.0],[-77.0595,49.0001],[-77.0628,48.9892],[-77.0601,48.9688],[-77.0607,48.9654],[-77.0635,48.9624],[-77.0728,48.9578],[-77.0939,48.9542],[-77.1121,48.9438],[-77.1177,48.9352],[-77.1175,48.9129],[-77.1311,48.9008],[-77.1355,48.8773],[-77.142,48.8638],[-77.1399,48.8613],[-77.1265,48.8591],[-77.1195,48.8543],[-77.1158,48.844],[-77.111,48.8387],[-77.1112,48.836],[-77.1271,48.8175],[-77.1263,48.8032],[-77.1181,48.7925],[-77.1058,48.7863],[-77.1047,48.7791],[-77.1089,48.7717],[-77.1097,48.7649],[-77.0936,48.7496],[-77.09,48.74],[-77.0864,48.7351],[-77.0841,48.7263],[-77.0854,48.723],[-77.0928,48.7171],[-77.0972,48.7066],[-77.0968,48.6758],[-77.0939,48.6669],[-77.1001,48.6414],[-77.1274,48.6104],[-77.1275,48.5846],[-77.1357,48.5751],[-77.344,48.5748],[-77.3441,48.5036],[-77.5607,48.5033],[-77.5606,48.2874],[-78.0611,48.2875],[-78.0648,48.2778],[-78.0723,48.2697],[-78.1042,48.2589],[-78.1112,48.2579],[-78.1291,48.2603],[-78.1566,48.2613],[-78.1687,48.2583],[-78.2234,48.2583],[-78.2234,48.2983],[-78.2718,48.2984],[-78.272,48.3006],[-78.2789,48.3056],[-78.2778,48.3078],[-78.2818,48.3111],[-78.283,48.318],[-78.2822,48.3221],[-78.2783,48.3265],[-78.2742,48.339],[-78.2925,48.341],[-78.3076,48.3485],[-78.3144,48.3496],[-78.3237,48.3468],[-78.3298,48.343],[-78.3504,48.323],[-78.3698,48.3064],[-78.3929,48.296],[-78.401,48.2939],[-78.4189,48.2925],[-78.4295,48.2877],[-78.4297,48.2479],[-78.5409,48.2479],[-78.5406,48.4304],[-78.6468,48.4305],[-78.6471,48.575],[-78.6793,48.5749],[-78.6885,48.5711],[-78.6947,48.5717],[-78.7104,48.5702],[-78.7103,48.5543],[-78.7879,48.554],[-78.7878,48.5611],[-78.8649,48.5615],[-78.8647,48.5749],[-79.0272,48.5749],[-79.0271,48.5611],[-79.0824,48.561],[-79.0824,48.43],[-79.5175,48.4305],[-79.5178,49.0091],[-79.0535,49.0095]]]]}}]}